,rmses,IR_rmses,rater0_sample_top_dice,rater0_sample_best_avd,rater1_sample_top_dice,rater1_sample_best_avd,GED_vol_sorted,GED_dice_sorted,rater0_best_dice_dsorted_ss25,rater1_best_dice_dsorted_ss25,mean_gt_vols
0,0.33374837040901184,0.38851413130760193,0.52517056,5.5724034,0.769184,22.652678,0.382169,0.38215882658958444,0.5305748581886292,0.7730734348297119,3177.5
1,0.2946653664112091,0.35825276374816895,0.72534895,8.37857,0.8251858,14.815485,0.26968384,0.2696726884444554,0.7299549579620361,0.8294596672058105,4882.5
2,0.3407239019870758,0.3629182279109955,0.3608769,51.271187,0.52310926,29.307281,0.6030728,0.6030409477154415,0.3720930218696594,0.5343347787857056,399.5
3,0.34311848878860474,0.375228613615036,0.5979853,8.521739,0.7179697,25.44295,0.46990618,0.4698694006601969,0.6047794222831726,0.7263803482055664,1280.5
4,0.3711255192756653,0.4007568955421448,0.6521431,33.05736,0.586631,56.595093,0.602066,0.6020458825429281,0.6545648574829102,0.5879517793655396,4299.0
5,0.34164997935295105,0.41807129979133606,0.5544127,51.56058,0.70278126,31.05981,0.5423874,0.5423773084084194,0.5574750900268555,0.7073018550872803,3464.0
6,0.3226722776889801,0.42550405859947205,0.36823106,55.421684,0.53646475,53.667267,0.71912473,0.7191331166028976,0.3757575750350952,0.5414091348648071,570.0
7,0.3247113823890686,0.33851397037506104,0.7669638,11.209239,0.74899733,22.936321,0.40374193,0.4037248367071152,0.7709618806838989,0.7540214657783508,3168.0
8,0.3364969789981842,0.4176323115825653,0.5399738,57.737724,0.7117611,29.240376,0.49871305,0.4986981676022213,0.5423877239227295,0.7177444100379944,2570.0
9,0.42347851395606995,0.43143829703330994,0.39410394,71.48554,0.51714754,55.03145,0.8234011,0.8233881560961406,0.3961089551448822,0.5230262875556946,1639.0
