,rmses,IR_rmses,rater0_sample_top_dice,rater0_sample_best_avd,rater1_sample_top_dice,rater1_sample_best_avd,GED_vol_sorted,GED_dice_sorted,rater0_best_dice_dsorted_ss3,rater1_best_dice_dsorted_ss3,mean_gt_vols
0,0.3305045962333679,0.39825552701950073,0.51461315,1.5542077,0.73424137,30.131826,0.28767717,0.28698280453681935,0.5253731608390808,0.7377862930297852,3177.5
1,0.30106794834136963,0.3748469948768616,0.7129104,0.8260562,0.7791837,22.720695,0.20146275,0.20050588250160217,0.7264255285263062,0.790259063243866,4882.5
2,0.3114396333694458,0.34147942066192627,0.36335877,47.881355,0.58641446,6.5719357,0.16309293,0.15696259836355853,0.39083969593048096,0.65625,399.5
3,0.4097415506839752,0.4085831642150879,0.5145766,12.086956,0.64244425,28.34869,0.36281386,0.35092449684937804,0.5540950298309326,0.6652360558509827,1280.5
4,0.3949308395385742,0.42810457944869995,0.6394984,30.218807,0.58606124,54.754604,0.42944852,0.42804597814877837,0.6540992259979248,0.5926812887191772,4299.0
5,0.39887869358062744,0.44192609190940857,0.5399657,56.721558,0.65584415,38.405037,0.43883643,0.4385529061158499,0.5413585305213928,0.6601434946060181,3464.0
6,0.3607865273952484,0.4097515642642975,0.3830228,33.73494,0.5635593,31.127012,0.40457588,0.39997441073258716,0.4112359583377838,0.5856353640556335,570.0
7,0.40569189190864563,0.39956575632095337,0.71069807,28.226904,0.69064486,37.706367,0.38994566,0.388021469116211,0.7152000069618225,0.6941845417022705,3168.0
8,0.3946247696876526,0.4419894814491272,0.48294678,63.331264,0.6666667,38.605618,0.43479007,0.43345028658707946,0.4850011467933655,0.675570011138916,2570.0
9,0.3502129316329956,0.44187283515930176,0.53300035,60.269196,0.68148863,37.342766,0.40421173,0.4038908382256826,0.5384340286254883,0.6902307271957397,1639.0
