,rmses,IR_rmses,rater0_sample_top_dice,rater0_sample_best_avd,rater1_sample_top_dice,rater1_sample_best_avd,GED_vol_sorted,GED_dice_sorted,rater0_best_dice_dsorted_ss7,rater1_best_dice_dsorted_ss7,mean_gt_vols
0,0.3343752324581146,0.40263426303863525,0.53934216,1.9332829,0.7798815,4.6273875,0.117141366,0.11126924980254405,0.5567123293876648,0.8070125579833984,3177.5
1,0.299735963344574,0.3802593946456909,0.71495986,0.04720321,0.80721426,6.421852,0.090552375,0.0855312134538378,0.7490524649620056,0.841336727142334,4882.5
2,0.3638646602630615,0.3688192069530487,0.38377535,3.8135593,0.63706565,0.1776199,0.025151359,0.015924838327226132,0.4479166567325592,0.7010869383811951,399.5
3,0.3424813747406006,0.38784417510032654,0.5809859,2.4347827,0.7279905,6.945429,0.16115704,0.14648321767648054,0.660287082195282,0.7857142686843872,1280.5
4,0.3054391145706177,0.4107400178909302,0.7218953,4.0508575,0.74546933,11.694785,0.15076496,0.13671100849197027,0.7583181858062744,0.7683554887771606,4299.0
5,0.33904510736465454,0.42314964532852173,0.6266705,27.131975,0.71935725,3.7075899,0.22519374,0.21756911135855184,0.6560975313186646,0.7567669749259949,3464.0
6,0.30833739042282104,0.39559435844421387,0.45918366,2.4096384,0.6404255,6.4400716,0.10872457,0.08616773713202708,0.5417925715446472,0.7142857313156128,570.0
7,0.30881839990615845,0.36961665749549866,0.77451134,0.64538044,0.7945409,1.2676888,0.123994455,0.11085067050797592,0.7997284531593323,0.8125190734863281,3168.0
8,0.3244527280330658,0.42851653695106506,0.60713625,31.91423,0.7437681,13.995838,0.1717929,0.16407899203754606,0.6354126334190369,0.7843468189239502,2570.0
9,0.29039984941482544,0.43007659912109375,0.6304348,30.309072,0.7275168,9.905661,0.20416059,0.1954937548864455,0.655606746673584,0.7595698833465576,1639.0
