,rmses,IR_rmses,rater0_sample_top_dice,rater0_sample_best_avd,rater1_sample_top_dice,rater1_sample_best_avd,GED_vol_sorted,GED_dice_sorted,rater0_best_dice_dsorted_ss20,rater1_best_dice_dsorted_ss20,mean_gt_vols
0,0.3294842541217804,0.39165937900543213,0.78667593,2.3405974,0.5384757,2.236543,0.116099745,0.10634824006181004,0.821204662322998,0.5722379684448242,3177.5
1,0.30214452743530273,0.37158289551734924,0.8121291,0.92257595,0.71202236,1.3688931,0.10993885,0.10500601694772116,0.8445649147033691,0.7530364394187927,4882.5
2,0.34512394666671753,0.34619075059890747,0.68333334,1.0657194,0.3484163,5.508475,0.07714777,0.07182831417180979,0.7455830574035645,0.5023847222328186,399.5
3,0.34008118510246277,0.38002070784568787,0.7452862,0.0,0.5802216,1.5652174,0.15124388,0.136532643966769,0.7975009083747864,0.6770462393760681,1280.5
4,0.3281041383743286,0.40069127082824707,0.7571458,3.4700918,0.71307087,2.069781,0.1503034,0.13998030596657812,0.7868921160697937,0.7608303427696228,4299.0
5,0.34301698207855225,0.41693514585494995,0.72627676,2.0636587,0.66288394,0.7618579,0.18824735,0.17108799913211875,0.7634310722351074,0.7068690061569214,3464.0
6,0.32863354682922363,0.40419167280197144,0.6484848,0.35778174,0.49129593,3.4423406,0.16978522,0.12578315638790005,0.7400000095367432,0.5813491940498352,570.0
7,0.32400184869766235,0.36348941922187805,0.77626663,2.7417452,0.7769064,0.6793478,0.16447522,0.14491751703776812,0.8060063719749451,0.8109435439109802,3168.0
8,0.3332553803920746,0.42075496912002563,0.7398649,0.83246624,0.63105726,3.3250465,0.14047222,0.1142406661651636,0.7677624821662903,0.6900317072868347,2570.0
9,0.3368852138519287,0.4317358136177063,0.72003424,2.0440252,0.6223862,21.884348,0.18869467,0.175224122699154,0.7767819166183472,0.6542519927024841,1639.0
