,rmses,IR_rmses,rater0_sample_top_dice,rater0_sample_best_avd,rater1_sample_top_dice,rater1_sample_best_avd,GED_vol_sorted,GED_dice_sorted,rater0_best_dice_dsorted_ss7,rater1_best_dice_dsorted_ss7,mean_gt_vols
0,0.32911425828933716,0.390656054019928,0.72389513,20.419693,0.49428162,0.49279755,0.27916119,0.27679717398825154,0.7399075627326965,0.5263783931732178,3177.5
1,0.3146250545978546,0.3666130304336548,0.79174006,15.159189,0.70486635,2.2421525,0.19991837,0.1982178177152361,0.8111436367034912,0.7337093353271484,4882.5
2,0.3312161862850189,0.3314749002456665,0.5609065,0.3552398,0.33006537,59.322037,0.22265115,0.21830993961720235,0.655142605304718,0.3854748606681824,399.5
3,0.3650236427783966,0.3919522166252136,0.6666667,12.048193,0.52068806,7.9130435,0.34705997,0.33783787630853196,0.7091055512428284,0.5919153094291687,1280.5
4,0.36071646213531494,0.4033227264881134,0.6783738,40.605827,0.6861111,8.397398,0.34013808,0.3389574488004048,0.6829685568809509,0.7155172228813171,4299.0
5,0.34971025586128235,0.42037346959114075,0.67617273,23.679607,0.5458754,46.37503,0.39716116,0.39504658182462055,0.6962051391601562,0.5613632798194885,3464.0
6,0.30494600534439087,0.39969292283058167,0.6524272,15.742397,0.4581749,12.908777,0.23085664,0.21102411548296612,0.7095391154289246,0.5041841268539429,570.0
7,0.36451175808906555,0.3726638853549957,0.6957414,27.623821,0.713095,16.610054,0.35944638,0.3574607897372474,0.7126885652542114,0.7481181025505066,3168.0
8,0.35829663276672363,0.4183489680290222,0.71383196,8.740895,0.56436044,45.494095,0.27716333,0.2687385479609172,0.7608888745307922,0.5914249420166016,2570.0
9,0.34522944688796997,0.4113802909851074,0.6986175,18.08176,0.55446196,48.055832,0.34314,0.3377373956498645,0.7189542651176453,0.5747978687286377,1639.0
