,rmses,IR_rmses,rater0_sample_top_dice,rater0_sample_best_avd,rater1_sample_top_dice,rater1_sample_best_avd,GED_vol_sorted,GED_dice_sorted,rater0_best_dice_dsorted_ss25,rater1_best_dice_dsorted_ss25,mean_gt_vols
0,0.3296237885951996,0.38996198773384094,0.5083871,0.79605764,0.75070274,12.644606,0.26838884,0.2640922143061955,0.5577628016471863,0.785953164100647,3177.5
1,0.31512251496315,0.36654162406921387,0.70718986,0.4248289,0.7977834,10.003618,0.21201517,0.20926405727863315,0.7465753555297852,0.8244696855545044,4882.5
2,0.32912683486938477,0.3332560658454895,0.33781764,23.728813,0.562724,0.5328597,0.23727615,0.22869764417409905,0.42040184140205383,0.6920415163040161,399.5
3,0.35700109601020813,0.3895345628261566,0.55039114,1.5652174,0.6708612,6.5910707,0.34370664,0.3288615400592486,0.646976113319397,0.7583497166633606,1280.5
4,0.3564673364162445,0.401705265045166,0.6883198,4.3465405,0.6872727,31.288343,0.34218523,0.3362949437896411,0.7321457266807556,0.7115972638130188,4299.0
5,0.3539183735847473,0.41872549057006836,0.5723968,40.4522,0.6893185,15.250087,0.38383856,0.38113586922486625,0.6018384099006653,0.7160000205039978,3464.0
6,0.2979292571544647,0.39988142251968384,0.45564517,1.2048192,0.6726727,4.293381,0.26368642,0.25223424027363467,0.5309917330741882,0.7329949140548706,570.0
7,0.3665032684803009,0.37458527088165283,0.7320781,3.362772,0.71476674,16.126179,0.34822562,0.3438221765557925,0.7696587443351746,0.7427990436553955,3168.0
8,0.3616081476211548,0.4189680814743042,0.555342,38.28465,0.71226275,3.329865,0.31678107,0.30833290735880536,0.598961591720581,0.7732697129249573,2570.0
9,0.34705519676208496,0.41081011295318604,0.5633144,44.1675,0.70358306,11.949685,0.35345432,0.348919527431329,0.5874543786048889,0.7547857761383057,1639.0
