,rmses,IR_rmses,rater0_sample_top_dice,rater0_sample_best_avd,rater1_sample_top_dice,rater1_sample_best_avd,GED_vol_sorted,GED_dice_sorted,rater0_best_dice_dsorted_ss15,rater1_best_dice_dsorted_ss15,mean_gt_vols
0,0.33420178294181824,0.3972427546977997,0.5338718,0.26535255,0.7920323,1.9639494,0.12902683,0.12322575308027733,0.5655509233474731,0.8117812275886536,3177.5
1,0.29974251985549927,0.3756134510040283,0.71075356,0.49563372,0.81221485,1.6280751,0.106707886,0.1010928210758027,0.7517863512039185,0.8500515222549438,4882.5
2,0.34040725231170654,0.3475561738014221,0.3858093,2.9661016,0.6692836,2.4866786,0.036775045,0.024573662309419486,0.48745518922805786,0.7306088209152222,399.5
3,0.34455612301826477,0.3816736936569214,0.5967742,0.5217391,0.76760304,0.56697375,0.15466294,0.14759241527035116,0.6672144532203674,0.7907964587211609,1280.5
4,0.31864506006240845,0.4069594740867615,0.70396066,2.3654642,0.7522365,2.8374233,0.1798266,0.16736648792312264,0.763514518737793,0.7927111983299255,4299.0
5,0.3434194028377533,0.42139679193496704,0.66072637,17.965103,0.7264753,2.3084993,0.19998169,0.19473132945242383,0.6787394881248474,0.770436704158783,3464.0
6,0.32543402910232544,0.41148680448532104,0.45286885,6.884681,0.6473988,3.2200358,0.1812533,0.15250419718878616,0.5267938375473022,0.7230614423751831,570.0
7,0.3176043927669525,0.3684350550174713,0.7840422,1.4266305,0.77801657,4.2158017,0.15647441,0.14225769497099383,0.8137444853782654,0.8156049847602844,3168.0
8,0.33393096923828125,0.4253884553909302,0.6572628,14.947171,0.7430183,0.8844953,0.15282267,0.14349711040655766,0.6823737621307373,0.7829833030700684,2570.0
9,0.3148795962333679,0.43273165822029114,0.6221599,22.28315,0.7314383,1.7295597,0.21538877,0.20657194398698359,0.6558656096458435,0.7716535329818726,1639.0
