,rmses,IR_rmses,rater0_sample_top_dice,rater0_sample_best_avd,rater1_sample_top_dice,rater1_sample_best_avd,GED_vol_sorted,GED_dice_sorted,rater0_best_dice_dsorted_ss25,rater1_best_dice_dsorted_ss25,mean_gt_vols
0,0.3305045962333679,0.39825552701950073,0.51569754,1.3267627,0.75436485,21.253698,0.28918487,0.2875394099950791,0.550049364566803,0.7743232846260071,3177.5
1,0.30106794834136963,0.3748469948768616,0.71648985,0.61364174,0.79949605,13.332127,0.20352605,0.20242132643858596,0.7432317733764648,0.8227759599685669,4882.5
2,0.3114396333694458,0.34147942066192627,0.4090909,12.711864,0.6437008,0.88809943,0.119850375,0.11539104094107938,0.48973143100738525,0.7471042275428772,399.5
3,0.4097415506839752,0.4085831642150879,0.5815424,6.347826,0.7008352,13.323884,0.40397662,0.3961662139495214,0.644035816192627,0.747163712978363,1280.5
4,0.3949308395385742,0.42810457944869995,0.6593755,13.453577,0.64030457,43.8842,0.44102105,0.43774389376242945,0.7059224843978882,0.6566938757896423,4299.0
5,0.39887869358062744,0.44192609190940857,0.5615194,51.191936,0.68235296,30.535152,0.44776434,0.44674925227959955,0.5733983516693115,0.7010352611541748,3464.0
6,0.3607865273952484,0.4097515642642975,0.39651838,1.7211703,0.5882353,2.1466906,0.3837615,0.37122699220975236,0.47292816638946533,0.690095841884613,570.0
7,0.40569189190864563,0.39956575632095337,0.73564506,17.798912,0.7192016,28.65566,0.41832227,0.41512732982635486,0.7600700259208679,0.7362637519836426,3168.0
8,0.3946247696876526,0.4419894814491272,0.5439081,53.85333,0.7123962,22.736732,0.39777717,0.3960144579410554,0.556687593460083,0.738139271736145,2570.0
9,0.3502129316329956,0.44187283515930176,0.56758577,51.744766,0.7169643,23.89937,0.39249057,0.3909920666615167,0.5809556841850281,0.7461574077606201,1639.0
