,rmses,IR_rmses,rater0_sample_top_dice,rater0_sample_best_avd,rater1_sample_top_dice,rater1_sample_best_avd,GED_vol_sorted,GED_dice_sorted,rater0_best_dice_dsorted_ss5,rater1_best_dice_dsorted_ss5,mean_gt_vols
0,0.33538973331451416,0.39921852946281433,0.52934223,7.505686,0.77154505,8.635997,0.11062106,0.10533925294876101,0.5533247590065002,0.8032646179199219,3177.5
1,0.2969593405723572,0.3770439922809601,0.71108574,4.437102,0.8120315,2.4602027,0.09945203,0.0963789343833924,0.7310993671417236,0.8313981294631958,4882.5
2,0.33466798067092896,0.3463045358657837,0.3785851,21.610168,0.62598425,6.5719357,0.049372077,0.05019478797912602,0.40888887643814087,0.6817447543144226,399.5
3,0.34080931544303894,0.3820571005344391,0.6251679,3.3043478,0.73135525,2.3387668,0.12588708,0.11692008972167978,0.6471871137619019,0.7729672789573669,1280.5
4,0.3287014067173004,0.413594514131546,0.69902605,11.768185,0.71973467,26.591257,0.20063972,0.19058051109313956,0.7435212731361389,0.734498143196106,4299.0
5,0.344918429851532,0.4254280924797058,0.63665956,26.370113,0.7142613,4.7918854,0.18299364,0.1790215730667114,0.6588648557662964,0.7387190461158752,3464.0
6,0.3322816789150238,0.4098989963531494,0.4845815,4.64716,0.6397125,0.8944544,0.114100344,0.09060627520084374,0.5421801209449768,0.6888889074325562,570.0
7,0.328398734331131,0.373092383146286,0.7542943,3.668478,0.7496746,3.8620281,0.12510817,0.11564597189426418,0.7867364883422852,0.7917174100875854,3168.0
8,0.3461371958255768,0.43269777297973633,0.6351134,26.009945,0.72991854,1.8210196,0.10303246,0.09617295563220984,0.6541070342063904,0.7737306952476501,2570.0
9,0.3091095983982086,0.4352037310600281,0.6010101,42.073776,0.71322924,8.647799,0.21060438,0.20669027566909787,0.6137021780014038,0.7446517944335938,1639.0
