,rmses,IR_rmses,rater0_sample_top_dice,rater0_sample_best_avd,rater1_sample_top_dice,rater1_sample_best_avd,GED_vol_sorted,GED_dice_sorted,rater0_best_dice_dsorted_ss20,rater1_best_dice_dsorted_ss20,mean_gt_vols
0,0.3586542010307312,0.4033588171005249,0.5221239,5.6103106,0.76540637,19.262846,0.3932762,0.3932455036985248,0.5276318192481995,0.7689087986946106,3177.5
1,0.32003453373908997,0.3886003792285919,0.70485413,0.023601605,0.7917513,21.924746,0.34737277,0.3473478968206205,0.7102892398834229,0.7937155961990356,4882.5
2,0.40014877915382385,0.3772362470626831,0.30769232,130.50847,0.6351931,1.598579,0.5440341,0.5440080025086277,0.31313130259513855,0.6464471220970154,399.5
3,0.3677537143230438,0.3994027078151703,0.53101504,14.173913,0.67389494,30.04961,0.59708506,0.596979599563699,0.5405921936035156,0.6790227293968201,1280.5
4,0.3106386661529541,0.40687474608421326,0.711026,14.695446,0.67917544,44.689415,0.45293328,0.45288966258889757,0.7155519723892212,0.6796787977218628,4299.0
5,0.363614946603775,0.4305112957954407,0.5349228,53.62497,0.67635906,33.997902,0.59713024,0.5970935092944849,0.5366756319999695,0.6800762414932251,3464.0
6,0.3654363453388214,0.42451950907707214,0.38453275,39.586918,0.5764576,37.2093,0.66594416,0.6659337398252989,0.39297476410865784,0.5855855941772461,570.0
7,0.34171563386917114,0.374380499124527,0.729755,17.934782,0.72131145,28.773584,0.50056946,0.5005110530476822,0.7333710193634033,0.7233822345733643,3168.0
8,0.35984283685684204,0.43658581376075745,0.51260316,60.689865,0.680918,34.18314,0.5718334,0.5718039564396206,0.5141962766647339,0.6852438449859619,2570.0
9,0.3278537094593048,0.43283945322036743,0.55589956,55.084747,0.70133454,29.166666,0.5184887,0.5184740875112382,0.5564376711845398,0.7056074738502502,1639.0
