,rmses,IR_rmses,rater0_sample_top_dice,rater0_sample_best_avd,rater1_sample_top_dice,rater1_sample_best_avd,GED_vol_sorted,GED_dice_sorted,rater0_best_dice_dsorted_ss15,rater1_best_dice_dsorted_ss15,mean_gt_vols
0,0.33157193660736084,0.397624671459198,0.52030736,0.7581501,0.75477463,23.917137,0.2832707,0.28168254977180845,0.55040442943573,0.7692548036575317,3177.5
1,0.3044291138648987,0.37500497698783875,0.7121927,0.09440642,0.7865102,16.552097,0.21237987,0.2110708713531494,0.7426533699035645,0.8126605749130249,4882.5
2,0.31148049235343933,0.344881534576416,0.41627544,2.1186442,0.6425856,1.4209592,0.12402541,0.11868792900017322,0.469565212726593,0.7340129613876343,399.5
3,0.392289400100708,0.40608900785446167,0.5793451,7.130435,0.71736664,12.686038,0.41397175,0.4062328907705488,0.6394120454788208,0.7554129958152771,1280.5
4,0.38935616612434387,0.4272386133670807,0.6634677,15.13897,0.63789266,44.976994,0.4216721,0.41805831577096675,0.7023809552192688,0.6540451645851135,4299.0
5,0.40125828981399536,0.4430882930755615,0.5537948,52.666504,0.67795193,32.63379,0.43276554,0.4320529005357198,0.564733624458313,0.6971256732940674,3464.0
6,0.3574865758419037,0.4104159474372864,0.42763773,15.662651,0.6043956,12.343471,0.3703857,0.3574339049203054,0.5043478012084961,0.6761487722396851,570.0
7,0.40536126494407654,0.40049993991851807,0.71974874,16.13451,0.7002218,27.211084,0.4163867,0.41277358077821275,0.7504342794418335,0.7231698632240295,3168.0
8,0.3940441906452179,0.44075894355773926,0.53748107,56.152893,0.7056706,26.586887,0.38499966,0.3839361481723332,0.5456136465072632,0.7347703576087952,2570.0
9,0.3608231246471405,0.4455842673778534,0.5608177,53.68893,0.69877326,26.96541,0.3929402,0.3911742665937968,0.5725217461585999,0.7325301170349121,1639.0
