,rmses,IR_rmses,rater0_sample_top_dice,rater0_sample_best_avd,rater1_sample_top_dice,rater1_sample_best_avd,GED_vol_sorted,GED_dice_sorted,rater0_best_dice_dsorted_ss7,rater1_best_dice_dsorted_ss7,mean_gt_vols
0,0.33106669783592224,0.40270164608955383,0.5404264,2.615618,0.7900274,3.7126715,0.21408376,0.20944711849803027,0.5573399066925049,0.7973108291625977,3177.5
1,0.32157954573631287,0.3886125683784485,0.70902544,0.16521123,0.8053123,7.1454415,0.22403046,0.22332813626243955,0.7250834703445435,0.8191931843757629,4882.5
2,0.3609873354434967,0.3857770562171936,0.37168142,39.40678,0.64881563,2.8419185,0.24595167,0.23897268445718856,0.4253968298435211,0.6728624701499939,399.5
3,0.3679131865501404,0.39974382519721985,0.5688569,1.6521739,0.73884004,1.6300496,0.3373491,0.33250582643917637,0.6084724068641663,0.7662777304649353,1280.5
4,0.32314178347587585,0.42366811633110046,0.6956522,10.940272,0.69032574,42.2546,0.38194615,0.3778152536778223,0.7185308933258057,0.6923452019691467,4299.0
5,0.34686097502708435,0.4298383295536041,0.60685694,37.281887,0.70596933,10.73802,0.36029357,0.3556655787286305,0.617146372795105,0.7239096760749817,3464.0
6,0.3330109119415283,0.3992212414741516,0.48733625,2.9259896,0.6432866,0.8944544,0.32829836,0.31485874028432936,0.5275827646255493,0.6865979433059692,570.0
7,0.34667035937309265,0.38893425464630127,0.7604831,2.513587,0.76131046,11.025944,0.3062196,0.2975749671459198,0.7850133776664734,0.7773805856704712,3168.0
8,0.3390958905220032,0.43327829241752625,0.61235625,40.55314,0.745232,0.46826223,0.27612552,0.2733583549658457,0.6165058016777039,0.7579433917999268,2570.0
9,0.3307780921459198,0.4450840651988983,0.57337886,53.938187,0.72859746,27.35849,0.41072735,0.4098469402108873,0.5786941647529602,0.7388476133346558,1639.0
