,rmses,IR_rmses,rater0_sample_top_dice,rater0_sample_best_avd,rater1_sample_top_dice,rater1_sample_best_avd,GED_vol_sorted,GED_dice_sorted,rater0_best_dice_dsorted_ss20,rater1_best_dice_dsorted_ss20,mean_gt_vols
0,0.35743248462677,0.409683495759964,0.5130083,2.691433,0.7283734,30.938929,0.46235254,0.4623516486663568,0.514859139919281,0.7299968004226685,3177.5
1,0.3290058970451355,0.3970317244529724,0.6944543,0.87325937,0.77672696,24.023155,0.38983932,0.38983691742545684,0.6962311267852783,0.7780522704124451,4882.5
2,0.40100929141044617,0.39097651839256287,0.30769232,73.305084,0.5261003,25.577265,0.6731026,0.6730952905196893,0.30911901593208313,0.5281473994255066,399.5
3,0.39714694023132324,0.41013091802597046,0.46266317,33.217392,0.58563536,45.57052,0.76069635,0.7606957609716214,0.46509185433387756,0.5876383781433105,1280.5
4,0.34160906076431274,0.4169199466705322,0.6541328,25.42874,0.62289995,51.648773,0.5828336,0.5828320766750136,0.6559157967567444,0.6231415867805481,4299.0
5,0.4044807553291321,0.4471879005432129,0.48700604,61.931675,0.6019991,45.820217,0.7265271,0.7265261065018803,0.48779618740081787,0.6039108633995056,3464.0
6,0.3371703624725342,0.43419569730758667,0.34875444,54.044754,0.535109,52.236134,0.76142645,0.7614178546557301,0.34958383440971375,0.5370595455169678,570.0
7,0.36187246441841125,0.3940366208553314,0.69652945,31.114132,0.6846381,40.212265,0.5919319,0.5919281211338545,0.6995967626571655,0.685756504535675,3168.0
8,0.36130291223526,0.44617217779159546,0.5181859,61.466747,0.68437696,35.48387,0.5710305,0.5710308638842483,0.5189844965934753,0.6861128807067871,2570.0
9,0.33173975348472595,0.4431267976760864,0.52903223,60.917248,0.6935798,38.36478,0.5630614,0.5630550110810681,0.5296016931533813,0.6945932507514954,1639.0
