,rmses,IR_rmses,rater0_sample_top_dice,rater0_sample_best_avd,rater1_sample_top_dice,rater1_sample_best_avd,GED_vol_sorted,GED_dice_sorted,rater0_best_dice_dsorted_ss25,rater1_best_dice_dsorted_ss25,mean_gt_vols
0,0.3586542010307312,0.4033588171005249,0.521675,5.496588,0.7658813,19.128328,0.39331374,0.3932758847872416,0.5282745957374573,0.7695528864860535,3177.5
1,0.32003453373908997,0.3886003792285919,0.70554835,0.023601605,0.79204303,21.761938,0.3477127,0.34768243273099264,0.7105637192726135,0.794369637966156,4882.5
2,0.40014877915382385,0.3772362470626831,0.30769232,130.50847,0.63581836,1.0657194,0.54584336,0.5458148177464802,0.31407034397125244,0.6464995741844177,399.5
3,0.3677537143230438,0.3994027078151703,0.531705,14.0,0.6736402,29.907867,0.5981707,0.5980652693907419,0.5405921936035156,0.6796116232872009,1280.5
4,0.3106386661529541,0.40687474608421326,0.71132374,14.606741,0.6796644,44.6319,0.45307386,0.45302976389726,0.7158267498016357,0.6801729202270508,4299.0
5,0.363614946603775,0.4305112957954407,0.5362416,53.526665,0.676514,33.857994,0.5968475,0.5968063533306122,0.5375693440437317,0.6807610988616943,3464.0
6,0.3654363453388214,0.42451950907707214,0.3853606,39.586918,0.5771812,37.2093,0.66785794,0.6678293532133102,0.39297476410865784,0.5855855941772461,570.0
7,0.34171563386917114,0.374380499124527,0.72917837,17.866848,0.7211704,28.714624,0.5000824,0.5000266017516454,0.7339864373207092,0.7237569093704224,3168.0
8,0.35984283685684204,0.43658581376075745,0.51282054,60.627716,0.680918,34.079082,0.5716515,0.5716227233409881,0.5141962766647339,0.6858771443367004,2570.0
9,0.3278537094593048,0.43283945322036743,0.5568924,54.985046,0.7016092,29.009434,0.51767695,0.5176510196924209,0.5573544502258301,0.705827534198761,1639.0
