,rater0_sample_top_dice,rater0_sample_best_avd,rater1_sample_top_dice,rater1_sample_best_avd,GED_vol_sorted,GED_dice_sorted,rater0_best_dice_dsorted_ss25,rater1_best_dice_dsorted_ss25
0,0.7458816,23.6212,0.52393925,0.26535255,0.3841673,0.3838670674959818,0.7491504549980164,0.5417075753211975
1,0.805308,17.329956,0.7063736,0.07080482,0.30213884,0.3019063254197439,0.8089459538459778,0.7205586433410645
2,0.5324814,33.21492,0.30530974,1.6949153,0.5390541,0.5367387191454569,0.5507900714874268,0.3683083653450012
3,0.6622296,29.624378,0.54783016,13.652174,0.5469058,0.5456039633353551,0.6666666865348816,0.5778003334999084
4,0.69512635,41.46856,0.71201384,9.727971,0.4161864,0.41605214933554335,0.6968336701393127,0.725064754486084
5,0.66848856,33.61315,0.55002517,53.354633,0.56538063,0.5649073143800099,0.672030508518219,0.5510032176971436
6,0.63235295,29.695887,0.47022587,32.358,0.48208785,0.48013731539249416,0.6470588445663452,0.4912663698196411
7,0.7348523,25.324291,0.732883,13.960598,0.4623047,0.46201046089331316,0.7359000444412231,0.7392789125442505
8,0.68538296,29.50052,0.5305051,57.893105,0.53226465,0.5318603998422622,0.6962777376174927,0.5323677659034729
9,0.7027791,33.097485,0.55512774,57.57727,0.51356566,0.5131318773825964,0.709307849407196,0.5559060573577881
