,rmses,IR_rmses,rater0_sample_top_dice,rater0_sample_best_avd,rater1_sample_top_dice,rater1_sample_best_avd,GED_vol_sorted,GED_dice_sorted,rater0_best_dice_dsorted_ss20,rater1_best_dice_dsorted_ss20,mean_gt_vols
0,0.3586542010307312,0.4033588171005249,0.7655574,19.182137,0.5222366,5.4207735,0.39247537,0.3924487470011963,0.7694839239120483,0.5275962352752686,3177.5
1,0.32003453373908997,0.3886003792285919,0.7926061,21.888567,0.7052531,0.07080482,0.34682804,0.34681486942266165,0.7953478693962097,0.7109532356262207,4882.5
2,0.40014877915382385,0.3772362470626831,0.63418806,0.0,0.3041825,134.32204,0.5435407,0.5435358101207958,0.6458874344825745,0.3121098577976227,399.5
3,0.3677537143230438,0.3994027078151703,0.6755741,29.553509,0.5304592,13.565217,0.59632236,0.5962848962921846,0.6823529601097107,0.5387910604476929,1280.5
4,0.3106386661529541,0.40687474608421326,0.67755103,44.996166,0.71092623,15.168539,0.45268497,0.4526793276008807,0.6782135367393494,0.7151612639427185,4299.0
5,0.363614946603775,0.4305112957954407,0.67761636,33.892967,0.5363316,53.55124,0.5977763,0.5977396873267073,0.6800677180290222,0.5375041961669922,3464.0
6,0.3654363453388214,0.42451950907707214,0.58013546,36.85152,0.38546255,39.242683,0.66136396,0.6613976118988112,0.5890257358551025,0.3947368562221527,570.0
7,0.34171563386917114,0.374380499124527,0.7212945,28.744104,0.72859544,17.900816,0.4999347,0.4998977557608956,0.7226919531822205,0.7338374257087708,3168.0
8,0.35984283685684204,0.43658581376075745,0.68133247,34.44329,0.51228225,60.845245,0.5705085,0.5704412345823489,0.6858953833580017,0.5133139491081238,2570.0
9,0.3278537094593048,0.43283945322036743,0.70463943,28.8522,0.55719686,54.885345,0.5174187,0.5173865088506748,0.7086834907531738,0.5581555366516113,1639.0
