,rmses,IR_rmses,rater0_sample_top_dice,rater0_sample_best_avd,rater1_sample_top_dice,rater1_sample_best_avd,GED_vol_sorted,GED_dice_sorted,rater0_best_dice_dsorted_ss5,rater1_best_dice_dsorted_ss5,mean_gt_vols
0,0.3305045962333679,0.39825552701950073,0.51369214,0.7202426,0.74144965,28.517622,0.2923746,0.2916148781776429,0.5321871042251587,0.750357985496521,3177.5
1,0.30106794834136963,0.3748469948768616,0.70889103,2.50177,0.7865214,20.694645,0.20243368,0.20176114439964293,0.7318442463874817,0.7968429923057556,4882.5
2,0.3114396333694458,0.34147942066192627,0.38297874,36.440678,0.6237785,3.197158,0.13137396,0.12590387761592858,0.4264943599700928,0.7152317762374878,399.5
3,0.4097415506839752,0.4085831642150879,0.5313059,5.5652175,0.6655987,23.03331,0.3800078,0.3697720944881439,0.5763377547264099,0.6946660876274109,1280.5
4,0.3949308395385742,0.42810457944869995,0.6485569,25.842697,0.6092698,51.91718,0.42967734,0.4288983345031739,0.6672507524490356,0.6139158010482788,4299.0
5,0.39887869358062744,0.44192609190940857,0.5453006,54.87835,0.6709265,35.781742,0.436799,0.43598580956459054,0.5513016581535339,0.6759536862373352,3464.0
6,0.3607865273952484,0.4097515642642975,0.39697543,17.900171,0.59130436,14.669052,0.34203237,0.33187850415706627,0.45098039507865906,0.6483516693115234,570.0
7,0.40569189190864563,0.39956575632095337,0.7130571,26.222824,0.6962617,35.96698,0.41003382,0.40716357231140143,0.7226756811141968,0.7041226029396057,3168.0
8,0.3946247696876526,0.4419894814491272,0.5019028,61.18707,0.66729736,35.01561,0.41863668,0.417228814959526,0.5045045018196106,0.6890539526939392,2570.0
9,0.3502129316329956,0.44187283515930176,0.5539318,56.729813,0.70373833,31.761005,0.39266726,0.39181414842605594,0.5597198009490967,0.7150357961654663,1639.0
