,rmses,IR_rmses,rater0_sample_top_dice,rater0_sample_best_avd,rater1_sample_top_dice,rater1_sample_best_avd,GED_vol_sorted,GED_dice_sorted,rater0_best_dice_dsorted_ss25,rater1_best_dice_dsorted_ss25,mean_gt_vols
0,0.3529653549194336,0.4053090214729309,0.7769677,18.96691,0.52599823,12.471569,0.38652116,0.38651880204677574,0.7792671918869019,0.527945876121521,3177.5
1,0.30237051844596863,0.3831969201564789,0.8058459,21.761938,0.7225731,0.5428369,0.31368268,0.3136804433663686,0.8076884150505066,0.7258007526397705,4882.5
2,0.3845650851726532,0.3701036274433136,0.64521194,22.557726,0.32051283,192.37288,0.5384894,0.5384716029961903,0.6508313417434692,0.32618024945259094,399.5
3,0.3565276265144348,0.3859277367591858,0.71873766,19.34798,0.58414096,1.0434783,0.5014295,0.5014212594429651,0.7218934893608093,0.5871478915214539,1280.5
4,0.3354594111442566,0.42314639687538147,0.6171324,53.182514,0.68673664,27.794203,0.55080736,0.5508060159285862,0.6173742413520813,0.6891566514968872,4299.0
5,0.36131027340888977,0.43271350860595703,0.66794956,36.02658,0.53204477,55.05038,0.6140161,0.6140103191137314,0.6700942516326904,0.5332200527191162,3464.0
6,0.30942612886428833,0.4099670946598053,0.64069265,34.70483,0.4524313,37.17728,0.57875186,0.5787435022989907,0.6441784501075745,0.45338982343673706,570.0
7,0.33772334456443787,0.37877899408340454,0.73686016,28.36085,0.7286937,17.45924,0.49166802,0.4916662931442261,0.7380911707878113,0.730733335018158,3168.0
8,0.3195461332798004,0.4306408166885376,0.74071836,27.419355,0.5497507,56.650097,0.47339833,0.4733953893184662,0.743721604347229,0.5503472089767456,2570.0
9,0.3164251148700714,0.4276277720928192,0.68726236,34.27673,0.5580577,58.325024,0.54275453,0.542752675016721,0.6888677477836609,0.5580577254295349,1639.0
