,rmses,IR_rmses,rater0_sample_top_dice,rater0_sample_best_avd,rater1_sample_top_dice,rater1_sample_best_avd,GED_vol_sorted,GED_dice_sorted,rater0_best_dice_dsorted_ss5,rater1_best_dice_dsorted_ss5,mean_gt_vols
0,0.33635810017585754,0.3899771571159363,0.52418095,17.437452,0.7806659,15.765402,0.37907213,0.3790689051151276,0.5263524055480957,0.782621443271637,3177.5
1,0.31021422147750854,0.36929017305374146,0.7063535,18.055227,0.82900965,8.701158,0.299061,0.2990590929985046,0.7076124548912048,0.8299564719200134,4882.5
2,0.33904626965522766,0.3480623662471771,0.35180056,105.9322,0.5681602,11.900533,0.5934139,0.5934089332818985,0.3531034588813782,0.5698005557060242,399.5
3,0.352645605802536,0.3789162337779999,0.57194734,8.347826,0.6997559,25.301207,0.5373352,0.5373347103595734,0.5735093355178833,0.7010980248451233,1280.5
4,0.31213492155075073,0.39445966482162476,0.70071334,17.622707,0.6708323,46.58742,0.4747222,0.47471944689750667,0.7025357484817505,0.67116779088974,4299.0
5,0.3384440243244171,0.408889502286911,0.5805501,49.520767,0.6997761,28.156698,0.52758145,0.5275794804096221,0.5815742015838623,0.7012033462524414,3464.0
6,0.32510265707969666,0.39574140310287476,0.42337376,43.889843,0.61920905,41.681572,0.6162085,0.6162131607532502,0.4247787594795227,0.6213151812553406,570.0
7,0.3003200590610504,0.3409184515476227,0.7767094,8.559783,0.78402364,20.636793,0.36259907,0.3625947475433349,0.7782918214797974,0.7859730124473572,3168.0
8,0.33203572034835815,0.40287867188453674,0.5664962,54.195152,0.71613663,23.309053,0.48127973,0.4812789678573608,0.5668585896492004,0.718205988407135,2570.0
9,0.3123646080493927,0.41896605491638184,0.55885434,57.078762,0.67983073,32.31132,0.5476034,0.5476031303405762,0.5597484111785889,0.6807710528373718,1639.0
