,rmses,IR_rmses,rater0_sample_top_dice,rater0_sample_best_avd,rater1_sample_top_dice,rater1_sample_best_avd,GED_vol_sorted,GED_dice_sorted,rater0_best_dice_dsorted_ss5,rater1_best_dice_dsorted_ss5,mean_gt_vols
0,0.39886781573295593,0.4144574999809265,0.50534046,27.141773,0.7527298,4.385257,0.41514075,0.4151149809360505,0.508809506893158,0.7571845054626465,3177.5
1,0.32937464118003845,0.3892466127872467,0.70985216,9.133821,0.80939543,12.083937,0.31113386,0.3110983192920685,0.7120652794837952,0.8116838932037354,4882.5
2,0.43622735142707825,0.39401471614837646,0.25589225,177.54237,0.5796388,16.34103,0.61826813,0.6181696325540542,0.2647385895252228,0.5849359035491943,399.5
3,0.3919297456741333,0.40005379915237427,0.56826884,4.4347825,0.7133758,10.843374,0.5089207,0.5088775217533111,0.5739570260047913,0.7176960706710815,1280.5
4,0.3169652223587036,0.3930349051952362,0.72247225,0.059136603,0.71661085,33.914875,0.38484234,0.38479245305061344,0.7252943515777588,0.7175625562667847,4299.0
5,0.3460177481174469,0.4194917380809784,0.6017474,45.293682,0.70127827,22.140608,0.49128094,0.49122171998023995,0.6038338541984558,0.7029585838317871,3464.0
6,0.37161019444465637,0.4011143743991852,0.46239555,0.34423408,0.614218,1.6100179,0.5472793,0.5471823036670684,0.46481481194496155,0.6198501586914062,570.0
7,0.3382878601551056,0.3627481460571289,0.7663179,4.517663,0.76862866,4.1568394,0.38406336,0.3840334117412567,0.7674764394760132,0.7723342776298523,3168.0
8,0.32261180877685547,0.4048193395137787,0.6219293,44.406464,0.72433305,6.919875,0.4106711,0.41066275835037236,0.6226754784584045,0.727321982383728,2570.0
9,0.29349467158317566,0.4057648777961731,0.6440355,42.871387,0.7132751,9.905661,0.4055678,0.4055292963981629,0.6456341743469238,0.7178841233253479,1639.0
