,rmses,IR_rmses,rater0_sample_top_dice,rater0_sample_best_avd,rater1_sample_top_dice,rater1_sample_best_avd,GED_vol_sorted,GED_dice_sorted,rater0_best_dice_dsorted_ss7,rater1_best_dice_dsorted_ss7,mean_gt_vols
0,0.3397485315799713,0.3905220031738281,0.7310112,24.670433,0.5184884,6.141016,0.24897207,0.24687410394350684,0.7482330799102783,0.5428978800773621,3177.5
1,0.32315441966056824,0.38341525197029114,0.78554565,23.787989,0.70721895,0.56643856,0.23982042,0.23876410438900908,0.7926841974258423,0.7293103337287903,4882.5
2,0.30417492985725403,0.3512113094329834,0.58123106,8.703375,0.36406618,1.2711864,0.21822931,0.21701545445691983,0.6216216087341309,0.4474708139896393,399.5
3,0.37344908714294434,0.38960108160972595,0.69289994,22.324593,0.55172414,4.695652,0.32785895,0.3207000678493863,0.7122241258621216,0.6059113144874573,1280.5
4,0.4370788037776947,0.4370020627975464,0.5867977,55.655678,0.6433714,31.608517,0.46620983,0.46533714447702684,0.5905627608299255,0.6585982441902161,4299.0
5,0.39319196343421936,0.44493386149406433,0.65072185,37.670513,0.49666724,56.205456,0.4796871,0.47788743816670926,0.6669620871543884,0.507347822189331,3464.0
6,0.3834439814090729,0.42723754048347473,0.59123343,24.50805,0.41475573,27.366608,0.3095333,0.2958433550028574,0.6689497828483582,0.4867967963218689,570.0
7,0.4187048375606537,0.40873271226882935,0.6561699,38.974056,0.6808935,29.6875,0.49771675,0.4939706339722589,0.6701669096946716,0.6986863613128662,3168.0
8,0.4278726577758789,0.4481596350669861,0.68217057,32.206036,0.495908,59.50901,0.43963045,0.4364475898799443,0.697393536567688,0.5033556818962097,2570.0
9,0.4362379312515259,0.4560307562351227,0.67027557,40.25157,0.51626897,62.11366,0.46759763,0.46682965471631,0.6759030222892761,0.5185185074806213,1639.0
