,rmses,IR_rmses,rater0_sample_top_dice,rater0_sample_best_avd,rater1_sample_top_dice,rater1_sample_best_avd,GED_vol_sorted,GED_dice_sorted,rater0_best_dice_dsorted_ss15,rater1_best_dice_dsorted_ss15,mean_gt_vols
0,0.34684130549430847,0.3903988003730774,0.5173962,1.8953754,0.74452555,26.472961,0.43490022,0.43489746366228377,0.5200299620628357,0.7464635372161865,3177.5
1,0.34725120663642883,0.3858930766582489,0.6603607,12.579656,0.7259532,32.99566,0.49229094,0.49228875069391165,0.6622048020362854,0.7267404198646545,4882.5
2,0.35531970858573914,0.38121190667152405,0.31784108,82.62712,0.58449304,21.314386,0.6063463,0.6063469558954239,0.3178410828113556,0.5891783833503723,399.5
3,0.38085997104644775,0.3911500573158264,0.47674987,22.086958,0.6050347,36.498936,0.72805524,0.728038859083539,0.47885939478874207,0.6064292192459106,1280.5
4,0.35530349612236023,0.40569084882736206,0.6861017,25.547012,0.61753297,51.72546,0.55271816,0.5527156639666785,0.6872665286064148,0.6176128387451172,4299.0
5,0.35387900471687317,0.4190989136695862,0.5778886,52.07668,0.687461,31.794334,0.54915076,0.5491514977954683,0.5787460207939148,0.6895976662635803,3464.0
6,0.34907445311546326,0.41008514165878296,0.33789954,48.192772,0.5194805,46.153847,0.7730783,0.7730625256186441,0.342135488986969,0.5247058868408203,570.0
7,0.32943785190582275,0.35765206813812256,0.7658659,10.529891,0.7551495,22.346697,0.4190824,0.41907706090382163,0.767876386642456,0.7574397325515747,3168.0
8,0.3436933159828186,0.42330390214920044,0.53954303,58.545677,0.70338464,30.593132,0.52937937,0.5293798463685172,0.5397801995277405,0.7048322558403015,2570.0
9,0.378753662109375,0.4352134168148041,0.45478824,69.34197,0.5437202,51.65094,0.7860834,0.786084942306791,0.4549618363380432,0.5440084934234619,1639.0
