,rmses,IR_rmses,rater0_sample_top_dice,rater0_sample_best_avd,rater1_sample_top_dice,rater1_sample_best_avd,GED_vol_sorted,GED_dice_sorted,rater0_best_dice_dsorted_ss3,rater1_best_dice_dsorted_ss3,mean_gt_vols
0,0.39886781573295593,0.4144574999809265,0.75393397,5.1923594,0.5045673,28.241093,0.4145512,0.4145443638165793,0.7565459609031677,0.5070793628692627,3177.5
1,0.32937464118003845,0.3892466127872467,0.80874103,12.916064,0.70807034,9.393438,0.31198508,0.31197871764500934,0.8104385137557983,0.70975661277771,4882.5
2,0.43622735142707825,0.39401471614837646,0.5761642,19.538189,0.25106382,185.1695,0.61886597,0.618746762474378,0.5824782848358154,0.2584885060787201,399.5
3,0.3919297456741333,0.40005379915237427,0.7139605,12.119064,0.567579,4.956522,0.5119059,0.5118910968303679,0.7166098952293396,0.5696202516555786,1280.5
4,0.3169652223587036,0.3930349051952362,0.7165145,34.106594,0.72004694,0.35481963,0.38666207,0.3866498867670695,0.7171775698661804,0.7230337858200073,4299.0
5,0.3460177481174469,0.4194917380809784,0.6986004,22.560335,0.60003185,45.588596,0.4923025,0.49223381280899053,0.7015103101730347,0.6017274260520935,3464.0
6,0.37161019444465637,0.4011143743991852,0.6057248,1.6100179,0.4524887,1.3769363,0.57041806,0.5703296363353729,0.6093320846557617,0.45364537835121155,570.0
7,0.3382878601551056,0.3627481460571289,0.7678899,4.481132,0.7629678,6.9293475,0.3947359,0.3947400053342184,0.7698846459388733,0.7639274597167969,3168.0
8,0.32261180877685547,0.4048193395137787,0.7225981,7.7523413,0.6151072,44.903667,0.4127315,0.412621557712555,0.7243922352790833,0.6165896654129028,2570.0
9,0.29349467158317566,0.4057648777961731,0.7094088,11.163523,0.64158165,43.668995,0.41014388,0.41007473071416223,0.7146464586257935,0.6427657008171082,1639.0
