,rmses,IR_rmses,rater0_sample_top_dice,rater0_sample_best_avd,rater1_sample_top_dice,rater1_sample_best_avd,GED_vol_sorted,GED_dice_sorted,rater0_best_dice_dsorted_ss5,rater1_best_dice_dsorted_ss5,mean_gt_vols
0,0.33106669783592224,0.40270164608955383,0.5334905,3.297953,0.7832438,4.7619047,0.20644906,0.2007052719593047,0.55584317445755,0.7934094071388245,3177.5
1,0.32157954573631287,0.3886125683784485,0.7091937,1.1564786,0.8065427,8.719248,0.22196491,0.22108110785484308,0.721451461315155,0.8186728358268738,4882.5
2,0.3609873354434967,0.3857770562171936,0.36060607,51.271187,0.64640325,7.4600353,0.24897109,0.24417501091957095,0.3708029091358185,0.6593002080917358,399.5
3,0.3679131865501404,0.39974382519721985,0.57633084,2.347826,0.7397358,1.4883062,0.32889214,0.3234195709228517,0.604347825050354,0.7605202794075012,1280.5
4,0.32314178347587585,0.42366811633110046,0.69319075,11.9751625,0.68643963,42.925613,0.36834154,0.3650941729545594,0.7170812487602234,0.6884563565254211,4299.0
5,0.34686097502708435,0.4298383295536041,0.585818,40.919147,0.69200075,15.914655,0.37016076,0.36804083585739134,0.596202552318573,0.7102543711662292,3464.0
6,0.3330109119415283,0.3992212414741516,0.49469966,5.1635113,0.6396396,1.431127,0.30211112,0.29098283648490914,0.5261083841323853,0.6834677457809448,570.0
7,0.34667035937309265,0.38893425464630127,0.7642918,2.1399457,0.7655029,15.0648575,0.30236378,0.2942818880081177,0.7807602286338806,0.7747189998626709,3168.0
8,0.3390958905220032,0.43327829241752625,0.59851074,45.587322,0.7497958,8.896982,0.286541,0.2852037012577058,0.6008514165878296,0.756940484046936,2570.0
9,0.3307780921459198,0.4450840651988983,0.5591623,57.178467,0.71797276,32.468555,0.42731166,0.42659715414047245,0.5640126466751099,0.7234848737716675,1639.0
