,rmses,IR_rmses,rater0_sample_top_dice,rater0_sample_best_avd,rater1_sample_top_dice,rater1_sample_best_avd,GED_vol_sorted,GED_dice_sorted,rater0_best_dice_dsorted_ss3,rater1_best_dice_dsorted_ss3,mean_gt_vols
0,0.3459763824939728,0.3905329406261444,0.53443736,1.4404852,0.75813216,13.909065,0.23745947,0.23459562659263603,0.5471055507659912,0.7626550197601318,3177.5
1,0.3119882345199585,0.3734773099422455,0.7076923,4.0358744,0.7905131,8.556439,0.20847277,0.20744770765304568,0.7152865529060364,0.7990152835845947,4882.5
2,0.3549536168575287,0.37207087874412537,0.31318682,71.61017,0.62938386,12.611012,0.257447,0.2518827865521112,0.3381924331188202,0.6413994431495667,399.5
3,0.33481940627098083,0.3703557252883911,0.60814786,7.043478,0.7327782,5.2445073,0.2662322,0.26325976848602284,0.6283987760543823,0.7467249035835266,1280.5
4,0.33465147018432617,0.40445268154144287,0.700209,1.951508,0.7158931,36.42638,0.30229324,0.2967485586802165,0.7203642725944519,0.7180994749069214,4299.0
5,0.34792765974998474,0.4160586893558502,0.6255218,35.14377,0.70498365,7.6949983,0.31614316,0.3165875871976217,0.6265241503715515,0.7185057997703552,3464.0
6,0.3272393047809601,0.4020934998989105,0.40257648,13.769362,0.57916665,18.24687,0.36070943,0.34109157820542646,0.4394785761833191,0.6109979748725891,570.0
7,0.35678139328956604,0.37340080738067627,0.72627044,2.8192935,0.7170958,15.65448,0.34395486,0.3407702147960663,0.7390449047088623,0.7214250564575195,3168.0
8,0.3395693600177765,0.4246746897697449,0.582744,46.208824,0.7166712,9.937565,0.29927936,0.2955326835314432,0.5873376131057739,0.7271705269813538,2570.0
9,0.30675968527793884,0.42281559109687805,0.63233966,34.44666,0.6819013,3.3805032,0.25975865,0.25604865948359173,0.6330804228782654,0.7144097089767456,1639.0
