,rmses,IR_rmses,rater0_sample_top_dice,rater0_sample_best_avd,rater1_sample_top_dice,rater1_sample_best_avd,GED_vol_sorted,GED_dice_sorted,rater0_best_dice_dsorted_ss5,rater1_best_dice_dsorted_ss5,mean_gt_vols
0,0.3294842541217804,0.39165937900543213,0.52820784,3.7907507,0.769782,6.1070757,0.11000724,0.10532475113868711,0.5536215901374817,0.800000011920929,3177.5
1,0.30214452743530273,0.37158289551734924,0.71211433,2.926599,0.8113647,5.806802,0.07625328,0.07384006381034847,0.7349645495414734,0.8404669165611267,4882.5
2,0.34512394666671753,0.34619075059890747,0.29593495,60.593216,0.6257166,6.749556,0.09199137,0.08341055512428275,0.3903743326663971,0.6873339414596558,399.5
3,0.34008118510246277,0.38002070784568787,0.6169237,6.521739,0.7706767,4.606662,0.10970497,0.10309045314788823,0.6562371253967285,0.7860037088394165,1280.5
4,0.3281041383743286,0.40069127082824707,0.71955204,9.284447,0.7303439,9.317485,0.11360667,0.10135574936866765,0.7488653659820557,0.7627634406089783,4299.0
5,0.34301698207855225,0.41693514585494995,0.631035,19.29221,0.71549594,1.8188179,0.16503051,0.15840654969215395,0.658823549747467,0.7381255626678467,3464.0
6,0.32863354682922363,0.40419167280197144,0.45791855,9.810671,0.61495847,6.2611804,0.12575927,0.09004263430833803,0.5449490547180176,0.6408125758171082,570.0
7,0.32400184869766235,0.36348941922187805,0.77722317,7.8125,0.75465256,6.4268866,0.11297834,0.1017273008823395,0.7937824130058289,0.7902320623397827,3168.0
8,0.3332553803920746,0.42075496912002563,0.5957015,23.95898,0.7218485,10.822061,0.12906566,0.11648541092872622,0.638542652130127,0.7619316577911377,2570.0
9,0.3368852138519287,0.4317358136177063,0.6377505,33.34995,0.7246765,5.110063,0.16406435,0.1590469628572465,0.649074912071228,0.7664108872413635,1639.0
