,rmses,IR_rmses,rater0_sample_top_dice,rater0_sample_best_avd,rater1_sample_top_dice,rater1_sample_best_avd,GED_vol_sorted,GED_dice_sorted,rater0_best_dice_dsorted_ss15,rater1_best_dice_dsorted_ss15,mean_gt_vols
0,0.3372386395931244,0.39462023973464966,0.7785255,0.6994888,0.53848934,0.9476877,0.12624295,0.12019954153469631,0.8087400794029236,0.5630961060523987,3177.5
1,0.29972708225250244,0.37171268463134766,0.8189162,0.7054993,0.71814203,1.1092755,0.09842094,0.09404125696136839,0.8456363677978516,0.7452160120010376,4882.5
2,0.35484379529953003,0.3541627526283264,0.67799354,3.5523977,0.36879432,4.661017,0.09349022,0.09128474806036257,0.7333908677101135,0.47892072796821594,399.5
3,0.34191033244132996,0.37617620825767517,0.7538404,0.28348687,0.60299003,0.6956522,0.17470211,0.16688166402635124,0.7860261797904968,0.6624041199684143,1280.5
4,0.313824862241745,0.3963405191898346,0.74786055,4.141104,0.71472865,0.73920757,0.15670463,0.14564401081630168,0.7787439823150635,0.7619771957397461,4299.0
5,0.3273036777973175,0.4091462790966034,0.72586477,3.2528856,0.67780304,16.09732,0.19365694,0.185834569874264,0.767947793006897,0.6984931826591492,3464.0
6,0.30512335896492004,0.38484102487564087,0.66015625,3.2200358,0.52390057,2.2375214,0.10952601,0.08599770012355978,0.7318982481956482,0.5878260731697083,570.0
7,0.3022221624851227,0.3538573384284973,0.780397,2.2995284,0.77198166,0.44157606,0.13954768,0.12953995863596596,0.8194444179534912,0.8126070499420166,3168.0
8,0.321051687002182,0.41430291533470154,0.73552173,4.4224763,0.6591182,18.862648,0.15542415,0.1414294180415926,0.7858319878578186,0.6840600371360779,2570.0
9,0.28912216424942017,0.4131244421005249,0.7202828,0.39308178,0.64331406,12.761715,0.17594528,0.15796665889876227,0.7654920816421509,0.6751552820205688,1639.0
