,rmses,IR_rmses,rater0_sample_top_dice,rater0_sample_best_avd,rater1_sample_top_dice,rater1_sample_best_avd,GED_vol_sorted,GED_dice_sorted,rater0_best_dice_dsorted_ss7,rater1_best_dice_dsorted_ss7,mean_gt_vols
0,0.34677812457084656,0.40230023860931396,0.5283397,2.8051553,0.77516305,10.061878,0.1979316,0.18933956821759534,0.5471874475479126,0.7895038723945618,3177.5
1,0.3319384455680847,0.3873897194862366,0.68320656,1.675714,0.7908835,0.7778582,0.23301634,0.22451758952367876,0.7286307215690613,0.8111335635185242,4882.5
2,0.3291253447532654,0.3535999655723572,0.3886926,3.8135593,0.65889215,8.170515,0.12353253,0.12151900146688732,0.44333332777023315,0.7073608636856079,399.5
3,0.3645308017730713,0.39210227131843567,0.6028866,3.3043478,0.7393894,9.638554,0.26897243,0.26186976262501316,0.6459369659423828,0.7670537233352661,1280.5
4,0.34051504731178284,0.42172083258628845,0.69155324,1.9810762,0.71967685,33.876534,0.3333954,0.32663749655087787,0.7270998358726501,0.7241178750991821,4299.0
5,0.3514646291732788,0.4349914491176605,0.63482046,36.397152,0.725537,9.478839,0.34680432,0.34479600474947975,0.6350983381271362,0.7422800660133362,3464.0
6,0.3320509195327759,0.42914581298828125,0.40574163,20.137693,0.5786901,16.994633,0.42915612,0.41132015912305736,0.4517543911933899,0.6173912882804871,570.0
7,0.33413174748420715,0.3845527172088623,0.73320925,0.78125,0.751376,12.52948,0.31729367,0.31218865939549034,0.7528434991836548,0.7629245519638062,3168.0
8,0.34733617305755615,0.4366491734981537,0.6140282,41.39217,0.7199318,1.8730489,0.29661354,0.29217249580792015,0.625250518321991,0.75,2570.0
9,0.38438519835472107,0.45219382643699646,0.5564648,47.70688,0.6428264,17.531446,0.44450942,0.43974468041033976,0.5695187449455261,0.6791393756866455,1639.0
