,rmses,IR_rmses,rater0_sample_top_dice,rater0_sample_best_avd,rater1_sample_top_dice,rater1_sample_best_avd,GED_vol_sorted,GED_dice_sorted,rater0_best_dice_dsorted_ss20,rater1_best_dice_dsorted_ss20,mean_gt_vols
0,0.340459942817688,0.3989121913909912,0.52031624,3.8665657,0.77148974,24.105461,0.3884409,0.38843046936549647,0.5242144465446472,0.7737383246421814,3177.5
1,0.31201353669166565,0.3778369128704071,0.7083916,1.3924947,0.8012091,20.459478,0.3286215,0.3286112308502197,0.7124343514442444,0.8047325015068054,4882.5
2,0.3162021040916443,0.3552775979042053,0.37283236,80.932205,0.6826827,17.93961,0.44390526,0.4438437243433375,0.3839285671710968,0.6946107745170593,399.5
3,0.3449877202510834,0.3807527720928192,0.5933481,1.826087,0.74635106,19.985826,0.4463876,0.44636057709392746,0.5998225212097168,0.7513855695724487,1280.5
4,0.3245145082473755,0.4046950042247772,0.6786297,18.184507,0.6726794,46.951687,0.49218974,0.49217937431837383,0.6831262111663818,0.673771321773529,4299.0
5,0.3516782820224762,0.425157368183136,0.5501251,52.396168,0.6955068,32.24904,0.5533345,0.5533244442782903,0.552657961845398,0.6992040276527405,3464.0
6,0.32649070024490356,0.40930578112602234,0.4276018,47.848537,0.60324824,45.796062,0.6128479,0.6128069354515326,0.43268123269081116,0.6096131205558777,570.0
7,0.33006465435028076,0.37546998262405396,0.7406274,20.889946,0.73833245,31.338444,0.4615827,0.461573096796086,0.744425356388092,0.7412734627723694,3168.0
8,0.36047786474227905,0.44118979573249817,0.49887133,62.336857,0.68410975,36.94069,0.5794482,0.5794414801032921,0.49977385997772217,0.6873998045921326,2570.0
9,0.33155035972595215,0.4393475353717804,0.5191761,59.621136,0.7223823,36.320755,0.52636635,0.5263600272567649,0.521522581577301,0.7248193025588989,1639.0
