,rmses,IR_rmses,rater0_sample_top_dice,rater0_sample_best_avd,rater1_sample_top_dice,rater1_sample_best_avd,GED_vol_sorted,GED_dice_sorted,rater0_best_dice_dsorted_ss25,rater1_best_dice_dsorted_ss25,mean_gt_vols
0,0.34677812457084656,0.40230023860931396,0.52832246,1.2509477,0.7783693,0.43045467,0.19623218,0.18540013293425234,0.5575579404830933,0.7995542287826538,3177.5
1,0.3319384455680847,0.3873897194862366,0.70017827,1.3924947,0.80754995,2.0803185,0.20943539,0.19681549737850823,0.7399905920028687,0.8335643410682678,4882.5
2,0.3291253447532654,0.3535999655723572,0.4067164,2.1186442,0.6672711,0.5328597,0.131752,0.11362173904975242,0.5114638209342957,0.7291487455368042,399.5
3,0.3645308017730713,0.39210227131843567,0.5883828,0.6086957,0.73484033,0.14174344,0.27416056,0.2618430112799008,0.660283088684082,0.7745987176895142,1280.5
4,0.34051504731178284,0.42172083258628845,0.6938279,0.2661147,0.7254969,21.33819,0.33756354,0.3283109041055044,0.7213215231895447,0.7348384261131287,4299.0
5,0.3514646291732788,0.4349914491176605,0.6475845,23.986237,0.7335495,6.8555436,0.35172755,0.3461936965584754,0.6640339493751526,0.7573679089546204,3464.0
6,0.3320509195327759,0.42914581298828125,0.42774567,11.876076,0.61811393,8.407871,0.40089747,0.36795011296868324,0.503524661064148,0.6757607460021973,570.0
7,0.33413174748420715,0.3845527172088623,0.7412871,0.4076087,0.7552182,2.918632,0.3201631,0.3057464798291524,0.7662244439125061,0.7763645052909851,3168.0
8,0.34733617305755615,0.4366491734981537,0.6444177,19.359852,0.7331409,1.7169615,0.28508422,0.2760115723808606,0.6649436950683594,0.7688428163528442,2570.0
9,0.38438519835472107,0.45219382643699646,0.6067282,32.552345,0.63390476,6.3679247,0.4678024,0.4637057111163934,0.6280992031097412,0.6983546614646912,1639.0
