,rmses,IR_rmses,rater0_sample_top_dice,rater0_sample_best_avd,rater1_sample_top_dice,rater1_sample_best_avd,GED_vol_sorted,GED_dice_sorted,rater0_best_dice_dsorted_ss3,rater1_best_dice_dsorted_ss3,mean_gt_vols
0,0.3464130759239197,0.4026525616645813,0.5245548,0.7202426,0.77945167,21.415121,0.26240134,0.26142704486846935,0.5375047326087952,0.7801632881164551,3177.5
1,0.30198216438293457,0.3813181221485138,0.72302663,2.1241446,0.80487335,11.432707,0.17383319,0.17266601324081418,0.7376003861427307,0.8201707005500793,4882.5
2,0.3428848385810852,0.36124953627586365,0.3688156,38.135593,0.60034907,3.5523977,0.22042,0.2268514335155487,0.38629284501075745,0.6350806355476379,399.5
3,0.3879440128803253,0.3938189446926117,0.5807823,4.521739,0.72254115,7.2997875,0.34487167,0.34405944744745887,0.5924627780914307,0.7358490824699402,1280.5
4,0.32885053753852844,0.42828863859176636,0.68458605,21.79184,0.6528432,49.290646,0.42774636,0.42657023668289173,0.6924138069152832,0.652843177318573,4299.0
5,0.35950198769569397,0.4368332326412201,0.5840708,44.482674,0.69871044,20.986359,0.39437503,0.39386695623397816,0.5856826305389404,0.6989755630493164,3464.0
6,0.3521445393562317,0.422097384929657,0.39219934,41.13597,0.563818,38.81932,0.5033699,0.4997897992531459,0.4049217104911804,0.5711008906364441,570.0
7,0.3385361135005951,0.4026400148868561,0.7181989,18.953804,0.7064728,29.65802,0.40084666,0.39759890238444007,0.7293844223022461,0.7126396894454956,3168.0
8,0.3669354021549225,0.4481103718280792,0.54253954,54.630207,0.72205794,24.03746,0.3866445,0.3863300681114197,0.5443201661109924,0.7334536910057068,2570.0
9,0.3322924077510834,0.4509682357311249,0.5704372,56.33101,0.67504656,31.132074,0.40261197,0.4017941455046335,0.5718261003494263,0.6920039653778076,1639.0
