,rmses,IR_rmses,rater0_sample_top_dice,rater0_sample_best_avd,rater1_sample_top_dice,rater1_sample_best_avd,GED_vol_sorted,GED_dice_sorted,rater0_best_dice_dsorted_ss3,rater1_best_dice_dsorted_ss3,mean_gt_vols
0,0.3574718236923218,0.4054044187068939,0.5207218,0.9476877,0.7319749,28.356201,0.39734608,0.3970297674338022,0.5268424153327942,0.7333962917327881,3177.5
1,0.3211180865764618,0.38782837986946106,0.7074652,1.6285107,0.7954037,22.105644,0.29912004,0.29899730285008747,0.7114333510398865,0.7971856594085693,4882.5
2,0.368241548538208,0.39495959877967834,0.29761904,11.01695,0.49766356,47.957375,0.5260242,0.5264803816874822,0.3063829839229584,0.5100353956222534,399.5
3,0.3792518675327301,0.40587204694747925,0.5468128,25.391304,0.6346408,39.192062,0.5577484,0.5571120977401735,0.5575265884399414,0.637499988079071,1280.5
4,0.3120063245296478,0.41030576825141907,0.71073073,13.453577,0.681567,43.8842,0.40009287,0.39981896678606665,0.7179737091064453,0.6822372674942017,4299.0
5,0.3558086156845093,0.43579748272895813,0.5412327,56.058002,0.6571982,37.46065,0.555683,0.555647353331248,0.5414175987243652,0.6589097380638123,3464.0
6,0.3458203673362732,0.4048554003238678,0.46220303,40.61962,0.6216814,38.282646,0.51832265,0.5175562898317972,0.4676179885864258,0.6237514019012451,570.0
7,0.3354845643043518,0.38926032185554504,0.7236162,22.65625,0.7165285,32.87146,0.44680747,0.4462418754895528,0.728435754776001,0.7172682285308838,3168.0
8,0.3494550585746765,0.4339022636413574,0.49605057,62.30578,0.6602871,36.88866,0.55642766,0.5564417839050294,0.49627456068992615,0.6630330085754395,2570.0
9,0.3288029730319977,0.4327647089958191,0.52517986,61.41575,0.6930596,39.150944,0.51975334,0.5196828941504161,0.5251798629760742,0.693477213382721,1639.0
