,rmses,IR_rmses,rater0_sample_top_dice,rater0_sample_best_avd,rater1_sample_top_dice,rater1_sample_best_avd,GED_vol_sorted,GED_dice_sorted,rater0_best_dice_dsorted_ss15,rater1_best_dice_dsorted_ss15,mean_gt_vols
0,0.3296237885951996,0.38996198773384094,0.50934154,0.5307051,0.74302185,16.949154,0.27217492,0.26912585752350937,0.5473235249519348,0.7726784348487854,3177.5
1,0.31512251496315,0.36654162406921387,0.7052791,1.250885,0.79307616,12.355282,0.21622418,0.2136229251112257,0.7413063645362854,0.8193152546882629,4882.5
2,0.32912683486938477,0.3332560658454895,0.3212045,33.050846,0.55758685,0.3552398,0.23937356,0.23071685546920417,0.3888070583343506,0.6886383295059204,399.5
3,0.35700109601020813,0.3895345628261566,0.54451734,6.521739,0.65995973,5.2445073,0.35015953,0.33294551996957683,0.6381793022155762,0.7492012977600098,1280.5
4,0.3564673364162445,0.401705265045166,0.69396687,2.335896,0.6926357,33.646473,0.33358526,0.3288469916298276,0.726434588432312,0.7082646489143372,4299.0
5,0.3539183735847473,0.41872549057006836,0.5728565,42.63947,0.68300456,18.363064,0.37977922,0.37744806437265316,0.5961911082267761,0.7095218896865845,3464.0
6,0.2979292571544647,0.39988142251968384,0.45740741,5.1635113,0.6673287,1.431127,0.24802616,0.23784634329023818,0.5262076258659363,0.7209776043891907,570.0
7,0.3665032684803009,0.37458527088165283,0.72717696,6.521739,0.7135417,18.867926,0.3520254,0.34771099771772124,0.7596461772918701,0.7383829951286316,3168.0
8,0.3616081476211548,0.4189680814743042,0.55346906,42.790554,0.71750927,4.21436,0.3212059,0.3133771745931535,0.5866778492927551,0.7686854004859924,2570.0
9,0.34705519676208496,0.41081011295318604,0.5659394,46.90927,0.71586716,16.273584,0.35227218,0.3477607358069647,0.5851528644561768,0.747706413269043,1639.0
