,rmses,IR_rmses,rater0_sample_top_dice,rater0_sample_best_avd,rater1_sample_top_dice,rater1_sample_best_avd,GED_vol_sorted,GED_dice_sorted,rater0_best_dice_dsorted_ss25,rater1_best_dice_dsorted_ss25,mean_gt_vols
0,0.340459942817688,0.3989121913909912,0.5193898,3.8665657,0.77085567,24.105461,0.3887707,0.3887601383527119,0.5245841145515442,0.7738077044487,3177.5
1,0.31201353669166565,0.3778369128704071,0.70817214,1.2980883,0.80092686,20.44139,0.32874167,0.32873087108135224,0.7125014662742615,0.8047325015068054,4882.5
2,0.3162021040916443,0.3552775979042053,0.36936936,80.08475,0.6833167,17.76199,0.4451978,0.4451307924588522,0.3839285671710968,0.6946107745170593,399.5
3,0.3449877202510834,0.3807527720928192,0.5938597,1.7391304,0.7466456,19.914953,0.44591647,0.44588938732941946,0.600709855556488,0.7518796920776367,1280.5
4,0.3245145082473755,0.4046950042247772,0.67813265,18.184507,0.67293,46.951687,0.49263957,0.49262941161791485,0.6832379102706909,0.6740220785140991,4299.0
5,0.3516782820224762,0.425157368183136,0.5501672,52.396168,0.6955249,32.24904,0.553474,0.5534640880425771,0.5528998970985413,0.6996229290962219,3464.0
6,0.32649070024490356,0.40930578112602234,0.42937854,47.676422,0.60486674,45.617172,0.6107669,0.610745338598887,0.43628013134002686,0.6112412214279175,570.0
7,0.33006465435028076,0.37546998262405396,0.7407689,20.889946,0.7379867,31.338444,0.46226233,0.4622524076700211,0.7450905442237854,0.7412734627723694,3168.0
8,0.36047786474227905,0.44118979573249817,0.49921012,62.30578,0.6832536,36.88866,0.57922924,0.5792212770382562,0.5006784200668335,0.6878204941749573,2570.0
9,0.33155035972595215,0.4393475353717804,0.52025586,59.471584,0.7224627,36.084904,0.52510303,0.5250987801949183,0.521862804889679,0.7272727489471436,1639.0
