,rmses,IR_rmses,rater0_sample_top_dice,rater0_sample_best_avd,rater1_sample_top_dice,rater1_sample_best_avd,GED_vol_sorted,GED_dice_sorted,rater0_best_dice_dsorted_ss3,rater1_best_dice_dsorted_ss3,mean_gt_vols
0,0.3343752324581146,0.40263426303863525,0.54070354,7.0887036,0.7812152,6.9410815,0.12837768,0.1259975830713908,0.5617514848709106,0.7897832989692688,3177.5
1,0.299735963344574,0.3802593946456909,0.72205734,8.472976,0.8110749,0.0723589,0.08697691,0.08401582638422644,0.7427833676338196,0.8256985545158386,4882.5
2,0.3638646602630615,0.3688192069530487,0.35679215,58.898308,0.61909175,8.348135,-0.0053587407,-0.0187021171053251,0.39743590354919434,0.6770731806755066,399.5
3,0.3424813747406006,0.38784417510032654,0.5719268,0.5217391,0.7240704,18.922749,0.15632056,0.1333337128162384,0.6288833022117615,0.778839111328125,1280.5
4,0.3054391145706177,0.4107400178909302,0.7221782,10.496748,0.72534347,28.355062,0.14393805,0.13906486829121906,0.7549034953117371,0.7374403476715088,4299.0
5,0.33904510736465454,0.42314964532852173,0.59439707,38.58442,0.695782,12.591815,0.24848382,0.24349546432495117,0.6120784282684326,0.7222870588302612,3464.0
6,0.30833739042282104,0.39559435844421387,0.46666667,22.203098,0.64529055,21.466906,0.0987134,0.0922367423772813,0.5329280495643616,0.6982248425483704,570.0
7,0.30881839990615845,0.36961665749549866,0.74947846,15.692934,0.73756987,0.41273585,0.16248904,0.15013362963994342,0.7693697214126587,0.7677246332168579,3168.0
8,0.3244527280330658,0.42851653695106506,0.577821,40.27346,0.7297045,0.0,0.16191399,0.15165628989537566,0.6026005744934082,0.7770444750785828,2570.0
9,0.29039984941482544,0.43007659912109375,0.6028768,40.578262,0.69724023,6.2893085,0.21335214,0.20743830005327862,0.6124523282051086,0.730404794216156,1639.0
