,rmses,IR_rmses,rater0_sample_top_dice,rater0_sample_best_avd,rater1_sample_top_dice,rater1_sample_best_avd,GED_vol_sorted,GED_dice_sorted,rater0_best_dice_dsorted_ss20,rater1_best_dice_dsorted_ss20,mean_gt_vols
0,0.3375224769115448,0.40117838978767395,0.5297817,0.26535255,0.7869392,3.7664783,0.16055244,0.15301945719279753,0.5652933120727539,0.8185924291610718,3177.5
1,0.2923450171947479,0.3773047924041748,0.7278726,0.16521123,0.8210408,2.3154848,0.10764323,0.10223707682208011,0.7545135021209717,0.8531109690666199,4882.5
2,0.34428727626800537,0.357657253742218,0.3992674,3.8135593,0.6679463,0.5328597,0.07240298,0.061710165186148025,0.497560977935791,0.7550482749938965,399.5
3,0.341398149728775,0.38646388053894043,0.60715723,0.5217391,0.7620087,1.8426647,0.17116632,0.16087359386055095,0.6821905970573425,0.8055853843688965,1280.5
4,0.31543922424316406,0.4109047055244446,0.7169118,1.3305737,0.7584304,12.384969,0.20712112,0.196111557515044,0.7655981183052063,0.7759249210357666,4299.0
5,0.33907172083854675,0.4205331802368164,0.6626066,18.40747,0.72864145,0.20986357,0.21323098,0.20860572825921203,0.6922856569290161,0.7622613310813904,3464.0
6,0.31885987520217896,0.3984162211418152,0.49825785,0.86058515,0.6694737,1.431127,0.16114995,0.13369111469701722,0.5698113441467285,0.7274611592292786,570.0
7,0.322952002286911,0.3718413710594177,0.78312635,0.30570653,0.7901844,3.0365565,0.1687067,0.15567938724630753,0.8141745924949646,0.8202593922615051,3168.0
8,0.3365345299243927,0.43002259731292725,0.63485557,21.50404,0.7407407,1.4047867,0.17603073,0.16916011383658958,0.6712660789489746,0.7839195728302002,2570.0
9,0.29978418350219727,0.428875207901001,0.63318115,24.277168,0.7304048,0.5503145,0.2172756,0.2093732149977433,0.6591266393661499,0.7833547592163086,1639.0
