,rmses,IR_rmses,rater0_sample_top_dice,rater0_sample_best_avd,rater1_sample_top_dice,rater1_sample_best_avd,GED_vol_sorted,GED_dice_sorted,rater0_best_dice_dsorted_ss5,rater1_best_dice_dsorted_ss5,mean_gt_vols
0,0.33374837040901184,0.38851413130760193,0.5243432,6.3305535,0.7689031,23.163841,0.38095137,0.3809429705142975,0.5278946161270142,0.7707539796829224,3177.5
1,0.2946653664112091,0.35825276374816895,0.72423524,9.086617,0.82436013,15.231548,0.27271697,0.2727116882801056,0.7263311743736267,0.8270041942596436,4882.5
2,0.3407239019870758,0.3629182279109955,0.35714287,55.932205,0.5196182,31.083483,0.6080161,0.6079661965370178,0.3606557250022888,0.5270988345146179,399.5
3,0.34311848878860474,0.375228613615036,0.5954901,9.826087,0.71568626,26.506025,0.4735877,0.473580813407898,0.5991716384887695,0.7196721434593201,1280.5
4,0.3711255192756653,0.4007568955421448,0.6493599,33.707867,0.5846071,57.016872,0.60038656,0.6003774583339692,0.651925802230835,0.5854901671409607,4299.0
5,0.34164997935295105,0.41807129979133606,0.5526971,51.929222,0.70238835,31.58447,0.54313946,0.5431308686733245,0.5541326999664307,0.704119861125946,3464.0
6,0.3226722776889801,0.42550405859947205,0.36561742,56.110157,0.5339926,54.382824,0.7185993,0.7185677349567414,0.3713592290878296,0.5371286869049072,570.0
7,0.3247113823890686,0.33851397037506104,0.764856,11.922555,0.7472013,23.555426,0.40476862,0.4047550320625305,0.7673366069793701,0.7500419020652771,3168.0
8,0.3364969789981842,0.4176323115825653,0.5380399,58.1417,0.70872897,29.916754,0.49872538,0.49871795177459716,0.5402324199676514,0.7130594849586487,2570.0
9,0.42347851395606995,0.43143829703330994,0.3919129,71.784645,0.515778,55.503143,0.82141894,0.8213431775569916,0.39298245310783386,0.520021915435791,1639.0
