,rmses,IR_rmses,rater0_sample_top_dice,rater0_sample_best_avd,rater1_sample_top_dice,rater1_sample_best_avd,GED_vol_sorted,GED_dice_sorted,rater0_best_dice_dsorted_ss15,rater1_best_dice_dsorted_ss15,mean_gt_vols
0,0.33106669783592224,0.40270164608955383,0.53278995,1.7816527,0.78542954,4.277643,0.21356839,0.20666022073654902,0.5633006691932678,0.7997711896896362,3177.5
1,0.32157954573631287,0.3886125683784485,0.70899093,0.77885294,0.8065001,2.5325615,0.22582865,0.22381840064412073,0.730177640914917,0.82753986120224,4882.5
2,0.3609873354434967,0.3857770562171936,0.390625,16.949154,0.6500994,2.3090587,0.2511522,0.24401969938051132,0.44680851697921753,0.6842105388641357,399.5
3,0.3679131865501404,0.39974382519721985,0.5723577,1.0434783,0.74972993,1.8426647,0.3318469,0.3248893346105304,0.6242476105690002,0.7826730608940125,1280.5
4,0.32314178347587585,0.42366811633110046,0.7060223,1.1531638,0.7187756,35.908745,0.36361068,0.35790254814284184,0.7416314482688904,0.725943386554718,4299.0
5,0.34686097502708435,0.4298383295536041,0.6232245,32.170067,0.71164024,3.4627492,0.36491847,0.3602879640601929,0.6341909170150757,0.7342351078987122,3464.0
6,0.3330109119415283,0.3992212414741516,0.4966571,11.015491,0.66146344,7.513417,0.31484288,0.3004210906369346,0.5465005040168762,0.6985743641853333,570.0
7,0.34667035937309265,0.38893425464630127,0.75793165,6.2160325,0.7613982,6.014151,0.32171842,0.31356738720621385,0.7917335033416748,0.7876723408699036,3168.0
8,0.3390958905220032,0.43327829241752625,0.6280175,36.513363,0.7526819,6.295525,0.29549235,0.2928304003817695,0.6335715651512146,0.7689220309257507,2570.0
9,0.3307780921459198,0.4450840651988983,0.61071193,47.357925,0.7353952,16.981133,0.3876542,0.38591170765104754,0.6154356002807617,0.7630375027656555,1639.0
