,rmses,IR_rmses,rater0_sample_top_dice,rater0_sample_best_avd,rater1_sample_top_dice,rater1_sample_best_avd,GED_vol_sorted,GED_dice_sorted,rater0_best_dice_dsorted_ss3,rater1_best_dice_dsorted_ss3,mean_gt_vols
0,0.3294842541217804,0.39165937900543213,0.5235253,3.297953,0.77225095,0.4573581,0.12383395,0.12093816200892138,0.5392086505889893,0.7884508371353149,3177.5
1,0.30214452743530273,0.37158289551734924,0.70273364,6.348832,0.8034991,3.545586,0.09870664,0.09564124544461566,0.7273764610290527,0.824583113193512,4882.5
2,0.34512394666671753,0.34619075059890747,0.33150685,109.32204,0.6486056,12.255773,0.11569636,0.1127084841330846,0.37288135290145874,0.6861788630485535,399.5
3,0.34008118510246277,0.38002070784568787,0.5858255,12.26087,0.7357513,8.504607,0.106182866,0.09705090026060748,0.6415874361991882,0.7809734344482422,1280.5
4,0.3281041383743286,0.40069127082824707,0.7036708,0.23654641,0.742235,20.3796,0.10945371,0.10836799939473468,0.7294223308563232,0.7541924118995667,4299.0
5,0.34301698207855225,0.41693514585494995,0.61442673,24.256573,0.72744185,7.79993,0.1735841,0.1712817251682282,0.639859139919281,0.7311906218528748,3464.0
6,0.32863354682922363,0.40419167280197144,0.47001934,22.030981,0.6007905,18.962433,0.06947846,0.05845295886198676,0.5363550782203674,0.6454720497131348,570.0
7,0.32400184869766235,0.36348941922187805,0.7700631,11.650815,0.74987483,3.360849,0.11284115,0.10465829571088153,0.7904778718948364,0.7802920937538147,3168.0
8,0.3332553803920746,0.42075496912002563,0.5874683,28.402733,0.71541387,19.87513,0.11339181,0.10257442792256682,0.6241913437843323,0.7368420958518982,2570.0
9,0.3368852138519287,0.4317358136177063,0.6164897,40.378864,0.72447324,5.9748425,0.13126378,0.12887388467788696,0.6269035339355469,0.7637761831283569,1639.0
