,rmses,IR_rmses,rater0_sample_top_dice,rater0_sample_best_avd,rater1_sample_top_dice,rater1_sample_best_avd,GED_vol_sorted,GED_dice_sorted,rater0_best_dice_dsorted_ss7,rater1_best_dice_dsorted_ss7,mean_gt_vols
0,0.33363077044487,0.39977550506591797,0.78982484,6.45682,0.5364324,0.5307051,0.18276966,0.17706497368358426,0.8040626049041748,0.5571942329406738,3177.5
1,0.30958932638168335,0.3813796639442444,0.8029698,5.083213,0.7106175,2.3837621,0.16210018,0.15556210563296363,0.8366751670837402,0.7291516661643982,4882.5
2,0.3842426538467407,0.37586623430252075,0.6201269,4.0852575,0.37804878,77.9661,0.26126233,0.2557179168576285,0.6399345397949219,0.4177040159702301,399.5
3,0.349806547164917,0.3887668550014496,0.74471897,2.05528,0.5935267,3.5652175,0.25783253,0.24981087871960223,0.7678843140602112,0.6382791996002197,1280.5
4,0.304578572511673,0.4014745056629181,0.73804003,18.059816,0.703003,3.0751035,0.22137614,0.21456324202673777,0.7557480931282043,0.737194836139679,4299.0
5,0.3252749443054199,0.41504162549972534,0.7279385,8.324589,0.638789,23.887934,0.27273315,0.2645399385974522,0.7430555820465088,0.656093955039978,3464.0
6,0.3229139447212219,0.3872927129268646,0.63926,3.2200358,0.48531953,0.68846816,0.2556263,0.22663885780743193,0.6851851940155029,0.5442307591438293,570.0
7,0.3229963481426239,0.3551139235496521,0.76974523,4.7169814,0.76508915,1.9021739,0.2616596,0.2546613982745579,0.7782762050628662,0.7828078269958496,3168.0
8,0.3159046769142151,0.4157398045063019,0.7479862,1.508845,0.6597832,19.422,0.16701047,0.1533751374199276,0.7735598683357239,0.6632688641548157,2570.0
9,0.292387992143631,0.4181104004383087,0.73502,0.1572327,0.6207317,25.174479,0.24089576,0.231863172281356,0.7654751539230347,0.6562404036521912,1639.0
