,rmses,IR_rmses,rater0_sample_top_dice,rater0_sample_best_avd,rater1_sample_top_dice,rater1_sample_best_avd,GED_vol_sorted,GED_dice_sorted,rater0_best_dice_dsorted_ss7,rater1_best_dice_dsorted_ss7,mean_gt_vols
0,0.3372386395931244,0.39462023973464966,0.5232948,3.4116757,0.76885295,3.2553132,0.12471985,0.11881125682876215,0.5580159425735474,0.8038184642791748,3177.5
1,0.29972708225250244,0.37171268463134766,0.71661687,1.2272835,0.8157498,0.0,0.094144635,0.09232480185372494,0.739398181438446,0.837020993232727,4882.5
2,0.35484379529953003,0.3541627526283264,0.36094674,51.271187,0.64784545,0.0,0.0838159,0.07457730103106719,0.41426610946655273,0.7340889573097229,399.5
3,0.34191033244132996,0.37617620825767517,0.5926573,1.0434783,0.734572,2.4805102,0.16479175,0.1554359864620935,0.6422487497329712,0.7890310883522034,1280.5
4,0.313824862241745,0.3963405191898346,0.70392156,1.360142,0.7341941,3.4317486,0.14037727,0.12546679803303312,0.751596212387085,0.7753912806510925,4299.0
5,0.3273036777973175,0.4091462790966034,0.6687483,18.972721,0.7189846,4.3371806,0.1779659,0.17270359822681963,0.6879322528839111,0.7554994821548462,3464.0
6,0.30512335896492004,0.38484102487564087,0.4816609,8.0895,0.6547619,4.472272,0.12943366,0.09960525021666577,0.5545774698257446,0.7156308889389038,570.0
7,0.3022221624851227,0.3538573384284973,0.7737798,0.20380434,0.77345973,13.384435,0.13142844,0.11725152106512166,0.7990526556968689,0.8070016503334045,3168.0
8,0.321051687002182,0.41430291533470154,0.66948706,23.710379,0.72991586,4.0062437,0.13077992,0.12779422459148226,0.6847299337387085,0.7768275737762451,2570.0
9,0.28912216424942017,0.4131244421005249,0.6343422,18.594217,0.7195013,3.1446543,0.1625966,0.1474358496211825,0.6637581586837769,0.7504408955574036,1639.0
