,rmses,IR_rmses,rater0_sample_top_dice,rater0_sample_best_avd,rater1_sample_top_dice,rater1_sample_best_avd,GED_vol_sorted,GED_dice_sorted,rater0_best_dice_dsorted_ss7,rater1_best_dice_dsorted_ss7,mean_gt_vols
0,0.3346969783306122,0.3934301733970642,0.7795176,3.1207964,0.53227633,0.83396506,0.13449587,0.1254102403209323,0.7843784093856812,0.5446076393127441,3177.5
1,0.30028611421585083,0.3721223771572113,0.8175768,1.573806,0.7208343,5.947604,0.10991005,0.10748208136785597,0.8398774862289429,0.7448323965072632,4882.5
2,0.3814103603363037,0.37101277709007263,0.64532435,10.834814,0.3455344,13.559322,0.16188012,0.17823971878914613,0.6682730913162231,0.42506811022758484,399.5
3,0.34804168343544006,0.383989155292511,0.74319065,2.9766123,0.6089216,0.7826087,0.22972478,0.23099265779767725,0.7801617980003357,0.6369947195053101,1280.5
4,0.299478143453598,0.37985050678253174,0.7720646,5.3680983,0.71650606,0.3252513,0.1586489,0.15142429016885306,0.7868445515632629,0.7545657157897949,4299.0
5,0.3416813910007477,0.41224491596221924,0.7155732,2.903113,0.62195766,14.204964,0.26965013,0.2630112086023603,0.7465539574623108,0.6477192044258118,3464.0
6,0.33550822734832764,0.403909295797348,0.59933406,4.6511626,0.44232604,0.68846816,0.24105053,0.23612135081064134,0.6126760840415955,0.48513901233673096,570.0
7,0.3199598491191864,0.3586387634277344,0.7688588,3.0070755,0.7696317,4.4836955,0.18501437,0.16873047891117277,0.7943240404129028,0.7839025855064392,3168.0
8,0.3295411765575409,0.42204007506370544,0.71742076,6.867846,0.59294385,10.75202,0.21687235,0.19868165680340366,0.7147066593170166,0.6360777020454407,2570.0
9,0.3056918680667877,0.42386797070503235,0.73176974,9.04088,0.5923961,30.85743,0.28399622,0.26710839924358176,0.7668845057487488,0.612205982208252,1639.0
