,rmses,IR_rmses,rater0_sample_top_dice,rater0_sample_best_avd,rater1_sample_top_dice,rater1_sample_best_avd,GED_vol_sorted,GED_dice_sorted,rater0_best_dice_dsorted_ss5,rater1_best_dice_dsorted_ss5,mean_gt_vols
0,0.3375224769115448,0.40117838978767395,0.5303629,1.0614102,0.7807833,9.039548,0.16410679,0.16073386073112494,0.5509070754051208,0.804187536239624,3177.5
1,0.2923450171947479,0.3773047924041748,0.725672,1.0620723,0.8158354,3.0571635,0.11473888,0.11154266595840456,0.7416478395462036,0.8411877155303955,4882.5
2,0.34428727626800537,0.357657253742218,0.3554817,11.864407,0.6314077,11.367674,0.06309818,0.05060021877288812,0.43478259444236755,0.6943191885948181,399.5
3,0.341398149728775,0.38646388053894043,0.6030246,3.7391305,0.7538248,3.827073,0.17573835,0.16912626028060912,0.6568073034286499,0.789080023765564,1280.5
4,0.31543922424316406,0.4109047055244446,0.7283436,5.8249555,0.7420125,31.384203,0.19705631,0.19164684414863586,0.7568899393081665,0.7467033863067627,4299.0
5,0.33907172083854675,0.4205331802368164,0.6364839,32.809044,0.7087431,4.372158,0.23717289,0.23471850752830503,0.6429105997085571,0.7212467789649963,3464.0
6,0.31885987520217896,0.3984162211418152,0.48799232,1.2048192,0.67517173,5.1878357,0.16609824,0.15206908285617837,0.514970064163208,0.6957364082336426,570.0
7,0.322952002286911,0.3718413710594177,0.7801783,1.9021739,0.77613634,7.5471697,0.15220441,0.14026713371276855,0.7854374051094055,0.793071985244751,3168.0
8,0.3365345299243927,0.43002259731292725,0.626548,39.403355,0.72055787,1.4568158,0.19044952,0.1869385957717895,0.6322378516197205,0.7505617737770081,2570.0
9,0.29978418350219727,0.428875207901001,0.58927983,48.404785,0.7308192,18.632074,0.23213615,0.23050975501537313,0.6008010506629944,0.7618197798728943,1639.0
