,rmses,IR_rmses,rater0_sample_top_dice,rater0_sample_best_avd,rater1_sample_top_dice,rater1_sample_best_avd,GED_vol_sorted,GED_dice_sorted,rater0_best_dice_dsorted_ss25,rater1_best_dice_dsorted_ss25,mean_gt_vols
0,0.39886781573295593,0.4144574999809265,0.505443,22.93404,0.75389063,3.1207964,0.41650873,0.41647061665852875,0.5124378204345703,0.7599443793296814,3177.5
1,0.32937464118003845,0.3892466127872467,0.7114383,5.5227757,0.81165534,11.269898,0.31274435,0.31272412697474156,0.715664267539978,0.8147861957550049,4882.5
2,0.43622735142707825,0.39401471614837646,0.25605536,167.37288,0.5775226,12.078153,0.6205356,0.6203439551591874,0.27293065190315247,0.5912350416183472,399.5
3,0.3919297456741333,0.40005379915237427,0.5682782,1.3913044,0.7158449,9.85117,0.5089002,0.5088313202063243,0.5785263180732727,0.7225368022918701,1280.5
4,0.3169652223587036,0.3930349051952362,0.723798,0.059136603,0.7203857,32.97546,0.38441917,0.3843275819222133,0.7306371927261353,0.7221454977989197,4299.0
5,0.3460177481174469,0.4194917380809784,0.6032849,44.38437,0.7036314,20.84645,0.49223796,0.49214476843674987,0.6065050959587097,0.7072978019714355,3464.0
6,0.37161019444465637,0.4011143743991852,0.4608121,0.0,0.6171649,0.17889087,0.57015955,0.570010041197141,0.46906739473342896,0.628731369972229,570.0
7,0.3382878601551056,0.3627481460571289,0.76827633,2.5815217,0.76902294,3.066038,0.387558,0.38750102241834006,0.771295964717865,0.7745382189750671,3168.0
8,0.32261180877685547,0.4048193395137787,0.6233353,43.66066,0.7264405,5.671176,0.40340152,0.4033559187253316,0.625049889087677,0.7330070734024048,2570.0
9,0.29349467158317566,0.4057648777961731,0.6467977,42.273182,0.7129127,8.962264,0.40852204,0.40848057448863984,0.6477887630462646,0.7216147780418396,1639.0
