,rmses,IR_rmses,rater0_sample_top_dice,rater0_sample_best_avd,rater1_sample_top_dice,rater1_sample_best_avd,GED_vol_sorted,GED_dice_sorted,rater0_best_dice_dsorted_ss25,rater1_best_dice_dsorted_ss25,mean_gt_vols
0,0.34684130549430847,0.3903988003730774,0.51768667,1.7816527,0.74464786,26.392252,0.43443236,0.43442789733409876,0.5206812620162964,0.7469654679298401,3177.5
1,0.34725120663642883,0.3858930766582489,0.66070306,12.4852495,0.726505,32.923298,0.49228662,0.49228411793708804,0.6631326675415039,0.7274303436279297,4882.5
2,0.35531970858573914,0.38121190667152405,0.31784108,82.62712,0.58449304,21.314386,0.6075891,0.6075882450739543,0.3178410828113556,0.5905905961990356,399.5
3,0.38085997104644775,0.3911500573158264,0.47674987,21.826086,0.6051948,36.28632,0.72722435,0.727208408912023,0.4793713092803955,0.6076388955116272,1280.5
4,0.35530349612236023,0.40569084882736206,0.68632436,25.517447,0.6177117,51.70629,0.5526554,0.5526526000102362,0.68748939037323,0.6177915930747986,4299.0
5,0.35387900471687317,0.4190989136695862,0.57797706,52.027523,0.6881631,31.724379,0.54899865,0.5489985938866933,0.5795076489448547,0.6906894445419312,3464.0
6,0.34907445311546326,0.41008514165878296,0.33793104,48.192772,0.51929826,46.153847,0.7748148,0.7747969267765681,0.342135488986969,0.5270588397979736,570.0
7,0.32943785190582275,0.35765206813812256,0.7663317,10.529891,0.75576955,22.346697,0.41886637,0.4188621731599172,0.7682905197143555,0.7574397325515747,3168.0
8,0.3436933159828186,0.42330390214920044,0.5408253,58.42138,0.7039312,30.385014,0.52882296,0.5288222750027975,0.5410627722740173,0.7062442302703857,2570.0
9,0.378753662109375,0.4352134168148041,0.45596644,69.24227,0.54526204,51.49371,0.78588164,0.7858828639984131,0.45614033937454224,0.5455508232116699,1639.0
