,rmses,IR_rmses,rater0_sample_top_dice,rater0_sample_best_avd,rater1_sample_top_dice,rater1_sample_best_avd,GED_vol_sorted,GED_dice_sorted,rater0_best_dice_dsorted_ss5,rater1_best_dice_dsorted_ss5,mean_gt_vols
0,0.33363077044487,0.39977550506591797,0.53799623,0.5307051,0.7900736,2.3944042,0.17088322,0.16571417450904838,0.5514053106307983,0.8031428456306458,3177.5
1,0.30958932638168335,0.3813796639442444,0.710721,1.9825349,0.80853474,8.393633,0.14510608,0.14185637235641485,0.7251944541931152,0.823663055896759,4882.5
2,0.3842426538467407,0.37586623430252075,0.36501902,22.881355,0.6193078,4.973357,0.20869818,0.20625824928283698,0.41545894742012024,0.644518256187439,399.5
3,0.349806547164917,0.3887668550014496,0.5910246,5.391304,0.72817385,1.7717931,0.26325393,0.256379920244217,0.6396624445915222,0.7779021859169006,1280.5
4,0.304578572511673,0.4014745056629181,0.6918781,6.9781194,0.72001773,27.032207,0.27042407,0.26270737051963805,0.723809540271759,0.7314624786376953,4299.0
5,0.3252749443054199,0.41504162549972534,0.64620084,23.076923,0.7188246,9.478839,0.24896315,0.24348503351211537,0.6527414917945862,0.7404958605766296,3464.0
6,0.3229139447212219,0.3872927129268646,0.47160733,10.154905,0.6352016,6.6189623,0.23784094,0.23085126280784596,0.5218234658241272,0.6777893900871277,570.0
7,0.3229963481426239,0.3551139235496521,0.74980015,8.525815,0.75041026,2.3879716,0.2533111,0.24251123666763302,0.7866137623786926,0.7746568918228149,3168.0
8,0.3159046769142151,0.4157398045063019,0.6563177,27.84338,0.7267303,10.770031,0.19907711,0.19618238806724553,0.6626527905464172,0.7677100300788879,2570.0
9,0.292387992143631,0.4181104004383087,0.64089704,31.05683,0.7099447,8.726415,0.24080604,0.23662541508674628,0.6476365923881531,0.7603448033332825,1639.0
