,rmses,IR_rmses,rater0_sample_top_dice,rater0_sample_best_avd,rater1_sample_top_dice,rater1_sample_best_avd,GED_vol_sorted,GED_dice_sorted,rater0_best_dice_dsorted_ss7,rater1_best_dice_dsorted_ss7,mean_gt_vols
0,0.340795636177063,0.3976607620716095,0.7777279,20.258274,0.53655875,6.4442763,0.36230987,0.36228380742527183,0.7800120115280151,0.539803683757782,3177.5
1,0.3252488970756531,0.3802197575569153,0.8206975,8.628799,0.70502645,14.11376,0.30263162,0.30263295627775644,0.8243359327316284,0.7086786031723022,4882.5
2,0.4162912964820862,0.388014554977417,0.651368,1.2433393,0.30272952,141.52542,0.53375965,0.5337219287951787,0.6596858501434326,0.3027295172214508,399.5
3,0.3877696096897125,0.39260876178741455,0.698879,16.654856,0.56358,0.0,0.5308445,0.5308312333765484,0.7024503946304321,0.5695595145225525,1280.5
4,0.3040692210197449,0.3916288912296295,0.71756804,37.28911,0.7291446,3.2820816,0.37704787,0.3770452056612287,0.7198581695556641,0.7328777313232422,4299.0
5,0.32893410325050354,0.4117584824562073,0.71363366,23.749563,0.5981757,46.424183,0.48380017,0.48374049862225854,0.7190380692481995,0.5997752547264099,3464.0
6,0.3199070990085602,0.4114643335342407,0.6625641,24.686941,0.48545638,27.538725,0.48972833,0.4895440623873756,0.6694300770759583,0.49240121245384216,570.0
7,0.30884960293769836,0.34856176376342773,0.7780468,16.715803,0.7904316,4.0421195,0.3499672,0.349959617569333,0.7798091173171997,0.7939330339431763,3168.0
8,0.3102574944496155,0.4054590165615082,0.7349666,12.226847,0.614475,47.576134,0.3985216,0.3984814839703696,0.7396036982536316,0.6163290143013,2570.0
9,0.3032108247280121,0.41698023676872253,0.70124304,14.072328,0.6095979,45.51346,0.45544192,0.45542134557451514,0.7061877846717834,0.6112374067306519,1639.0
