,rmses,IR_rmses,rater0_sample_top_dice,rater0_sample_best_avd,rater1_sample_top_dice,rater1_sample_best_avd,GED_vol_sorted,GED_dice_sorted,rater0_best_dice_dsorted_ss3,rater1_best_dice_dsorted_ss3,mean_gt_vols
0,0.34032008051872253,0.3978729546070099,0.4789966,4.6626234,0.7011423,25.719666,0.28057212,0.2785916229089102,0.5070533156394958,0.7227770090103149,3177.5
1,0.31610798835754395,0.3789688050746918,0.7009279,1.6049091,0.7649789,24.583935,0.2229643,0.22194323937098182,0.7138097286224365,0.7749085426330566,4882.5
2,0.3293934762477875,0.3557511866092682,0.33182505,80.932205,0.54180604,12.433393,0.17185698,0.16957317789395654,0.3643617033958435,0.6315789222717285,399.5
3,0.3621561825275421,0.40207645297050476,0.46970955,9.565217,0.6289779,10.701631,0.30742535,0.29639722903569543,0.539262056350708,0.6806790828704834,1280.5
4,0.3382800817489624,0.4050266444683075,0.6867816,14.784151,0.6571993,44.746933,0.2875941,0.28645493586858123,0.7123784422874451,0.6644169688224792,4299.0
5,0.3673704266548157,0.4321812391281128,0.53918916,54.509705,0.6475584,35.257084,0.40030223,0.3995371560255687,0.5476312637329102,0.6617710590362549,3464.0
6,0.3205212354660034,0.398192822933197,0.37759337,11.531841,0.581741,8.050089,0.2280967,0.2200976014137268,0.42767295241355896,0.6480085849761963,570.0
7,0.3638816177845001,0.3758494555950165,0.71544117,15.217391,0.67561144,26.415094,0.31920278,0.3167967895666758,0.7330892086029053,0.6904387474060059,3168.0
8,0.35384899377822876,0.41477206349372864,0.5534903,49.53387,0.66835874,15.504683,0.2670122,0.26451778411865234,0.5678073763847351,0.6999698877334595,2570.0
9,0.34450221061706543,0.40460318326950073,0.57171446,50.548355,0.65282685,22.012577,0.27619162,0.2746511201063792,0.5877163410186768,0.6882129311561584,1639.0
