,rmses,IR_rmses,rater0_sample_top_dice,rater0_sample_best_avd,rater1_sample_top_dice,rater1_sample_best_avd,GED_vol_sorted,GED_dice_sorted,rater0_best_dice_dsorted_ss20,rater1_best_dice_dsorted_ss20,mean_gt_vols
0,0.33635810017585754,0.3899771571159363,0.52425504,16.982563,0.780758,15.44256,0.37949342,0.3794893754156013,0.5272315740585327,0.7838431000709534,3177.5
1,0.31021422147750854,0.36929017305374146,0.70699185,17.724804,0.82878786,8.4298115,0.29852414,0.2985223850137309,0.7087346911430359,0.8311540484428406,4882.5
2,0.33904626965522766,0.3480623662471771,0.3532684,104.66101,0.56953645,11.545293,0.59409165,0.594091048287718,0.35326841473579407,0.5727878212928772,399.5
3,0.352645605802536,0.3789162337779999,0.57350934,8.086956,0.70052826,25.08859,0.5372325,0.5372285949556451,0.5752050876617432,0.7027246952056885,1280.5
4,0.31213492155075073,0.39445966482162476,0.7005668,17.415731,0.67149454,46.45322,0.47533822,0.4753341439523195,0.703360915184021,0.6720799207687378,4299.0
5,0.3384440243244171,0.408889502286911,0.58247674,49.37331,0.70046836,27.946836,0.5281939,0.5281939279876257,0.5838915109634399,0.7028571367263794,3464.0
6,0.32510265707969666,0.39574140310287476,0.42337376,43.889843,0.6199095,41.681572,0.61744946,0.6174590561735003,0.42619311809539795,0.6227272748947144,570.0
7,0.3003200590610504,0.3409184515476227,0.77734375,8.288044,0.7846356,20.400944,0.3627811,0.36277576512412024,0.7799145579338074,0.7871010303497314,3168.0
8,0.33203572034835815,0.40287867188453674,0.5670498,54.008698,0.71655864,22.99688,0.4817771,0.48177772681964065,0.5685647130012512,0.7206621170043945,2570.0
9,0.3123646080493927,0.41896605491638184,0.5602788,56.929214,0.6797753,32.07547,0.546758,0.5467584873500623,0.5622602105140686,0.6832473278045654,1639.0
