,rmses,IR_rmses,rater0_sample_top_dice,rater0_sample_best_avd,rater1_sample_top_dice,rater1_sample_best_avd,GED_vol_sorted,GED_dice_sorted,rater0_best_dice_dsorted_ss20,rater1_best_dice_dsorted_ss20,mean_gt_vols
0,0.33363077044487,0.39977550506591797,0.54182225,0.6065201,0.7938074,3.2015066,0.16867293,0.16103179258735562,0.5696648955345154,0.8196538090705872,3177.5
1,0.30958932638168335,0.3813796639442444,0.7156828,0.30682087,0.8229315,0.6693198,0.1514429,0.14535487121657323,0.7428708076477051,0.8477119207382202,4882.5
2,0.3842426538467407,0.37586623430252075,0.4168126,0.84745765,0.6534483,0.1776199,0.22633892,0.2239305848941991,0.47322970628738403,0.6745362281799316,399.5
3,0.349806547164917,0.3887668550014496,0.59707135,0.4347826,0.76077884,0.49610206,0.23967788,0.22904274549923442,0.6638548970222473,0.7929077744483948,1280.5
4,0.304578572511673,0.4014745056629181,0.70823264,0.6505026,0.7490518,3.7768404,0.24035615,0.22634235840094713,0.7454068064689636,0.7733159065246582,4299.0
5,0.3252749443054199,0.41504162549972534,0.6711752,7.3973947,0.7245944,3.287863,0.26585275,0.2580484129880604,0.6936384439468384,0.7474821209907532,3464.0
6,0.3229139447212219,0.3872927129268646,0.47956404,3.4423406,0.6482051,0.35778174,0.25693926,0.2397578704121866,0.5549019575119019,0.7060020565986633,570.0
7,0.3229963481426239,0.3551139235496521,0.7679426,0.9171195,0.7810241,4.245283,0.22944064,0.21471674379549527,0.8009217977523804,0.7954015731811523,3168.0
8,0.3159046769142151,0.4157398045063019,0.6659479,10.037291,0.7517007,1.4568158,0.20407504,0.19439459929340763,0.6814788579940796,0.7851970791816711,2570.0
9,0.292387992143631,0.4181104004383087,0.64931995,12.711864,0.73907715,0.3144654,0.2245345,0.21488679137669114,0.6965292096138,0.7856214642524719,1639.0
