,rmses,IR_rmses,rater0_sample_top_dice,rater0_sample_best_avd,rater1_sample_top_dice,rater1_sample_best_avd,GED_vol_sorted,GED_dice_sorted,rater0_best_dice_dsorted_ss7,rater1_best_dice_dsorted_ss7,mean_gt_vols
0,0.3586542010307312,0.4033588171005249,0.52079564,8.4912815,0.7646267,19.774012,0.39688593,0.3968604434104192,0.5244252681732178,0.7657536268234253,3177.5
1,0.32003453373908997,0.3886003792285919,0.704135,0.23601605,0.79144603,22.3589,0.34859294,0.34856805914924255,0.7080170512199402,0.7926953434944153,4882.5
2,0.40014877915382385,0.3772362470626831,0.30024815,141.52542,0.6335299,1.2433393,0.5447962,0.5447344999937784,0.30450668931007385,0.6443873047828674,399.5
3,0.3677537143230438,0.3994027078151703,0.5298013,14.434783,0.6688935,30.262226,0.59958607,0.5995327887080965,0.5363075733184814,0.6736842393875122,1280.5
4,0.3106386661529541,0.40687474608421326,0.7101217,15.375517,0.6761575,45.130367,0.4536383,0.453607684090024,0.7129286527633667,0.67649245262146,4299.0
5,0.363614946603775,0.4305112957954407,0.5330189,54.116493,0.6766822,34.697445,0.5979298,0.5979052001521701,0.5337609648704529,0.6779732704162598,3464.0
6,0.3654363453388214,0.42451950907707214,0.38370848,39.414803,0.57958287,37.03041,0.6629604,0.6629187081541333,0.3890710473060608,0.5853658318519592,570.0
7,0.34171563386917114,0.374380499124527,0.72938967,18.274456,0.72024834,29.068396,0.49780333,0.49775155385335285,0.7331202030181885,0.7223570346832275,3168.0
8,0.35984283685684204,0.43658581376075745,0.51050514,60.969543,0.6803021,34.651405,0.5678026,0.5677724523203712,0.5122005939483643,0.6846104860305786,2570.0
9,0.3278537094593048,0.43283945322036743,0.5507246,55.533398,0.70055455,29.874214,0.5176709,0.5176600714524586,0.5519861578941345,0.7028783559799194,1639.0
