,rmses,IR_rmses,rater0_sample_top_dice,rater0_sample_best_avd,rater1_sample_top_dice,rater1_sample_best_avd,GED_vol_sorted,GED_dice_sorted,rater0_best_dice_dsorted_ss5,rater1_best_dice_dsorted_ss5,mean_gt_vols
0,0.33420178294181824,0.3972427546977997,0.52501667,1.1751326,0.78162545,9.658327,0.10699408,0.10075688362121571,0.550193727016449,0.8001692295074463,3177.5
1,0.29974251985549927,0.3756134510040283,0.7147798,4.7203207,0.81586814,0.27134588,0.093798205,0.09158925414085384,0.7358686923980713,0.8310931324958801,4882.5
2,0.34040725231170654,0.3475561738014221,0.39925373,27.118645,0.63585955,7.815275,0.054041263,0.03879687935113918,0.4498269855976105,0.7119740843772888,399.5
3,0.34455612301826477,0.3816736936569214,0.60215056,3.1304348,0.7439353,3.9688165,0.11777957,0.1093684375286102,0.6420302987098694,0.7807678580284119,1280.5
4,0.31864506006240845,0.4069594740867615,0.69899666,10.319338,0.7491676,27.26227,0.16868064,0.16158960461616517,0.7490683197975159,0.7552604675292969,4299.0
5,0.3434194028377533,0.42139679193496704,0.63133705,28.876873,0.70571876,1.2242043,0.20826344,0.20029495954513543,0.6475458145141602,0.7448036670684814,3464.0
6,0.32543402910232544,0.41148680448532104,0.418811,6.0240965,0.6006674,2.3255813,0.24915563,0.22558442652225497,0.47843942046165466,0.6790123581886292,570.0
7,0.3176043927669525,0.3684350550174713,0.7682658,0.3736413,0.7666614,11.291274,0.15522312,0.14196580946445464,0.7980653047561646,0.7949374914169312,3168.0
8,0.33393096923828125,0.4253884553909302,0.61025345,36.948414,0.7229654,5.567117,0.17113179,0.16640332937240598,0.6172743439674377,0.7492207288742065,2570.0
9,0.3148795962333679,0.43273165822029114,0.6386655,32.652046,0.6801373,6.210692,0.15727663,0.15495659410953533,0.6501360535621643,0.7403803467750549,1639.0
