,rmses,IR_rmses,rater0_sample_top_dice,rater0_sample_best_avd,rater1_sample_top_dice,rater1_sample_best_avd,GED_vol_sorted,GED_dice_sorted,rater0_best_dice_dsorted_ss15,rater1_best_dice_dsorted_ss15,mean_gt_vols
0,0.3408088982105255,0.39101025462150574,0.5176382,0.9476877,0.73972183,23.970943,0.27261114,0.2700010299682618,0.5551674365997314,0.7589967250823975,3177.5
1,0.32333770394325256,0.3820450007915497,0.7113265,3.7998583,0.7844046,20.44139,0.24462074,0.2423138556026277,0.7399203777313232,0.7979860305786133,4882.5
2,0.299129843711853,0.3524412512779236,0.39520958,0.84745765,0.5647059,10.479574,0.19445246,0.1890662095376423,0.4605543613433838,0.6738491654396057,399.5
3,0.3683624267578125,0.39056554436683655,0.55777586,0.17391305,0.6913773,18.355776,0.32701963,0.3213275875364031,0.6246973276138306,0.7257001399993896,1280.5
4,0.43503537774086,0.4363923966884613,0.67432433,24.955648,0.62419397,51.342022,0.46657023,0.46359138233321057,0.6910356879234314,0.6308271884918213,4299.0
5,0.3929622173309326,0.4442570209503174,0.52005893,49.913986,0.65613663,28.716335,0.47651777,0.4724065850178401,0.5398814678192139,0.6870457530021667,3464.0
6,0.3848913609981537,0.42628639936447144,0.4065934,27.366608,0.5844005,24.50805,0.38974142,0.37463927432185135,0.4703143239021301,0.668973445892334,570.0
7,0.40821734070777893,0.405691534280777,0.6949472,19.836956,0.6821975,30.42453,0.4493834,0.44538692406245645,0.7278106212615967,0.708695650100708,3168.0
8,0.4256751537322998,0.44887295365333557,0.506993,57.799877,0.6871951,29.344433,0.46573055,0.4625816282771882,0.5161147117614746,0.7178357839584351,2570.0
9,0.4420703053474426,0.4564419984817505,0.51945245,61.615158,0.67286974,39.46541,0.4812294,0.4811793461441994,0.5239313244819641,0.6824358105659485,1639.0
