,rmses,IR_rmses,rater0_sample_top_dice,rater0_sample_best_avd,rater1_sample_top_dice,rater1_sample_best_avd,GED_vol_sorted,GED_dice_sorted,rater0_best_dice_dsorted_ss5,rater1_best_dice_dsorted_ss5,mean_gt_vols
0,0.3708021640777588,0.4168739318847656,0.46955374,27.558756,0.6286425,48.58757,0.3296598,0.32976656854152686,0.49677717685699463,0.6467840671539307,3177.5
1,0.38081079721450806,0.4126603305339813,0.66361016,19.825348,0.70117646,38.549202,0.30136365,0.3000496029853822,0.6775764226913452,0.7061867117881775,4882.5
2,0.35283762216567993,0.43009716272354126,0.3529412,12.711864,0.48306012,37.4778,0.20632924,0.17671500518918026,0.478555291891098,0.5170387625694275,399.5
3,0.4120500981807709,0.4333858788013458,0.4066248,47.739132,0.49801192,57.406097,0.55749536,0.5568204730749131,0.44017359614372253,0.5060728788375854,1280.5
4,0.46009182929992676,0.4460892975330353,0.6313506,36.457718,0.56184655,58.799847,0.42047685,0.4187656164169312,0.647534966468811,0.5670623779296875,4299.0
5,0.46642762422561646,0.4670698344707489,0.40935454,68.64094,0.5252721,55.369007,0.56400543,0.5625217929482461,0.41390976309776306,0.5353785157203674,3464.0
6,0.44589564204216003,0.45110267400741577,0.3317757,52.667816,0.4574468,50.805008,0.4048719,0.4127656772732734,0.36268067359924316,0.503276526927948,570.0
7,0.46080464124679565,0.44875210523605347,0.53716916,52.411686,0.5203422,58.69693,0.6614465,0.6587960660457611,0.5497785210609436,0.5336427092552185,3168.0
8,0.4699179232120514,0.4718227684497833,0.3905724,70.78931,0.5569532,51.092613,0.5238744,0.5183223754167556,0.3998045027256012,0.5754411220550537,2570.0
9,0.4648323059082031,0.4758095443248749,0.39261878,73.03091,0.5350248,57.46855,0.4933081,0.49548769444227214,0.3955608308315277,0.5495243668556213,1639.0
