,rmses,IR_rmses,rater0_sample_top_dice,rater0_sample_best_avd,rater1_sample_top_dice,rater1_sample_best_avd,GED_vol_sorted,GED_dice_sorted,rater0_best_dice_dsorted_ss3,rater1_best_dice_dsorted_ss3,mean_gt_vols
0,0.33363077044487,0.39977550506591797,0.5390097,7.4677787,0.776862,0.8071025,0.13035773,0.12415723999341322,0.5477755069732666,0.7936462163925171,3177.5
1,0.30958932638168335,0.3813796639442444,0.7084249,6.702856,0.79865575,3.2018814,0.14319573,0.14196239908536276,0.7170515656471252,0.8181731700897217,4882.5
2,0.3842426538467407,0.37586623430252075,0.36036035,35.16949,0.6176991,0.7104796,0.16486813,0.1692332426706949,0.38840579986572266,0.6282811164855957,399.5
3,0.349806547164917,0.3887668550014496,0.57263356,7.478261,0.7131515,5.315379,0.2835608,0.2791982094446818,0.6234541535377502,0.7540489435195923,1280.5
4,0.304578572511673,0.4014745056629181,0.68932503,0.29568303,0.705855,34.969322,0.27911973,0.2769448459148407,0.7204774022102356,0.7084609866142273,4299.0
5,0.3252749443054199,0.41504162549972534,0.61968446,36.4463,0.71221304,9.548793,0.28921166,0.2885765930016835,0.6206163763999939,0.7211192846298218,3464.0
6,0.3229139447212219,0.3872927129268646,0.45499507,0.0,0.6188069,3.9355993,0.21267089,0.21214302380879713,0.5080000162124634,0.6694915294647217,570.0
7,0.3229963481426239,0.3551139235496521,0.7643766,0.23777173,0.7551632,13.00118,0.2433332,0.2407149275143941,0.7772971391677856,0.7655718922615051,3168.0
8,0.3159046769142151,0.4157398045063019,0.62423545,37.414543,0.7241798,4.7866807,0.20191674,0.2001448969046274,0.6281977295875549,0.7522302269935608,2570.0
9,0.292387992143631,0.4181104004383087,0.627978,36.78963,0.7078702,0.3144654,0.23295732,0.23171986142794299,0.6353523135185242,0.7462821006774902,1639.0
