,rmses,IR_rmses,rater0_sample_top_dice,rater0_sample_best_avd,rater1_sample_top_dice,rater1_sample_best_avd,GED_vol_sorted,GED_dice_sorted,rater0_best_dice_dsorted_ss20,rater1_best_dice_dsorted_ss20,mean_gt_vols
0,0.3305045962333679,0.39825552701950073,0.5181153,1.4025776,0.7501141,23.110035,0.2935251,0.2921147214738945,0.5487421154975891,0.7715483903884888,3177.5
1,0.30106794834136963,0.3748469948768616,0.7174393,0.8496578,0.79471743,13.712011,0.20515446,0.20392875624330417,0.7424058318138123,0.8194750547409058,4882.5
2,0.3114396333694458,0.34147942066192627,0.42190015,8.898305,0.64700097,1.9538188,0.12177173,0.11646172478795047,0.49038460850715637,0.746383786201477,399.5
3,0.4097415506839752,0.4085831642150879,0.5719149,4.347826,0.6970509,14.953934,0.39371556,0.3865016557276249,0.630630612373352,0.7386363744735718,1280.5
4,0.3949308395385742,0.42810457944869995,0.6582948,14.577172,0.6363973,44.61273,0.43725345,0.43357370989887345,0.7036276459693909,0.6521849036216736,4299.0
5,0.39887869358062744,0.44192609190940857,0.5592856,51.38855,0.68017364,30.81497,0.44511095,0.44400610759070036,0.572053849697113,0.69993656873703,3464.0
6,0.3607865273952484,0.4097515642642975,0.38582677,6.0240965,0.57545274,2.3255813,0.38294545,0.3721898021666627,0.4679911732673645,0.6789188981056213,570.0
7,0.40569189190864563,0.39956575632095337,0.7358136,19.225544,0.71126515,29.89387,0.4244622,0.421288526058197,0.755780041217804,0.7290413975715637,3168.0
8,0.3946247696876526,0.4419894814491272,0.5440171,54.568054,0.713948,23.933403,0.3996784,0.39799573488141365,0.5553145408630371,0.7363861203193665,2570.0
9,0.3502129316329956,0.44187283515930176,0.55683357,52.64207,0.7038704,25.314465,0.38984323,0.38833898392162813,0.5760831832885742,0.7411930561065674,1639.0
