,rater0_sample_top_dice,rater0_sample_best_avd,rater1_sample_top_dice,rater1_sample_best_avd,GED_vol_sorted,GED_dice_sorted,rater0_best_dice_dsorted_ss20,rater1_best_dice_dsorted_ss20
0,0.7219203,14.904493,0.48813957,0.6444276,0.2675437,0.26585421660228775,0.758380115032196,0.5394065380096436
1,0.788989,12.879885,0.70139134,0.09440642,0.21845187,0.2173785611202842,0.8132195472717285,0.7408657670021057
2,0.5918552,0.7104796,0.38485804,40.25424,0.15895927,0.15425421456365201,0.7332123517990112,0.4587155878543854
3,0.63316584,2.551382,0.5005941,0.5217391,0.32071617,0.3112670961179232,0.7482297420501709,0.6113455295562744
4,0.69381636,33.81902,0.7050984,2.069781,0.28877354,0.28707858653444984,0.7218864560127258,0.7462018132209778
5,0.6781205,21.930746,0.5683629,45.146225,0.3882247,0.38534912012125316,0.7198346853256226,0.5905796885490417
6,0.6131261,1.0733453,0.42307693,3.0981069,0.23875263,0.225901718869021,0.7252964377403259,0.5248780250549316
7,0.7138765,14.740565,0.7357779,1.7663043,0.35328403,0.3490361875609347,0.7435129880905151,0.780577540397644
8,0.6995685,2.0291364,0.5757868,39.061527,0.25830036,0.2546993730883849,0.7574867606163025,0.6060236096382141
9,0.6936151,1.8867924,0.6147463,37.78664,0.2810824,0.27567042657419255,0.7388362884521484,0.6455573439598083
