,rmses,IR_rmses,rater0_sample_top_dice,rater0_sample_best_avd,rater1_sample_top_dice,rater1_sample_best_avd,GED_vol_sorted,GED_dice_sorted,rater0_best_dice_dsorted_ss3,rater1_best_dice_dsorted_ss3,mean_gt_vols
0,0.3372386395931244,0.39462023973464966,0.52154696,5.837756,0.76687795,4.735001,0.119874336,0.11640287439028413,0.5465949773788452,0.7844716310501099,3177.5
1,0.29972708225250244,0.37171268463134766,0.7090887,6.0184093,0.8080478,1.8451519,0.10618504,0.10546103119850159,0.7188661694526672,0.8235846161842346,4882.5
2,0.35484379529953003,0.3541627526283264,0.36722305,79.23729,0.6409736,24.156305,0.07366758,0.06499963998794567,0.3913043439388275,0.7022222280502319,399.5
3,0.34191033244132996,0.37617620825767517,0.5551331,5.826087,0.7077335,11.693834,0.1917109,0.185552716255188,0.5945485234260559,0.7537688612937927,1280.5
4,0.313824862241745,0.3963405191898346,0.69251,12.773506,0.7291598,26.361197,0.13920023,0.132910668849945,0.7317593097686768,0.7380224466323853,4299.0
5,0.3273036777973175,0.4091462790966034,0.63200843,37.38019,0.7149991,10.87793,0.22173366,0.2206066946188609,0.6374098658561707,0.7315577864646912,3464.0
6,0.30512335896492004,0.38484102487564087,0.5172691,14.285715,0.61324614,18.783543,0.08878999,0.07475033402442932,0.548641562461853,0.6634241342544556,570.0
7,0.3022221624851227,0.3538573384284973,0.76283795,12.805706,0.7449359,13.944575,0.08920276,0.07884409030278522,0.785932183265686,0.7837332487106323,3168.0
8,0.321051687002182,0.41430291533470154,0.63210255,37.56992,0.70184696,4.5265346,0.1410315,0.13890376687049866,0.6409161686897278,0.739130437374115,2570.0
9,0.28912216424942017,0.4131244421005249,0.64184076,35.343967,0.7014403,1.9654088,0.16598119,0.16474077105522156,0.6524198651313782,0.7312101721763611,1639.0
