,rmses,IR_rmses,rater0_sample_top_dice,rater0_sample_best_avd,rater1_sample_top_dice,rater1_sample_best_avd,GED_vol_sorted,GED_dice_sorted,rater0_best_dice_dsorted_ss15,rater1_best_dice_dsorted_ss15,mean_gt_vols
0,0.33941981196403503,0.3993578553199768,0.4917473,0.18953753,0.7278427,11.191821,0.27430466,0.2714755807604108,0.5332311987876892,0.7667568325996399,3177.5
1,0.3173014521598816,0.3791249096393585,0.6975234,1.486901,0.78151673,15.611432,0.2246892,0.22315768258912227,0.7325132489204407,0.8042819499969482,4882.5
2,0.3291906416416168,0.3537352979183197,0.3657718,52.54237,0.5980498,0.1776199,0.17321229,0.16732838153839114,0.4402877688407898,0.7238938212394714,399.5
3,0.35973888635635376,0.40488743782043457,0.48155823,3.0434783,0.6111111,4.039688,0.3246881,0.31558521531877054,0.5903381705284119,0.7201966643333435,1280.5
4,0.34067389369010925,0.4070027470588684,0.6943669,0.50266117,0.68406945,35.486965,0.2895483,0.2867104924860455,0.7379287481307983,0.7078169584274292,4299.0
5,0.36402082443237305,0.43107184767723083,0.56497353,46.620792,0.67195326,24.02938,0.38048697,0.3786290019750594,0.5888907313346863,0.7051709890365601,3464.0
6,0.3187497556209564,0.3980790674686432,0.39458415,6.540447,0.6029106,2.862254,0.2567565,0.24243822573196316,0.5086705088615417,0.6899224519729614,570.0
7,0.37120065093040466,0.37572771310806274,0.73195875,8.899456,0.70115334,20.931604,0.33763096,0.3340547697884695,0.7685871720314026,0.7306896448135376,3168.0
8,0.35413336753845215,0.4133371412754059,0.588258,39.0926,0.685729,1.9771072,0.26070976,0.2567951528798966,0.6186112761497498,0.7561737298965454,2570.0
9,0.34267109632492065,0.40411996841430664,0.6008527,43.120636,0.6843267,10.298742,0.2897984,0.28747231179759614,0.6299212574958801,0.7333333492279053,1639.0
