,rmses,IR_rmses,rater0_sample_top_dice,rater0_sample_best_avd,rater1_sample_top_dice,rater1_sample_best_avd,GED_vol_sorted,GED_dice_sorted,rater0_best_dice_dsorted_ss25,rater1_best_dice_dsorted_ss25,mean_gt_vols
0,0.33635810017585754,0.3899771571159363,0.5242887,16.982563,0.78104955,15.44256,0.3798413,0.37983737091223396,0.5274878144264221,0.7838431000709534,3177.5
1,0.31021422147750854,0.36929017305374146,0.70699185,17.724804,0.828991,8.375543,0.29857713,0.29857488632202145,0.7087346911430359,0.8312328457832336,4882.5
2,0.33904626965522766,0.3480623662471771,0.3532684,104.66101,0.5706161,11.012433,0.5942467,0.5942498687903086,0.35326841473579407,0.5741444826126099,399.5
3,0.352645605802536,0.3789162337779999,0.572599,8.0,0.70028466,25.017717,0.53688633,0.5368833164374034,0.5754674077033997,0.7029662728309631,1280.5
4,0.31213492155075073,0.39445966482162476,0.7011978,17.327026,0.67149276,46.395702,0.47500688,0.47500260452429455,0.7036856412887573,0.6724137663841248,4299.0
5,0.3384440243244171,0.408889502286911,0.5823405,49.37331,0.70059025,27.946836,0.5282334,0.5282332664728165,0.5839869379997253,0.7030006051063538,3464.0
6,0.32510265707969666,0.39574140310287476,0.42337376,43.889843,0.62061155,41.681572,0.6183219,0.6183285278081894,0.42619311809539795,0.6234357357025146,570.0
7,0.3003200590610504,0.3409184515476227,0.7771266,8.288044,0.7849639,20.400944,0.3628609,0.3628557405869166,0.7799145579338074,0.7871010303497314,3168.0
8,0.33203572034835815,0.40287867188453674,0.56735474,53.977627,0.7162242,22.944849,0.48216856,0.4821668694416682,0.568869948387146,0.7206621170043945,2570.0
9,0.3123646080493927,0.41896605491638184,0.5607802,56.87936,0.6794572,31.996855,0.5469062,0.546907056371371,0.5627614855766296,0.6832473278045654,1639.0
