,rmses,IR_rmses,rater0_sample_top_dice,rater0_sample_best_avd,rater1_sample_top_dice,rater1_sample_best_avd,GED_vol_sorted,GED_dice_sorted,rater0_best_dice_dsorted_ss5,rater1_best_dice_dsorted_ss5,mean_gt_vols
0,0.3459763824939728,0.3905329406261444,0.5295031,4.7005305,0.7635296,7.613667,0.24933298,0.24725285768508914,0.5475113391876221,0.7729744911193848,3177.5
1,0.3119882345199585,0.3734773099422455,0.7076281,3.587444,0.79202276,3.29233,0.20760418,0.2044918060302734,0.7193189859390259,0.8078081011772156,4882.5
2,0.3549536168575287,0.37207087874412537,0.31365937,51.271187,0.62574255,3.9076376,0.26301917,0.25768852084875105,0.3693270683288574,0.6647781133651733,399.5
3,0.33481940627098083,0.3703557252883911,0.6113946,4.521739,0.7294298,6.7328134,0.27965322,0.27498938441276544,0.6423550248146057,0.7561967968940735,1280.5
4,0.33465147018432617,0.40445268154144287,0.70171463,8.663513,0.7384996,29.543713,0.2905962,0.2846276104450226,0.734039306640625,0.7412235736846924,4299.0
5,0.34792765974998474,0.4160586893558502,0.6309038,31.408209,0.7047788,2.378454,0.31820893,0.3170420110225677,0.6362420320510864,0.7238917946815491,3464.0
6,0.3272393047809601,0.4020934998989105,0.4116095,4.302926,0.5813492,0.53667265,0.33140913,0.31427307426929485,0.454627126455307,0.6462793350219727,570.0
7,0.35678139328956604,0.37340080738067627,0.74317116,10.15625,0.74272794,4.3926888,0.32250857,0.3109698414802551,0.7690931558609009,0.7533164620399475,3168.0
8,0.3395693600177765,0.4246746897697449,0.6146378,33.56122,0.71804935,11.238294,0.26510304,0.26120145916938786,0.6233320832252502,0.7363380193710327,2570.0
9,0.30675968527793884,0.42281559109687805,0.63641757,31.904285,0.69490063,7.3899374,0.2856881,0.2815676152706147,0.6414186954498291,0.7263814806938171,1639.0
