,rmses,IR_rmses,rater0_sample_top_dice,rater0_sample_best_avd,rater1_sample_top_dice,rater1_sample_best_avd,GED_vol_sorted,GED_dice_sorted,rater0_best_dice_dsorted_ss5,rater1_best_dice_dsorted_ss5,mean_gt_vols
0,0.34684130549430847,0.3903988003730774,0.74386835,26.688189,0.5168287,2.3502653,0.43548888,0.43548574447631827,0.7457258105278015,0.5182413458824158,3177.5
1,0.34725120663642883,0.3858930766582489,0.72547954,33.086105,0.6603583,12.697664,0.49122012,0.49121860861778255,0.7263854146003723,0.662122905254364,4882.5
2,0.35531970858573914,0.38121190667152405,0.5829146,21.314386,0.31736526,83.05085,0.60679096,0.6067923128604888,0.586586594581604,0.31736525893211365,399.5
3,0.38085997104644775,0.3911500573158264,0.6027754,36.56981,0.47562778,22.173912,0.7266564,0.7266598403453827,0.6054806709289551,0.4776412844657898,1280.5
4,0.35530349612236023,0.40569084882736206,0.61655885,51.802147,0.6855495,25.665287,0.5522992,0.5522983610630036,0.6168175935745239,0.6864708662033081,4299.0
5,0.35387900471687317,0.4190989136695862,0.6873439,31.96922,0.5766545,52.199562,0.54798704,0.5479823112487793,0.6884767413139343,0.577467143535614,3464.0
6,0.34907445311546326,0.41008514165878296,0.5182568,46.690517,0.33754304,48.70912,0.7688266,0.7688030272722244,0.5240893363952637,0.33983927965164185,570.0
7,0.32943785190582275,0.35765206813812256,0.7547044,22.494104,0.7658809,10.699728,0.41947427,0.4194734215736389,0.7563248872756958,0.7669064998626709,3168.0
8,0.3436933159828186,0.42330390214920044,0.70414746,30.645163,0.5392221,58.576756,0.5289691,0.5289671540260314,0.7043986320495605,0.5392221212387085,2570.0
9,0.378753662109375,0.4352134168148041,0.5432361,51.808178,0.45360824,69.44167,0.7858645,0.7858650386333466,0.5432360768318176,0.45378151535987854,1639.0
