,rmses,IR_rmses,rater0_sample_top_dice,rater0_sample_best_avd,rater1_sample_top_dice,rater1_sample_best_avd,GED_vol_sorted,GED_dice_sorted,rater0_best_dice_dsorted_ss7,rater1_best_dice_dsorted_ss7,mean_gt_vols
0,0.33635810017585754,0.3899771571159363,0.7803882,15.630884,0.5230716,17.47536,0.37984028,0.37983908823558266,0.7825069427490234,0.5254561305046082,3177.5
1,0.31021422147750854,0.36929017305374146,0.82908815,8.646889,0.70651823,18.078829,0.2991263,0.29912699404216947,0.8304281830787659,0.7075492143630981,4882.5
2,0.33904626965522766,0.3480623662471771,0.56981134,11.722913,0.35228848,105.50847,0.5895346,0.5895266348407383,0.5735992193222046,0.3563535809516907,399.5
3,0.352645605802536,0.3789162337779999,0.6999189,25.230333,0.57273144,8.260869,0.53610533,0.5361029562496005,0.701340913772583,0.5744196772575378,1280.5
4,0.31213492155075073,0.39445966482162476,0.67025137,46.58742,0.70071334,17.622707,0.4751446,0.47514368380819044,0.6708338260650635,0.7024041414260864,4299.0
5,0.3384440243244171,0.408889502286911,0.7000407,28.121721,0.5822992,49.496193,0.52926356,0.52925886568569,0.7017543911933899,0.5830065608024597,3464.0
6,0.32510265707969666,0.39574140310287476,0.6214689,41.681572,0.42337376,43.889843,0.62219024,0.6221870921906971,0.6228765845298767,0.4247787594795227,570.0
7,0.3003200590610504,0.3409184515476227,0.7846685,20.57783,0.77633685,8.491848,0.36436728,0.3643652229082017,0.7855731248855591,0.7783706784248352,3168.0
8,0.33203572034835815,0.40287867188453674,0.715889,23.41311,0.5651431,54.257305,0.48234484,0.4823451169899531,0.7188885807991028,0.5666097402572632,2570.0
9,0.3123646080493927,0.41896605491638184,0.6794752,32.232704,0.55927473,57.028915,0.5481103,0.5481052583172207,0.6817113161087036,0.5602514743804932,1639.0
