,rmses,IR_rmses,rater0_sample_top_dice,rater0_sample_best_avd,rater1_sample_top_dice,rater1_sample_best_avd,GED_vol_sorted,GED_dice_sorted,rater0_best_dice_dsorted_ss20,rater1_best_dice_dsorted_ss20,mean_gt_vols
0,0.3574718236923218,0.4054044187068939,0.73985237,25.020176,0.5222376,0.49279755,0.39630395,0.3960025512858441,0.7455308437347412,0.5365853905677795,3177.5
1,0.3211180865764618,0.38782837986946106,0.8023869,18.107815,0.707575,0.40122727,0.30364615,0.30340843153627295,0.807254433631897,0.7193779945373535,4882.5
2,0.368241548538208,0.39495959877967834,0.5258621,35.16874,0.30769232,1.6949153,0.5260908,0.5243377713780655,0.5444191098213196,0.35073068737983704,399.5
3,0.3792518675327301,0.40587204694747925,0.6564756,33.097095,0.5520535,17.913044,0.5496167,0.5489181574237975,0.6631898880004883,0.5758793950080872,1280.5
4,0.3120063245296478,0.41030576825141907,0.69397646,41.813652,0.7131058,10.260201,0.41870388,0.4185689570088135,0.6955993175506592,0.7268041372299194,4299.0
5,0.3558086156845093,0.43579748272895813,0.66568357,33.962925,0.55094844,53.600395,0.56935424,0.56891870200634,0.6709102392196655,0.5530481934547424,3464.0
6,0.3458203673362732,0.4048554003238678,0.62527233,26.118067,0.47686118,28.91566,0.48968366,0.48666793092301025,0.640608012676239,0.4957627058029175,570.0
7,0.3354845643043518,0.38926032185554504,0.72848815,28.007074,0.7326402,17.05163,0.46715277,0.46674359652556874,0.7301313281059265,0.737730085849762,3168.0
8,0.3494550585746765,0.4339022636413574,0.68369234,30.905306,0.52353716,58.732136,0.5325676,0.532241572125962,0.6931818127632141,0.5251544713973999,2570.0
9,0.3288029730319977,0.4327647089958191,0.6983373,34.51258,0.5508982,58.474575,0.51663876,0.5163659298890516,0.7041847109794617,0.5508981943130493,1639.0
