,rmses,IR_rmses,rater0_sample_top_dice,rater0_sample_best_avd,rater1_sample_top_dice,rater1_sample_best_avd,GED_vol_sorted,GED_dice_sorted,rater0_best_dice_dsorted_ss15,rater1_best_dice_dsorted_ss15,mean_gt_vols
0,0.3346969783306122,0.3934301733970642,0.5396364,4.0181956,0.7777778,2.636535,0.14420992,0.13729361792405437,0.5648164749145508,0.7761031985282898,3177.5
1,0.30028611421585083,0.3721223771572113,0.726008,0.18881284,0.81837773,2.243126,0.12310277,0.11683792755717326,0.7525883316993713,0.8496267795562744,4882.5
2,0.3814103603363037,0.37101277709007263,0.3559322,50.0,0.65029633,0.1776199,0.19458963,0.1897964364361195,0.46496814489364624,0.6793075203895569,399.5
3,0.34804168343544006,0.383989155292511,0.592624,4.0869565,0.7515551,0.49610206,0.19579893,0.18764275241465794,0.6635071039199829,0.7908309698104858,1280.5
4,0.299478143453598,0.37985050678253174,0.7244718,1.5375518,0.7676474,8.39724,0.16035822,0.14739750850768318,0.7446619272232056,0.7877961993217468,4299.0
5,0.3416813910007477,0.41224491596221924,0.6258412,11.206685,0.7104443,0.524659,0.26011166,0.24936762963022502,0.6624501347541809,0.7584707140922546,3464.0
6,0.33550822734832764,0.403909295797348,0.42345923,0.5163511,0.6097561,4.472272,0.24841987,0.23587604711453125,0.5024825930595398,0.6454630494117737,570.0
7,0.3199598491191864,0.3586387634277344,0.7730545,1.7663043,0.7726988,0.6485849,0.20713766,0.19398204968089144,0.7923116087913513,0.797883927822113,3168.0
8,0.3295411765575409,0.42204007506370544,0.5752882,11.839652,0.69308007,1.8730489,0.24730486,0.22805077490352454,0.6475707292556763,0.6949453949928284,2570.0
9,0.3056918680667877,0.42386797070503235,0.6252588,15.653041,0.738043,2.1226416,0.26007614,0.249622119182632,0.6424714922904968,0.7701492309570312,1639.0
