,rmses,IR_rmses,rater0_sample_top_dice,rater0_sample_best_avd,rater1_sample_top_dice,rater1_sample_best_avd,GED_vol_sorted,GED_dice_sorted,rater0_best_dice_dsorted_ss3,rater1_best_dice_dsorted_ss3,mean_gt_vols
0,0.3375224769115448,0.40117838978767395,0.5266447,0.83396506,0.78333336,15.98063,0.17400871,0.17145285010337835,0.5474901795387268,0.7928763628005981,3177.5
1,0.2923450171947479,0.3773047924041748,0.7111676,4.366297,0.8102488,5.1374817,0.1008237,0.09901658693949378,0.7276683449745178,0.8292213082313538,4882.5
2,0.34428727626800537,0.357657253742218,0.38230088,39.40678,0.6185567,6.749556,0.05881165,0.058245693643887875,0.41578149795532227,0.6505190134048462,399.5
3,0.341398149728775,0.38646388053894043,0.5891626,9.043478,0.7448763,0.56697375,0.16744569,0.15826493501663202,0.6428256034851074,0.7672862410545349,1280.5
4,0.31543922424316406,0.4109047055244446,0.7078264,3.163808,0.71793664,37.21242,0.20679754,0.20346972346305853,0.7329310774803162,0.7219187617301941,4299.0
5,0.33907172083854675,0.4205331802368164,0.62528455,38.06832,0.7057074,11.857293,0.2298638,0.22919227679570509,0.6295901536941528,0.7095885276794434,3464.0
6,0.31885987520217896,0.3984162211418152,0.43106458,2.7538726,0.6067616,1.0733453,0.16355012,0.14940907557805372,0.46243903040885925,0.625475287437439,570.0
7,0.322952002286911,0.3718413710594177,0.7450854,10.80163,0.76254886,3.832547,0.15508662,0.14636720220247906,0.7719478607177734,0.7737226486206055,3168.0
8,0.3365345299243927,0.43002259731292725,0.60485303,42.4798,0.6981182,3.6940687,0.14701188,0.14306025703748076,0.6182472705841064,0.7395683526992798,2570.0
9,0.29978418350219727,0.428875207901001,0.56725544,53.24028,0.7040724,26.25786,0.24529274,0.2423255294561386,0.5740804672241211,0.7269321084022522,1639.0
