,rmses,IR_rmses,rater0_sample_top_dice,rater0_sample_best_avd,rater1_sample_top_dice,rater1_sample_best_avd,GED_vol_sorted,GED_dice_sorted,rater0_best_dice_dsorted_ss20,rater1_best_dice_dsorted_ss20,mean_gt_vols
0,0.33374837040901184,0.38851413130760193,0.5257373,5.6861258,0.76986176,22.787193,0.38228965,0.382280688772076,0.53047776222229,0.7724642157554626,3177.5
1,0.2946653664112091,0.35825276374816895,0.7259009,8.472976,0.8246473,14.851664,0.2697822,0.2697705593548323,0.729565441608429,0.8291009068489075,4882.5
2,0.3407239019870758,0.3629182279109955,0.36,52.11864,0.52008456,29.840141,0.6063126,0.6062983230932764,0.3714759647846222,0.5304812788963318,399.5
3,0.34311848878860474,0.375228613615036,0.59715205,8.608696,0.71732026,25.513819,0.47033334,0.47030368486517343,0.6044158339500427,0.7252657413482666,1280.5
4,0.3711255192756653,0.4007568955421448,0.6521431,33.05736,0.586631,56.595093,0.60182726,0.6018062927220997,0.654448390007019,0.5879517793655396,4299.0
5,0.34164997935295105,0.41807129979133606,0.5546525,51.585155,0.70305043,31.09479,0.54209995,0.5420872198123682,0.5574750900268555,0.7071547508239746,3464.0
6,0.3226722776889801,0.42550405859947205,0.36823106,55.421684,0.53562653,53.667267,0.719526,0.7195456686380663,0.37378641963005066,0.5396039485931396,570.0
7,0.3247113823890686,0.33851397037506104,0.7659575,11.277174,0.7488692,22.995283,0.40423846,0.4042190272557108,0.7707387804985046,0.7536085844039917,3168.0
8,0.3364969789981842,0.4176323115825653,0.53960615,57.830956,0.7107843,29.396461,0.49871132,0.49870038071745326,0.5419496297836304,0.7167842984199524,2570.0
9,0.42347851395606995,0.43143829703330994,0.3942569,71.5354,0.5187195,55.11006,0.82426894,0.8242520612321401,0.3959548771381378,0.5230262875556946,1639.0
