,rmses,IR_rmses,rater0_sample_top_dice,rater0_sample_best_avd,rater1_sample_top_dice,rater1_sample_best_avd,GED_vol_sorted,GED_dice_sorted,rater0_best_dice_dsorted_ss5,rater1_best_dice_dsorted_ss5,mean_gt_vols
0,0.340795636177063,0.3976607620716095,0.53802663,7.8468537,0.7774944,20.688728,0.36453584,0.36450455188751224,0.540363609790802,0.7792012095451355,3177.5
1,0.3252488970756531,0.3802197575569153,0.7047222,15.411848,0.82043964,8.972504,0.3059732,0.3059643089771271,0.7074340581893921,0.8232043981552124,4882.5
2,0.4162912964820862,0.388014554977417,0.3028786,138.55931,0.6526316,0.0,0.52586347,0.5258482456207275,0.3067331612110138,0.6608084440231323,399.5
3,0.3877696096897125,0.39260876178741455,0.5657439,0.6086957,0.6980179,16.513111,0.52321386,0.5231721997261047,0.5709297060966492,0.704598605632782,1280.5
4,0.3040692210197449,0.3916288912296295,0.728136,3.4299233,0.7168121,37.384968,0.3772137,0.37716331481933596,0.7323301434516907,0.7183548212051392,4299.0
5,0.32893410325050354,0.4117584824562073,0.5977895,46.57164,0.7147423,23.959427,0.48255092,0.4825215995311737,0.5988773107528687,0.7178049087524414,3464.0
6,0.3199070990085602,0.4114643335342407,0.48736098,27.366608,0.65625,24.50805,0.50531113,0.5052087664604187,0.49190282821655273,0.6611740589141846,570.0
7,0.30884960293769836,0.34856176376342773,0.79100573,4.517663,0.7760761,17.128538,0.35140702,0.35138822793960567,0.792023777961731,0.77820885181427,3168.0
8,0.3102574944496155,0.4054590165615082,0.61785644,47.20323,0.7362607,11.602497,0.3942397,0.39417560696601867,0.6200000047683716,0.7405555844306946,2570.0
9,0.3032108247280121,0.41698023676872253,0.6098741,45.51346,0.7007299,14.072328,0.4522595,0.4522664666175842,0.6115970015525818,0.7073065042495728,1639.0
