,rmses,IR_rmses,rater0_sample_top_dice,rater0_sample_best_avd,rater1_sample_top_dice,rater1_sample_best_avd,GED_vol_sorted,GED_dice_sorted,rater0_best_dice_dsorted_ss7,rater1_best_dice_dsorted_ss7,mean_gt_vols
0,0.32484278082847595,0.38046178221702576,0.5292285,6.8612585,0.7826342,13.370998,0.32605276,0.32582379664693556,0.54027259349823,0.7900073528289795,3177.5
1,0.3028511106967926,0.35125118494033813,0.7240431,5.947604,0.825577,8.755426,0.25156975,0.2515078101839338,0.7293300628662109,0.8308519721031189,4882.5
2,0.3324730098247528,0.34314048290252686,0.32569975,133.05084,0.67744833,2.3090587,0.4158902,0.4160326385781879,0.3461538553237915,0.7083685398101807,399.5
3,0.3256939947605133,0.37738436460494995,0.59930915,1.3913044,0.749058,4.7484055,0.40237364,0.40213611863908316,0.6114165186882019,0.762832522392273,1280.5
4,0.2982998192310333,0.35994499921798706,0.7225131,0.6505026,0.7412524,30.69402,0.33719978,0.336991460550399,0.730917751789093,0.743507981300354,4299.0
5,0.33753058314323425,0.3909652829170227,0.5971594,42.541164,0.72080046,18.223154,0.4511814,0.4510603774161565,0.6005977392196655,0.7276279926300049,3464.0
6,0.30853405594825745,0.3704175651073456,0.4533566,2.5817556,0.65995973,1.0733453,0.45962965,0.4597766271659306,0.47488585114479065,0.6748582124710083,570.0
7,0.2976968586444855,0.3153538703918457,0.79010624,0.10190217,0.78446233,13.29599,0.31408432,0.3139148553212483,0.7945974469184875,0.789423406124115,3168.0
8,0.30122846364974976,0.3814850449562073,0.6087656,45.431946,0.7487765,8.636837,0.3621579,0.36211836338043213,0.6129817366600037,0.759593665599823,2570.0
9,0.2999092936515808,0.38948649168014526,0.6168644,44.51645,0.7260459,12.5,0.39152497,0.39148754732949387,0.6207119822502136,0.7345132827758789,1639.0
