,rmses,IR_rmses,rater0_sample_top_dice,rater0_sample_best_avd,rater1_sample_top_dice,rater1_sample_best_avd,GED_vol_sorted,GED_dice_sorted,rater0_best_dice_dsorted_ss5,rater1_best_dice_dsorted_ss5,mean_gt_vols
0,0.3343752324581146,0.40263426303863525,0.5364162,3.2600455,0.7756035,6.1608825,0.11491205,0.10973173975944517,0.5590694546699524,0.8016412258148193,3177.5
1,0.299735963344574,0.3802593946456909,0.71492666,5.3575644,0.80683434,9.4247465,0.08169699,0.07619922757148745,0.7444984912872314,0.8335351943969727,4882.5
2,0.3638646602630615,0.3688192069530487,0.3611111,3.8135593,0.62763035,5.8614564,0.018493917,-0.006033939123153642,0.42881646752357483,0.7020484209060669,399.5
3,0.3424813747406006,0.38784417510032654,0.5699068,4.0869565,0.7215593,2.9766123,0.1410014,0.12610227763652804,0.6561163663864136,0.7818717956542969,1280.5
4,0.3054391145706177,0.4107400178909302,0.71560746,5.0561795,0.7373039,25.21089,0.1855518,0.17641459107398977,0.7558405995368958,0.7526857256889343,4299.0
5,0.33904510736465454,0.42314964532852173,0.6117375,29.982796,0.7132867,0.34977266,0.22934471,0.2213283836841583,0.6357066035270691,0.7380675077438354,3464.0
6,0.30833739042282104,0.39559435844421387,0.48479086,18.932875,0.6679612,15.742397,0.0874792,0.07172998785972595,0.5374625325202942,0.7096773982048035,570.0
7,0.30881839990615845,0.36961665749549866,0.76238626,1.5625,0.77499217,11.851415,0.13839598,0.12418979406356817,0.796660304069519,0.8029127717018127,3168.0
8,0.3244527280330658,0.42851653695106506,0.60056233,34.213795,0.73193204,10.145681,0.16324832,0.1544885456562043,0.6251956224441528,0.7795252799987793,2570.0
9,0.29039984941482544,0.43007659912109375,0.625,32.502495,0.7060356,6.4465413,0.1927907,0.1859136879444122,0.6441510319709778,0.7454313635826111,1639.0
