,rmses,IR_rmses,rater0_sample_top_dice,rater0_sample_best_avd,rater1_sample_top_dice,rater1_sample_best_avd,GED_vol_sorted,GED_dice_sorted,rater0_best_dice_dsorted_ss15,rater1_best_dice_dsorted_ss15,mean_gt_vols
0,0.3574718236923218,0.4054044187068939,0.524,0.34116757,0.74321824,25.450632,0.39236742,0.39197536763690766,0.5356651544570923,0.7457679510116577,3177.5
1,0.3211180865764618,0.38782837986946106,0.70822346,0.4248289,0.80087656,18.397251,0.29663092,0.29615820192155384,0.719200074672699,0.8050136566162109,4882.5
2,0.368241548538208,0.39495959877967834,0.3027523,2.1186442,0.51216686,38.01066,0.546346,0.5455683659939539,0.3495575189590454,0.5372093319892883,399.5
3,0.3792518675327301,0.40587204694747925,0.54738975,17.652174,0.65564036,32.88448,0.5366863,0.5359858336902801,0.5817995667457581,0.6629310250282288,1280.5
4,0.3120063245296478,0.41030576825141907,0.71189094,11.265523,0.6910064,42.46549,0.41726482,0.4170260003634862,0.7247318625450134,0.691679835319519,4299.0
5,0.3558086156845093,0.43579748272895813,0.54738617,54.26395,0.6648305,34.90731,0.565971,0.565760850906372,0.5479405522346497,0.6660995483398438,3464.0
6,0.3458203673362732,0.4048554003238678,0.47021943,35.283993,0.62702703,32.73703,0.49044898,0.490506957258497,0.48590022325515747,0.6359649300575256,570.0
7,0.3354845643043518,0.38926032185554504,0.73085505,17.255434,0.7275223,28.18396,0.4638311,0.4630099472545442,0.7376484274864197,0.7302961945533752,3168.0
8,0.3494550585746765,0.4339022636413574,0.5220637,58.452457,0.6775084,30.437044,0.53462577,0.5345897106897264,0.5239982604980469,0.6895034313201904,2570.0
9,0.3288029730319977,0.4327647089958191,0.5480127,58.275177,0.7017544,34.198112,0.5125412,0.5124624763216292,0.5478873252868652,0.7071291208267212,1639.0
