,rmses,IR_rmses,rater0_sample_top_dice,rater0_sample_best_avd,rater1_sample_top_dice,rater1_sample_best_avd,GED_vol_sorted,GED_dice_sorted,rater0_best_dice_dsorted_ss5,rater1_best_dice_dsorted_ss5,mean_gt_vols
0,0.35743248462677,0.409683495759964,0.51232666,2.8051553,0.72762024,31.01964,0.46184206,0.46184070706367486,0.5137897729873657,0.7289242744445801,3177.5
1,0.3290058970451355,0.3970317244529724,0.6940911,1.0856738,0.7754556,24.185963,0.38985145,0.3898504793643951,0.695197343826294,0.7765190601348877,4882.5
2,0.40100929141044617,0.39097651839256287,0.30650154,73.72881,0.522541,26.287743,0.67467886,0.6746770203113556,0.3065015375614166,0.5245901346206665,399.5
3,0.39714694023132324,0.41013091802597046,0.46266317,33.47826,0.58547795,45.78313,0.7605518,0.7605515897274017,0.46387434005737305,0.5862862467765808,1280.5
4,0.34160906076431274,0.4169199466705322,0.65355265,25.63572,0.6216531,51.782978,0.58379734,0.5837942242622376,0.6544404625892639,0.6219748854637146,4299.0
5,0.4044807553291321,0.4471879005432129,0.48618785,62.103714,0.60077256,46.065056,0.7285833,0.7285825192928315,0.48636120557785034,0.6020478010177612,3464.0
6,0.3371703624725342,0.43419569730758667,0.34515366,54.38898,0.5339806,52.593918,0.763909,0.7638905555009843,0.3463819622993469,0.5346294045448303,570.0
7,0.36187246441841125,0.3940366208553314,0.6963172,31.216032,0.6848809,40.30071,0.5901656,0.590157413482666,0.6982463002204895,0.6855136752128601,3168.0
8,0.36130291223526,0.44617217779159546,0.5181859,61.591053,0.6839772,35.69199,0.5705619,0.5705626904964447,0.5186516642570496,0.6852791905403137,2570.0
9,0.33173975348472595,0.4431267976760864,0.52850485,60.9671,0.6939173,38.443394,0.56230766,0.5623020529747009,0.52907395362854,0.6945932507514954,1639.0
