,rmses,IR_rmses,rater0_sample_top_dice,rater0_sample_best_avd,rater1_sample_top_dice,rater1_sample_best_avd,GED_vol_sorted,GED_dice_sorted,rater0_best_dice_dsorted_ss15,rater1_best_dice_dsorted_ss15,mean_gt_vols
0,0.3708021640777588,0.4168739318847656,0.4828326,17.134193,0.66203624,41.189133,0.31987983,0.31925793148222437,0.5145246386528015,0.6837992668151855,3177.5
1,0.38081079721450806,0.4126603305339813,0.68186945,11.6355915,0.7318809,32.27207,0.30791992,0.30633599190484906,0.7084705829620361,0.7404813766479492,4882.5
2,0.35283762216567993,0.43009716272354126,0.35629454,2.5423727,0.49217936,29.662523,0.2602051,0.2465335314827306,0.49890589714050293,0.5537382960319519,399.5
3,0.4120500981807709,0.4333858788013458,0.46325877,36.695652,0.5507246,48.405384,0.54481053,0.5423363672835486,0.5155243277549744,0.5749265551567078,1280.5
4,0.46009182929992676,0.4460892975330353,0.6762948,21.880545,0.63273096,49.34816,0.40212148,0.39826628140040815,0.707321286201477,0.6403294205665588,4299.0
5,0.46642762422561646,0.4670698344707489,0.42356804,65.274025,0.54962546,50.57712,0.561105,0.5598243307499657,0.4380916953086853,0.5746358036994934,3464.0
6,0.44589564204216003,0.45110267400741577,0.36853448,40.275387,0.5033113,37.924866,0.42043567,0.41651910178008544,0.42274412512779236,0.572139322757721,570.0
7,0.46080464124679565,0.44875210523605347,0.58529156,43.885868,0.5733545,51.29717,0.66826755,0.6646216826779503,0.6007226705551147,0.5844841599464417,3168.0
8,0.4699179232120514,0.4718227684497833,0.41511172,65.10255,0.5681445,41.57128,0.5332303,0.5271507143974303,0.4428061842918396,0.61356520652771,2570.0
9,0.4648323059082031,0.4758095443248749,0.42776737,67.14855,0.5841533,48.191826,0.49818197,0.498534801247574,0.4377155900001526,0.5974576473236084,1639.0
