,rmses,IR_rmses,rater0_sample_top_dice,rater0_sample_best_avd,rater1_sample_top_dice,rater1_sample_best_avd,GED_vol_sorted,GED_dice_sorted,rater0_best_dice_dsorted_ss3,rater1_best_dice_dsorted_ss3,mean_gt_vols
0,0.34684130549430847,0.3903988003730774,0.5166107,2.4260805,0.74444616,26.822706,0.43407637,0.43407404422760015,0.517756998538971,0.7450248599052429,3177.5
1,0.34725120663642883,0.3858930766582489,0.6593434,12.8864765,0.72459054,33.230827,0.4943252,0.494326134522756,0.6604369282722473,0.7249836921691895,4882.5
2,0.35531970858573914,0.38121190667152405,0.3168909,83.47458,0.5828343,22.024866,0.60638136,0.606381336847941,0.3168908953666687,0.585170328617096,399.5
3,0.38085997104644775,0.3911500573158264,0.4764706,22.608696,0.603216,36.924168,0.7308942,0.7308886349201204,0.47740668058395386,0.6037407517433167,1280.5
4,0.35530349612236023,0.40569084882736206,0.6857724,25.63572,0.6167378,51.782978,0.55094266,0.5509426792462666,0.6868206262588501,0.6169965267181396,4299.0
5,0.35387900471687317,0.4190989136695862,0.5759441,52.273285,0.6873568,32.07415,0.549934,0.5499321122964224,0.5767565965652466,0.6880733966827393,3464.0
6,0.34907445311546326,0.41008514165878296,0.33751425,49.053356,0.51929826,47.0483,0.771198,0.7711693545182546,0.3390607237815857,0.5205157995223999,570.0
7,0.32943785190582275,0.35765206813812256,0.7648115,10.80163,0.7544531,22.582548,0.41951817,0.41951672236124676,0.7659956812858582,0.755363404750824,3168.0
8,0.3436933159828186,0.42330390214920044,0.53825855,58.66998,0.70243603,30.801249,0.5277056,0.5277071793874105,0.5382585525512695,0.7038177251815796,2570.0
9,0.378753662109375,0.4352134168148041,0.45242643,69.541374,0.5416888,51.96541,0.7871346,0.7871372600396475,0.4524264335632324,0.5416887998580933,1639.0
