,rmses,IR_rmses,rater0_sample_top_dice,rater0_sample_best_avd,rater1_sample_top_dice,rater1_sample_best_avd,GED_vol_sorted,GED_dice_sorted,rater0_best_dice_dsorted_ss20,rater1_best_dice_dsorted_ss20,mean_gt_vols
0,0.3372386395931244,0.39462023973464966,0.5294219,1.2888552,0.7806874,1.4796879,0.13238305,0.12654557141818495,0.5677582621574402,0.8188592791557312,3177.5
1,0.29972708225250244,0.37171268463134766,0.7155985,0.23601605,0.8234644,1.2662808,0.100206636,0.09662250037256043,0.7454844117164612,0.8471550941467285,4882.5
2,0.35484379529953003,0.3541627526283264,0.39277652,12.288136,0.6689076,0.5328597,0.09305069,0.08010983244564973,0.48632219433784485,0.7522441744804382,399.5
3,0.34191033244132996,0.37617620825767517,0.6017063,1.2173914,0.7658553,2.4096384,0.16535647,0.15568105829389478,0.6647132635116577,0.8007117509841919,1280.5
4,0.313824862241745,0.3963405191898346,0.7152054,0.20697813,0.75827545,4.0452456,0.15663569,0.1425034613201493,0.7662023305892944,0.7913296222686768,4299.0
5,0.3273036777973175,0.4091462790966034,0.6736621,12.632095,0.7272409,0.20986357,0.20136201,0.1948235321201776,0.6974973082542419,0.7609207630157471,3464.0
6,0.30512335896492004,0.38484102487564087,0.47389558,0.34423408,0.6418401,2.1466906,0.152911,0.11316894761433727,0.5763636231422424,0.7231208086013794,570.0
7,0.3022221624851227,0.3538573384284973,0.78150636,1.6304348,0.77714103,2.653302,0.12484805,0.1134717989909022,0.8154551982879639,0.8162765502929688,3168.0
8,0.321051687002182,0.41430291533470154,0.685591,12.802984,0.7418822,0.78043705,0.1376968,0.13208804663858925,0.7067273855209351,0.7882066369056702,2570.0
9,0.28912216424942017,0.4131244421005249,0.6482261,0.2991027,0.71681416,1.8081762,0.16793747,0.15388353231706114,0.679722785949707,0.7710320949554443,1639.0
