,rmses,IR_rmses,rater0_sample_top_dice,rater0_sample_best_avd,rater1_sample_top_dice,rater1_sample_best_avd,GED_vol_sorted,GED_dice_sorted,rater0_best_dice_dsorted_ss7,rater1_best_dice_dsorted_ss7,mean_gt_vols
0,0.3375224769115448,0.40117838978767395,0.5273848,2.0470052,0.7848947,1.5065913,0.1572642,0.15212689694904152,0.5561577081680298,0.8069666028022766,3177.5
1,0.2923450171947479,0.3773047924041748,0.7223407,0.75525135,0.8185377,1.32055,0.11224009,0.10899600528535386,0.7456306219100952,0.8444910049438477,4882.5
2,0.34428727626800537,0.357657253742218,0.37104073,12.711864,0.68396664,8.348135,0.039412078,0.0310460070059414,0.47097843885421753,0.7156950831413269,399.5
3,0.341398149728775,0.38646388053894043,0.60444796,3.5652175,0.77437925,3.047484,0.16855015,0.16089024714061184,0.6698440313339233,0.8002986311912537,1280.5
4,0.31543922424316406,0.4109047055244446,0.71988714,5.381431,0.7489915,28.911041,0.20075071,0.195935824087688,0.7584823966026306,0.7568802237510681,4299.0
5,0.33907172083854675,0.4205331802368164,0.63829786,31.359056,0.71302193,2.3084993,0.23614947,0.232770745243345,0.651725709438324,0.7329902648925781,3464.0
6,0.31885987520217896,0.3984162211418152,0.4875125,12.220309,0.6680286,8.765653,0.15243118,0.1327956396908987,0.532608687877655,0.6912878751754761,570.0
7,0.322952002286911,0.3718413710594177,0.7759061,0.3736413,0.77558553,7.6945753,0.16342911,0.1516214098249163,0.8029406666755676,0.7980952262878418,3168.0
8,0.3365345299243927,0.43002259731292725,0.6297287,37.35239,0.7297773,4.890739,0.1880607,0.18410804300081163,0.6385706067085266,0.7597859501838684,2570.0
9,0.29978418350219727,0.428875207901001,0.61626065,42.422733,0.73100984,9.198113,0.22410376,0.22213098052002128,0.631409227848053,0.7667703032493591,1639.0
