,rater0_sample_top_dice,rater0_sample_best_avd,rater1_sample_top_dice,rater1_sample_best_avd,GED_vol_sorted,GED_dice_sorted,rater0_best_dice_dsorted_ss25,rater1_best_dice_dsorted_ss25
0,0.7021743,40.382027,0.5010301,15.996967,0.36086553,0.36049189060926445,0.7099728584289551,0.5209645628929138
1,0.75555557,29.0521,0.70150197,7.4345055,0.3214942,0.3201922320326168,0.7682190537452698,0.7354271411895752
2,0.56554306,10.301953,0.3847981,0.84745765,0.2286793,0.2226902924478053,0.6508108377456665,0.48614072799682617
3,0.68501025,27.427357,0.55105793,10.956522,0.4573872,0.4541763054827849,0.7030043005943298,0.6136245727539062
4,0.5367941,61.1388,0.6056572,40.06505,0.61048096,0.6094337591032186,0.5411862730979919,0.6213263273239136
5,0.6346111,42.147602,0.49938843,59.351192,0.54582584,0.5449318415919939,0.6430984139442444,0.505408763885498
6,0.5823068,40.250446,0.39125684,42.51291,0.55392575,0.5449669822057088,0.6242638230323792,0.4326328933238983
7,0.5870667,54.56958,0.61761427,47.65625,0.67729497,0.6770481669902801,0.590224027633667,0.6257309913635254
8,0.61585784,47.76275,0.43202275,68.8005,0.59348875,0.5919497196873029,0.6260020732879639,0.43581804633140564
9,0.667996,42.295597,0.47810218,63.40977,0.5403465,0.5387609217067559,0.6856272220611572,0.4869888424873352
