,rmses,IR_rmses,rater0_sample_top_dice,rater0_sample_best_avd,rater1_sample_top_dice,rater1_sample_best_avd,GED_vol_sorted,GED_dice_sorted,rater0_best_dice_dsorted_ss15,rater1_best_dice_dsorted_ss15,mean_gt_vols
0,0.3346969783306122,0.3934301733970642,0.7809946,0.56497175,0.53274584,2.5777104,0.14600483,0.13291808537074495,0.7495824098587036,0.5489833354949951,3177.5
1,0.30028611421585083,0.3721223771572113,0.8187306,2.2069466,0.7248949,2.1241446,0.11756967,0.11208578206243969,0.84967440366745,0.7497037053108215,4882.5
2,0.3814103603363037,0.37101277709007263,0.630303,5.1509767,0.3457189,2.9661016,0.17270862,0.1830164781993343,0.6728498935699463,0.44905009865760803,399.5
3,0.34804168343544006,0.383989155292511,0.75,1.0630759,0.6079928,0.8695652,0.21884294,0.21667600884324018,0.7941176295280457,0.6508333086967468,1280.5
4,0.299478143453598,0.37985050678253174,0.77836955,1.2653375,0.71676826,0.62093437,0.17071648,0.1633036309764499,0.7911477088928223,0.7620185017585754,4299.0
5,0.3416813910007477,0.41224491596221924,0.7157971,3.2528856,0.6095634,0.024576062,0.28115225,0.27064323836848847,0.753505527973175,0.6553227305412292,3464.0
6,0.33550822734832764,0.403909295797348,0.6089386,1.9677997,0.44227007,1.8932875,0.2762865,0.2667244278249286,0.6227757930755615,0.5019230842590332,570.0
7,0.3199598491191864,0.3586387634277344,0.7743008,2.8891509,0.7714936,0.3736413,0.20390442,0.18701991013118197,0.7988119721412659,0.7898328304290771,3168.0
8,0.3295411765575409,0.42204007506370544,0.71059215,3.069719,0.5918017,4.101927,0.23908561,0.22086489654722674,0.7184672951698303,0.6511628031730652,2570.0
9,0.3056918680667877,0.42386797070503235,0.7302867,5.188679,0.6201299,15.752742,0.25995934,0.24289853289013824,0.7717626690864563,0.6548148393630981,1639.0
