,rmses,IR_rmses,rater0_sample_top_dice,rater0_sample_best_avd,rater1_sample_top_dice,rater1_sample_best_avd,GED_vol_sorted,GED_dice_sorted,rater0_best_dice_dsorted_ss7,rater1_best_dice_dsorted_ss7,mean_gt_vols
0,0.3294842541217804,0.39165937900543213,0.52913445,1.0235026,0.7811283,4.465967,0.10635125,0.10095632076263428,0.5623072981834412,0.8020521402359009,3177.5
1,0.30214452743530273,0.37158289551734924,0.7140316,1.014869,0.81484175,1.0853835,0.087444805,0.0837988966987247,0.7399352192878723,0.8420276641845703,4882.5
2,0.34512394666671753,0.34619075059890747,0.29832572,33.898308,0.60162604,8.880995,0.085167244,0.07067947515419559,0.429824560880661,0.7191011309623718,399.5
3,0.34008118510246277,0.38002070784568787,0.61479264,3.3913043,0.7569231,5.0318923,0.11436238,0.10796399201665613,0.6633622646331787,0.7916207313537598,1280.5
4,0.3281041383743286,0.40069127082824707,0.71549827,3.2820816,0.73284286,6.2308283,0.12343157,0.10957442294983633,0.7596269845962524,0.7674570083618164,4299.0
5,0.34301698207855225,0.41693514585494995,0.64437044,15.556648,0.7194191,2.133613,0.16636918,0.15910585295586355,0.6784947514533997,0.7553903460502625,3464.0
6,0.32863354682922363,0.40419167280197144,0.42530757,4.130809,0.5967742,0.35778174,0.1456824,0.11493779718875896,0.5530303120613098,0.6633954644203186,570.0
7,0.32400184869766235,0.36348941922187805,0.7650292,2.2418478,0.761819,3.5672169,0.13646796,0.12357136749085929,0.8023660182952881,0.7909673452377319,3168.0
8,0.3332553803920746,0.42075496912002563,0.6089058,19.95028,0.71814054,5.254943,0.1407712,0.12982981829416185,0.6554307341575623,0.7703827023506165,2570.0
9,0.3368852138519287,0.4317358136177063,0.6332547,30.90728,0.74516696,8.962264,0.18835302,0.1824303404206321,0.6523449420928955,0.7719445824623108,1639.0
