,rmses,IR_rmses,rater0_sample_top_dice,rater0_sample_best_avd,rater1_sample_top_dice,rater1_sample_best_avd,GED_vol_sorted,GED_dice_sorted,rater0_best_dice_dsorted_ss7,rater1_best_dice_dsorted_ss7,mean_gt_vols
0,0.3459763824939728,0.3905329406261444,0.53090334,0.6065201,0.76312625,1.3720742,0.23750065,0.23401511141232073,0.5505532026290894,0.7788979411125183,3177.5
1,0.3119882345199585,0.3734773099422455,0.7148135,1.9589332,0.7957402,4.5405207,0.19533353,0.19067751367886862,0.7288054823875427,0.8193161487579346,4882.5
2,0.3549536168575287,0.37207087874412537,0.3119584,44.491528,0.6213592,2.6642983,0.28433886,0.2780374643348513,0.37881219387054443,0.6660359501838684,399.5
3,0.33481940627098083,0.3703557252883911,0.6135425,3.3913043,0.7349981,0.42523032,0.2605477,0.2561177157220386,0.6510822772979736,0.7597185969352722,1280.5
4,0.33465147018432617,0.40445268154144287,0.6998594,7.1555295,0.7397138,28.527609,0.31362173,0.3062667704763867,0.7361258268356323,0.7435342669487,4299.0
5,0.34792765974998474,0.4160586893558502,0.63707346,30.03195,0.7104802,0.41972715,0.3294938,0.3274235342230115,0.6437591910362244,0.7308124303817749,3464.0
6,0.3272393047809601,0.4020934998989105,0.41960448,0.17211704,0.59513277,4.11449,0.31480205,0.2917606908650626,0.4722483456134796,0.6508264541625977,570.0
7,0.35678139328956604,0.37340080738067627,0.7548718,1.2907609,0.7480327,1.4445754,0.29880774,0.28660640688169575,0.7773451209068298,0.7594302892684937,3168.0
8,0.3395693600177765,0.4246746897697449,0.63255644,29.33499,0.71440655,10.041623,0.26701328,0.26285242750531146,0.6404452919960022,0.7407407164573669,2570.0
9,0.30675968527793884,0.42281559109687805,0.6373042,31.355932,0.7025898,8.254717,0.28634268,0.2811063939616794,0.6395494341850281,0.7318556904792786,1639.0
