,rmses,IR_rmses,rater0_sample_top_dice,rater0_sample_best_avd,rater1_sample_top_dice,rater1_sample_best_avd,GED_vol_sorted,GED_dice_sorted,rater0_best_dice_dsorted_ss3,rater1_best_dice_dsorted_ss3,mean_gt_vols
0,0.3529653549194336,0.4053090214729309,0.5250622,12.964366,0.7764355,19.37046,0.3854175,0.3854182362556458,0.525866687297821,0.7769827246665955,3177.5
1,0.30237051844596863,0.3831969201564789,0.72247005,1.0384706,0.8044318,22.033285,0.31542724,0.31542646884918213,0.7232645153999329,0.8049649000167847,4882.5
2,0.3845650851726532,0.3701036274433136,0.31735888,197.88135,0.6426332,24.866785,0.5390667,0.539053961634636,0.31880977749824524,0.6456692814826965,399.5
3,0.3565276265144348,0.3859277367591858,0.58314955,1.6521739,0.7173827,19.844082,0.5013068,0.5013005435466767,0.5847644209861755,0.7184542417526245,1280.5
4,0.3354594111442566,0.42314639687538147,0.6866082,28.001183,0.6158672,53.31672,0.54996634,0.5499588549137114,0.6873278021812439,0.6160282492637634,4299.0
5,0.36131027340888977,0.43271350860595703,0.53134024,55.320717,0.6675219,36.41133,0.61356676,0.6135665873686473,0.5316111445426941,0.6685224771499634,3464.0
6,0.30942612886428833,0.4099670946598053,0.44515443,38.037865,0.6376496,35.599285,0.5787368,0.5787511467933655,0.4456290006637573,0.6390403509140015,570.0
7,0.33772334456443787,0.37877899408340454,0.7275103,17.83288,0.73550165,28.68514,0.49292746,0.4929266969362895,0.7281553149223328,0.7364434599876404,3168.0
8,0.3195461332798004,0.4306408166885376,0.54660004,56.960846,0.7394601,27.939648,0.475521,0.47551868359247845,0.5471534132957458,0.7407631874084473,2570.0
9,0.3164251148700714,0.4276277720928192,0.5560254,58.524426,0.68726236,34.591194,0.5432203,0.5432210465272267,0.5560253858566284,0.687589168548584,1639.0
