,rater0_sample_top_dice,rater0_sample_best_avd,rater1_sample_top_dice,rater1_sample_best_avd,GED_vol_sorted,GED_dice_sorted,rater0_best_dice_dsorted_ss7,rater1_best_dice_dsorted_ss7
0,0.777017,19.182137,0.5258299,12.736922,0.38528258,0.3852799676713489,0.7788532972335815,0.5279260277748108
1,0.8047963,21.979015,0.72233915,0.8496578,0.3149445,0.3149428027016776,0.8063892722129822,0.7242026329040527
2,0.64296997,23.978687,0.31735888,195.76271,0.5389305,0.5389246408428465,0.6471980810165405,0.3226495683193207
3,0.71823204,19.560595,0.58340687,1.3043478,0.50050354,0.5004934668540955,0.7203155755996704,0.5846560597419739
4,0.6161484,53.2592,0.68640274,27.912477,0.5501217,0.5501182803085872,0.6167320013046265,0.688360869884491
5,0.66780823,36.236446,0.5315682,55.197834,0.614056,0.6140519238653638,0.6695224046707153,0.5322909355163574
6,0.6384365,35.2415,0.44750795,37.69363,0.5804338,0.580431105125518,0.6412213444709778,0.4489361643791199
7,0.7364621,28.508255,0.7280538,17.629076,0.49175394,0.4917536150841486,0.7370593547821045,0.7296842932701111
8,0.74100935,27.73153,0.5482961,56.836544,0.47461835,0.4746171562444597,0.7421307563781738,0.5485342144966125
9,0.68729174,34.43396,0.556534,58.424725,0.54346764,0.5434660230364118,0.6882436871528625,0.5570422410964966
