,rmses,IR_rmses,rater0_sample_top_dice,rater0_sample_best_avd,rater1_sample_top_dice,rater1_sample_best_avd,GED_vol_sorted,GED_dice_sorted,rater0_best_dice_dsorted_ss25,rater1_best_dice_dsorted_ss25,mean_gt_vols
0,0.3346969783306122,0.3934301733970642,0.54186827,0.22744504,0.7821357,1.5334948,0.14310206,0.13608450363079716,0.5668045282363892,0.7777476906776428,3177.5
1,0.30028611421585083,0.3721223771572113,0.72742414,0.25961766,0.8197572,1.3024602,0.12631609,0.11987141499916709,0.7581872940063477,0.8509390950202942,4882.5
2,0.3814103603363037,0.37101277709007263,0.36305732,20.762712,0.6526316,1.2433393,0.19497737,0.19274688070019086,0.4690553843975067,0.6851385235786438,399.5
3,0.34804168343544006,0.383989155292511,0.59823006,0.6956522,0.7582717,1.7009213,0.20241341,0.19176273892323187,0.6701986789703369,0.7953973412513733,1280.5
4,0.299478143453598,0.37985050678253174,0.72248155,0.70963925,0.77098614,0.24923313,0.15349045,0.14015298237403234,0.7642182111740112,0.7982919812202454,4299.0
5,0.3416813910007477,0.41224491596221924,0.62531954,11.157533,0.72182703,0.8044771,0.26403636,0.25303309693932524,0.6726111173629761,0.7583212852478027,3464.0
6,0.33550822734832764,0.403909295797348,0.43712574,1.3769363,0.6122449,2.5044723,0.25664306,0.24627340552707516,0.505836546421051,0.6381039023399353,570.0
7,0.3199598491191864,0.3586387634277344,0.77047485,0.03396739,0.7700354,0.11792453,0.2162592,0.1974805891513824,0.7945439219474792,0.7988165616989136,3168.0
8,0.3295411765575409,0.42204007506370544,0.5847567,1.2740833,0.70803946,0.83246624,0.23754053,0.21890056649843853,0.6599469780921936,0.6751055121421814,2570.0
9,0.3056918680667877,0.42386797070503235,0.62169087,14.307078,0.73255813,2.5157232,0.25950575,0.249493711590767,0.6517724394798279,0.7707358598709106,1639.0
