,rmses,IR_rmses,rater0_sample_top_dice,rater0_sample_best_avd,rater1_sample_top_dice,rater1_sample_best_avd,GED_vol_sorted,GED_dice_sorted,rater0_best_dice_dsorted_ss15,rater1_best_dice_dsorted_ss15,mean_gt_vols
0,0.3586542010307312,0.4033588171005249,0.5219952,5.9514785,0.7653806,19.397364,0.39363346,0.39360152397836967,0.5271542072296143,0.7682890295982361,3177.5
1,0.32003453373908997,0.3886003792285919,0.70510083,0.023601605,0.79113734,22.015196,0.3467142,0.3466880883489336,0.7097309231758118,0.7933850288391113,4882.5
2,0.40014877915382385,0.3772362470626831,0.30788803,133.05084,0.63738155,2.3090587,0.5434303,0.543420144631749,0.31328320503234863,0.6464995741844177,399.5
3,0.3677537143230438,0.3994027078151703,0.531206,14.173913,0.67391306,30.04961,0.5962279,0.5961172069822039,0.5405921936035156,0.6790227293968201,1280.5
4,0.3106386661529541,0.40687474608421326,0.71093374,14.754583,0.6788492,44.72776,0.45239827,0.4523534806001754,0.7150909900665283,0.6792685985565186,4299.0
5,0.363614946603775,0.4305112957954407,0.5343434,53.698696,0.67552185,34.102833,0.5966462,0.5966101907548451,0.5361831188201904,0.6789417862892151,3464.0
6,0.3654363453388214,0.42451950907707214,0.38495576,39.586918,0.5782313,37.2093,0.6649632,0.6649657304797854,0.39211392402648926,0.5855855941772461,570.0
7,0.34171563386917114,0.374380499124527,0.72924054,17.96875,0.7222318,28.803066,0.50085187,0.50079014982496,0.7328186631202698,0.7232204675674438,3168.0
8,0.35984283685684204,0.43658581376075745,0.51271755,60.720943,0.6804771,34.235172,0.57150024,0.5714777662640527,0.5140813589096069,0.6848101019859314,2570.0
9,0.3278537094593048,0.43283945322036743,0.5534114,55.333996,0.701107,29.55975,0.51939416,0.5193843469733284,0.5543252825737,0.7050023078918457,1639.0
