,rmses,IR_rmses,rater0_sample_top_dice,rater0_sample_best_avd,rater1_sample_top_dice,rater1_sample_best_avd,GED_vol_sorted,GED_dice_sorted,rater0_best_dice_dsorted_ss3,rater1_best_dice_dsorted_ss3,mean_gt_vols
0,0.33741381764411926,0.3954237103462219,0.48528865,3.5633054,0.71949106,13.935969,0.129122,0.12595163782437652,0.5256528854370117,0.7604482173919678,3177.5
1,0.30234959721565247,0.3785897195339203,0.695862,4.366297,0.76063776,15.068741,0.12848638,0.12733512123425805,0.7184094190597534,0.7894251346588135,4882.5
2,0.32145312428474426,0.35031870007514954,0.28367105,155.50847,0.45454547,7.1047955,0.1252981,0.1237929413715998,0.3087512254714966,0.5291666388511658,399.5
3,0.38243013620376587,0.4030247926712036,0.50508785,12.0,0.60285413,3.6144576,0.17095022,0.15982169906298316,0.5608229041099548,0.688353419303894,1280.5
4,0.3760484457015991,0.4187697768211365,0.65779597,13.364872,0.61944515,43.826687,0.22916588,0.2268229325612387,0.690920889377594,0.6507521867752075,4299.0
5,0.3804090917110443,0.43573954701423645,0.55295223,42.664043,0.6328968,18.39804,0.25969246,0.2565726538499196,0.5706005692481995,0.6561424732208252,3464.0
6,0.34272754192352295,0.4208999276161194,0.3487824,19.104992,0.5834279,23.792486,0.14898723,0.1274889806906382,0.4455544352531433,0.6815869808197021,570.0
7,0.373616099357605,0.38508015871047974,0.72161686,6.725544,0.7289019,19.044811,0.18720846,0.18316334486007696,0.7487409114837646,0.746448278427124,3168.0
8,0.3803893029689789,0.4360736012458801,0.5428962,40.988194,0.6551298,1.1966702,0.14463435,0.13793133695920318,0.569767415523529,0.7156718373298645,2570.0
9,0.3968392312526703,0.4542006254196167,0.5467577,53.938187,0.6803279,27.35849,0.2567833,0.2563615490992863,0.5490061640739441,0.6876737475395203,1639.0
