,rmses,IR_rmses,rater0_sample_top_dice,rater0_sample_best_avd,rater1_sample_top_dice,rater1_sample_best_avd,GED_vol_sorted,GED_dice_sorted,rater0_best_dice_dsorted_ss25,rater1_best_dice_dsorted_ss25,mean_gt_vols
0,0.33106669783592224,0.40270164608955383,0.53345937,0.5307051,0.78759146,1.3989776,0.215327,0.20790335138638816,0.5664520859718323,0.8057979345321655,3177.5
1,0.32157954573631287,0.3886125683784485,0.7100394,0.14160964,0.8082051,2.4602027,0.22205465,0.21950134575366978,0.7328881621360779,0.8316249251365662,4882.5
2,0.3609873354434967,0.3857770562171936,0.38912135,2.5423727,0.65564203,1.9538188,0.24408647,0.23756982366244006,0.4482758641242981,0.6894009113311768,399.5
3,0.3679131865501404,0.39974382519721985,0.5763547,0.26086956,0.7505346,1.1339475,0.32607484,0.32023420333862307,0.6286200881004333,0.7849501967430115,1280.5
4,0.32314178347587585,0.42366811633110046,0.7116251,3.1342402,0.7183258,30.521473,0.3538101,0.3460877688725789,0.7464902400970459,0.7334111928939819,4299.0
5,0.34686097502708435,0.4298383295536041,0.6397006,29.270092,0.71252716,0.66456807,0.3615739,0.3577652858694395,0.652759313583374,0.7349420189857483,3464.0
6,0.3330109119415283,0.3992212414741516,0.49345794,3.0981069,0.6539235,3.5778177,0.3226943,0.30945914745330816,0.5558739304542542,0.6984127163887024,570.0
7,0.34667035937309265,0.38893425464630127,0.76693296,2.2758152,0.7702639,2.5058963,0.31547806,0.3066919689377149,0.7976653575897217,0.78969407081604,3168.0
8,0.3390958905220032,0.43327829241752625,0.6395089,32.939713,0.7517893,3.7460978,0.29171133,0.28842981894810993,0.6489563584327698,0.774104654788971,2570.0
9,0.3307780921459198,0.4450840651988983,0.6221937,44.5663,0.73622406,12.578617,0.38067904,0.37896091838677715,0.6262953281402588,0.7636692523956299,1639.0
