,rmses,IR_rmses,rater0_sample_top_dice,rater0_sample_best_avd,rater1_sample_top_dice,rater1_sample_best_avd,GED_vol_sorted,GED_dice_sorted,rater0_best_dice_dsorted_ss25,rater1_best_dice_dsorted_ss25,mean_gt_vols
0,0.32484278082847595,0.38046178221702576,0.53088236,3.5633054,0.7845288,11.649179,0.3293105,0.3291247963905334,0.5455840229988098,0.7942765355110168,3177.5
1,0.3028511106967926,0.35125118494033813,0.72871286,2.6197782,0.8258912,7.1635313,0.25465333,0.2545382152001063,0.7361697554588318,0.8334289789199829,4882.5
2,0.3324730098247528,0.34314048290252686,0.33692724,114.40678,0.6899017,1.2433393,0.42197162,0.42160676419734944,0.3629441559314728,0.7150259017944336,399.5
3,0.3256939947605133,0.37738436460494995,0.6050788,1.3913044,0.7531899,1.3465627,0.40123656,0.40083362023035685,0.6167512536048889,0.7705530524253845,1280.5
4,0.2982998192310333,0.35994499921798706,0.7241222,0.14784151,0.7454015,29.064417,0.3351693,0.33495768527189895,0.7367792129516602,0.7498583197593689,4299.0
5,0.33753058314323425,0.3909652829170227,0.60201085,41.115753,0.72098863,16.194473,0.4518491,0.4516202700138092,0.6072431802749634,0.7312706708908081,3464.0
6,0.30853405594825745,0.3704175651073456,0.45764193,0.17211704,0.669363,0.53667265,0.45625728,0.45637060165405274,0.49025070667266846,0.6865384578704834,570.0
7,0.2976968586444855,0.3153538703918457,0.79034793,0.16983695,0.78867036,10.436321,0.3126847,0.31236487448215483,0.7973925471305847,0.7953717112541199,3168.0
8,0.30122846364974976,0.3814850449562073,0.6163647,43.90926,0.7492329,6.087409,0.35863036,0.3585206802686056,0.6201768517494202,0.7658618688583374,2570.0
9,0.2999092936515808,0.38948649168014526,0.61568,43.868397,0.7257569,11.477987,0.393709,0.3934474196036658,0.6219909191131592,0.7396193742752075,1639.0
