,rmses,IR_rmses,rater0_sample_top_dice,rater0_sample_best_avd,rater1_sample_top_dice,rater1_sample_best_avd,GED_vol_sorted,GED_dice_sorted,rater0_best_dice_dsorted_ss5,rater1_best_dice_dsorted_ss5,mean_gt_vols
0,0.3346969783306122,0.3934301733970642,0.5295467,0.18953753,0.7598073,4.546677,0.14020775,0.13395600318908685,0.5477638840675354,0.7780722379684448,3177.5
1,0.30028611421585083,0.3721223771572113,0.71701115,5.381166,0.81441337,5.662084,0.13294323,0.1280833899974823,0.7422559857368469,0.835204541683197,4882.5
2,0.3814103603363037,0.37101277709007263,0.36036035,55.084747,0.63730985,3.9076376,0.17244114,0.1729363977909089,0.4083915948867798,0.6512778401374817,399.5
3,0.34804168343544006,0.383989155292511,0.56692916,1.2173914,0.7347079,6.2367115,0.20068857,0.19436295926570885,0.6198782920837402,0.7753424644470215,1280.5
4,0.299478143453598,0.37985050678253174,0.71741897,5.351863,0.74663156,10.755368,0.16201402,0.1530761152505874,0.7352509498596191,0.7593120336532593,4299.0
5,0.3416813910007477,0.41224491596221924,0.5950295,2.4084542,0.70074767,1.1542497,0.25088048,0.24345775842666628,0.6384626030921936,0.743177592754364,3464.0
6,0.33550822734832764,0.403909295797348,0.41584158,2.0654044,0.58299595,6.0822897,0.22502095,0.21248738765716557,0.4660397171974182,0.6213408708572388,570.0
7,0.3199598491191864,0.3586387634277344,0.7691266,0.6793478,0.7658905,6.5742927,0.20220229,0.1948221683502197,0.7825059294700623,0.7873632907867432,3168.0
8,0.3295411765575409,0.42204007506370544,0.54592186,18.64512,0.654504,4.162331,0.2741391,0.26423579156398774,0.6098360419273376,0.7398281097412109,2570.0
9,0.3056918680667877,0.42386797070503235,0.59741855,37.78664,0.72070557,1.8867924,0.2718665,0.2686973571777343,0.6088348031044006,0.7572305202484131,1639.0
