,rmses,IR_rmses,rater0_sample_top_dice,rater0_sample_best_avd,rater1_sample_top_dice,rater1_sample_best_avd,GED_vol_sorted,GED_dice_sorted,rater0_best_dice_dsorted_ss3,rater1_best_dice_dsorted_ss3,mean_gt_vols
0,0.33635810017585754,0.3899771571159363,0.5239417,17.513268,0.7803595,15.899919,0.37883455,0.37883436679840093,0.5258395671844482,0.7813231945037842,3177.5
1,0.31021422147750854,0.36929017305374146,0.7057424,18.24404,0.8287606,8.791606,0.29886702,0.2988654176394145,0.7064418792724609,0.829702615737915,4882.5
2,0.33904626965522766,0.3480623662471771,0.35164836,106.779655,0.56898195,12.078153,0.5875982,0.5875929296016692,0.3531034588813782,0.5698005557060242,399.5
3,0.352645605802536,0.3789162337779999,0.5718182,8.347826,0.6993915,25.301207,0.5395071,0.5395037432511647,0.5727272629737854,0.7002437114715576,1280.5
4,0.31213492155075073,0.39445966482162476,0.7004219,17.800117,0.6698349,46.702454,0.47459304,0.4745903611183166,0.701788604259491,0.6700863242149353,4299.0
5,0.3384440243244171,0.408889502286911,0.5802651,49.643646,0.699041,28.331583,0.53050613,0.5305024882157643,0.5809617042541504,0.7003875374794006,3464.0
6,0.32510265707969666,0.39574140310287476,0.42209944,44.234077,0.6166098,42.039356,0.6179231,0.617957999308904,0.42256638407707214,0.6190476417541504,570.0
7,0.3003200590610504,0.3409184515476227,0.7767682,8.797555,0.7839842,20.84316,0.36231127,0.36230883995691937,0.7780743837356567,0.7853730916976929,3168.0
8,0.33203572034835815,0.40287867188453674,0.565579,54.288376,0.71735924,23.46514,0.4815687,0.48156699538230896,0.5658203363418579,0.7179940938949585,2570.0
9,0.3123646080493927,0.41896605491638184,0.5589672,57.128613,0.6795294,32.389935,0.5475899,0.5475897391637167,0.5593575239181519,0.6801505088806152,1639.0
