,rmses,IR_rmses,rater0_sample_top_dice,rater0_sample_best_avd,rater1_sample_top_dice,rater1_sample_best_avd,GED_vol_sorted,GED_dice_sorted,rater0_best_dice_dsorted_ss7,rater1_best_dice_dsorted_ss7,mean_gt_vols
0,0.33374837040901184,0.38851413130760193,0.52372193,6.141016,0.7681998,23.110035,0.38203624,0.382025434857323,0.5285505056381226,0.7711063623428345,3177.5
1,0.2946653664112091,0.35825276374816895,0.72494096,8.897805,0.8242211,15.068741,0.27114528,0.27113989137467887,0.7278252840042114,0.8273628354072571,4882.5
2,0.3407239019870758,0.3629182279109955,0.35737705,54.66102,0.5208111,30.728241,0.6088889,0.6089163848331997,0.36513158679008484,0.5276595950126648,399.5
3,0.34311848878860474,0.375228613615036,0.5966851,9.652174,0.7167347,26.364283,0.47102427,0.47100213737714847,0.6014692187309265,0.722427248954773,1280.5
4,0.3711255192756653,0.4007568955421448,0.64883184,33.648727,0.5847185,56.97853,0.6007912,0.6007756406352633,0.6521661877632141,0.5861375331878662,4299.0
5,0.34164997935295105,0.41807129979133606,0.55374914,51.85549,0.701951,31.479538,0.54218346,0.5421723595687321,0.5551861524581909,0.7050748467445374,3464.0
6,0.3226722776889801,0.42550405859947205,0.3658243,55.938034,0.53496933,54.203934,0.7186275,0.7187059273322423,0.3718104362487793,0.5396039485931396,570.0
7,0.3247113823890686,0.33851397037506104,0.76532847,11.684783,0.74866134,23.349056,0.40464294,0.4046337405840556,0.7677794098854065,0.7510902285575867,3168.0
8,0.3364969789981842,0.4176323115825653,0.53873086,57.986324,0.70983505,29.656607,0.49813256,0.49813547872361674,0.5403155088424683,0.7142857313156128,2570.0
9,0.42347851395606995,0.43143829703330994,0.3919129,71.784645,0.51686615,55.503143,0.8242151,0.8241515138319561,0.39298245310783386,0.5203073620796204,1639.0
