,rmses,IR_rmses,rater0_sample_top_dice,rater0_sample_best_avd,rater1_sample_top_dice,rater1_sample_best_avd,GED_vol_sorted,GED_dice_sorted,rater0_best_dice_dsorted_ss5,rater1_best_dice_dsorted_ss5,mean_gt_vols
0,0.34032008051872253,0.3978729546070099,0.4824083,1.4783927,0.72539324,20.419693,0.25935453,0.2563413172960282,0.5138142704963684,0.749650776386261,3177.5
1,0.31610798835754395,0.3789688050746918,0.6995245,3.516639,0.7799072,20.658466,0.22107953,0.21978623867034916,0.7212954163551331,0.7915129065513611,4882.5
2,0.3293934762477875,0.3557511866092682,0.3188406,63.135593,0.5876923,7.6376557,0.16660674,0.16203494817018516,0.3873744606971741,0.6661045551300049,399.5
3,0.3621561825275421,0.40207645297050476,0.4646195,4.6086955,0.6164274,3.7562013,0.3416163,0.3322570949792863,0.5449358224868774,0.6874493956565857,1280.5
4,0.3382800817489624,0.4050266444683075,0.69060504,10.910704,0.6698262,42.235428,0.29026064,0.28928452730178844,0.7160981893539429,0.6781623363494873,4299.0
5,0.3673704266548157,0.4321812391281128,0.54667115,53.084297,0.65436244,33.2284,0.39785644,0.3967070937156678,0.5616601705551147,0.6817097067832947,3464.0
6,0.3205212354660034,0.398192822933197,0.4004128,12.220309,0.61418855,15.9212885,0.22514856,0.21357844173908236,0.4522821605205536,0.6847599148750305,570.0
7,0.3638816177845001,0.3758494555950165,0.71444124,12.771739,0.6785235,24.292452,0.3330116,0.33016405701637264,0.7395912408828735,0.6969855427742004,3168.0
8,0.35384899377822876,0.41477206349372864,0.56697065,46.643875,0.69249797,10.665974,0.25215414,0.24936872720718378,0.5884311199188232,0.7405674457550049,2570.0
9,0.34450221061706543,0.40460318326950073,0.5725646,49.551346,0.66729146,20.440252,0.3337424,0.3298001259565353,0.5919618606567383,0.6999520063400269,1639.0
