,rmses,IR_rmses,rater0_sample_top_dice,rater0_sample_best_avd,rater1_sample_top_dice,rater1_sample_best_avd,GED_vol_sorted,GED_dice_sorted,rater0_best_dice_dsorted_ss5,rater1_best_dice_dsorted_ss5,mean_gt_vols
0,0.37552574276924133,0.4101215600967407,0.5070371,0.8718726,0.74360913,22.141512,0.41372508,0.41364830136299136,0.5117050409317017,0.7454848885536194,3177.5
1,0.33193114399909973,0.38804513216018677,0.7005871,0.23601605,0.79033875,19.500723,0.33188793,0.3318045735359192,0.7068582773208618,0.7926164865493774,4882.5
2,0.40096619725227356,0.3824070692062378,0.34680575,101.694916,0.6523682,1.2433393,0.4415785,0.4414925307035447,0.35984355211257935,0.664850115776062,399.5
3,0.37275272607803345,0.39309442043304443,0.58437634,0.95652175,0.7230411,17.2927,0.46197703,0.46175175309181204,0.5924627780914307,0.7259259223937988,1280.5
4,0.3097555935382843,0.41061264276504517,0.7056,12.684801,0.68380463,43.385735,0.429322,0.42927443981170654,0.713228166103363,0.6850122809410095,4299.0
5,0.3350307047367096,0.41616714000701904,0.5803008,48.046204,0.71428573,26.058064,0.4799532,0.47985403537750243,0.5819007754325867,0.719409704208374,3464.0
6,0.34250524640083313,0.4292033910751343,0.38452786,48.70912,0.5344224,46.690517,0.67540604,0.6756611764431,0.3915592133998871,0.5388235449790955,570.0
7,0.32485321164131165,0.3706970810890198,0.77601284,9.680706,0.7585523,21.60967,0.37450153,0.3743750035762786,0.7803561687469482,0.7604373693466187,3168.0
8,0.31924012303352356,0.4250624179840088,0.5616083,56.246113,0.7195195,26.742977,0.4478755,0.44779731035232545,0.5635023713111877,0.724252462387085,2570.0
9,0.3292209804058075,0.42322003841400146,0.55153203,56.829514,0.66978484,31.91824,0.52313256,0.5230633258819581,0.5523012280464172,0.6768060922622681,1639.0
