,rmses,IR_rmses,rater0_sample_top_dice,rater0_sample_best_avd,rater1_sample_top_dice,rater1_sample_best_avd,GED_vol_sorted,GED_dice_sorted,rater0_best_dice_dsorted_ss25,rater1_best_dice_dsorted_ss25,mean_gt_vols
0,0.3343752324581146,0.40263426303863525,0.53449255,0.5686126,0.7866156,0.4842615,0.13159306,0.1249848389625548,0.5720066428184509,0.8194697499275208,3177.5
1,0.299735963344574,0.3802593946456909,0.7183614,0.8260562,0.8191968,0.90448624,0.10260579,0.09704167862733198,0.758965790271759,0.8509610891342163,4882.5
2,0.3638646602630615,0.3688192069530487,0.3919753,5.9322033,0.6690141,1.7761989,0.07376404,0.06339262517790001,0.48713549971580505,0.7256944179534912,399.5
3,0.3424813747406006,0.38784417510032654,0.5975989,0.5217391,0.75555557,0.56697375,0.16687292,0.15506937613089883,0.6752899289131165,0.8038723468780518,1280.5
4,0.3054391145706177,0.4107400178909302,0.725158,1.360142,0.7585918,2.511503,0.18041766,0.16738873630762097,0.7686025500297546,0.7896995544433594,4299.0
5,0.33904510736465454,0.42314964532852173,0.65392905,13.98378,0.72883624,1.1542497,0.22392589,0.21606992145379394,0.6910842061042786,0.7721496224403381,3464.0
6,0.30833739042282104,0.39559435844421387,0.4995122,1.7211703,0.6919242,2.1466906,0.12441007,0.09579634177188068,0.5728813409805298,0.736947774887085,570.0
7,0.30881839990615845,0.36961665749549866,0.77278006,1.5625,0.78283787,1.326651,0.15879259,0.14495466162761056,0.8247025609016418,0.8297646045684814,3168.0
8,0.3244527280330658,0.42851653695106506,0.64004046,15.599751,0.7546029,0.93652445,0.16050087,0.15199035386244453,0.688536524772644,0.8054053783416748,2570.0
9,0.29039984941482544,0.43007659912109375,0.6668462,14.905284,0.7324401,1.9654088,0.21862929,0.2084136409560839,0.7066043019294739,0.7765820026397705,1639.0
