,rmses,IR_rmses,rater0_sample_top_dice,rater0_sample_best_avd,rater1_sample_top_dice,rater1_sample_best_avd,GED_vol_sorted,GED_dice_sorted,rater0_best_dice_dsorted_ss15,rater1_best_dice_dsorted_ss15,mean_gt_vols
0,0.3343752324581146,0.40263426303863525,0.5398262,0.6444276,0.7802228,1.937046,0.12878138,0.12238345117796035,0.5702127814292908,0.8092566728591919,3177.5
1,0.299735963344574,0.3802593946456909,0.717621,1.0856738,0.81850094,2.2612157,0.09900017,0.09406454109010243,0.7547081112861633,0.8468688130378723,4882.5
2,0.3638646602630615,0.3688192069530487,0.37941176,11.864407,0.67793596,0.3552398,0.058988985,0.049302079918838726,0.46935200691223145,0.7259911894798279,399.5
3,0.3424813747406006,0.38784417510032654,0.6020734,0.6086957,0.7670639,1.1339475,0.16035654,0.14940309325853984,0.6746031641960144,0.7992727160453796,1280.5
4,0.3054391145706177,0.4107400178909302,0.7247843,1.2418687,0.74774194,8.109663,0.17586775,0.163675442196074,0.7611644864082336,0.7741519808769226,4299.0
5,0.33904510736465454,0.42314964532852173,0.6453656,16.810026,0.7247656,0.6995453,0.22151785,0.21205947910036355,0.680900514125824,0.7660279870033264,3464.0
6,0.30833739042282104,0.39559435844421387,0.485739,0.86058515,0.66533065,3.0411448,0.12136166,0.09299650263218662,0.56940758228302,0.7256097793579102,570.0
7,0.30881839990615845,0.36961665749549866,0.7747271,1.1548913,0.7921158,1.5919812,0.15517025,0.14274953632127668,0.813383936882019,0.8209357857704163,3168.0
8,0.3244527280330658,0.42851653695106506,0.62261176,22.715973,0.762839,6.399584,0.17146756,0.1632555074635007,0.67029869556427,0.8012131452560425,2570.0
9,0.29039984941482544,0.43007659912109375,0.6346927,26.420736,0.72505444,3.9308176,0.22799565,0.21962855628558559,0.6648096442222595,0.7682177424430847,1639.0
