,rmses,IR_rmses,rater0_sample_top_dice,rater0_sample_best_avd,rater1_sample_top_dice,rater1_sample_best_avd,GED_vol_sorted,GED_dice_sorted,rater0_best_dice_dsorted_ss3,rater1_best_dice_dsorted_ss3,mean_gt_vols
0,0.39886781573295593,0.4144574999809265,0.505298,28.961334,0.7532073,4.977132,0.41695857,0.4169517656167348,0.5083127617835999,0.7563818097114563,3177.5
1,0.32937464118003845,0.3892466127872467,0.7102362,9.818268,0.80925745,12.409552,0.30915228,0.3090990980466207,0.7115083932876587,0.8107951283454895,4882.5
2,0.43622735142707825,0.39401471614837646,0.2549889,182.20338,0.5760781,18.29485,0.6087585,0.6086433132489523,0.26182618737220764,0.5851318836212158,399.5
3,0.3919297456741333,0.40005379915237427,0.5682782,5.0434785,0.7132493,11.339476,0.5063532,0.5063250263532002,0.572273850440979,0.7169382572174072,1280.5
4,0.3169652223587036,0.3930349051952362,0.7209198,0.44352454,0.7158211,34.106594,0.38437697,0.38434857130050665,0.7231318950653076,0.7168018817901611,4299.0
5,0.3460177481174469,0.4194917380809784,0.6003185,45.662327,0.7009862,22.665268,0.49061468,0.4905924797058106,0.602047324180603,0.7022749781608582,3464.0
6,0.37161019444465637,0.4011143743991852,0.46025878,1.2048192,0.61132073,0.8944544,0.53611946,0.5360935926437378,0.46267279982566833,0.6150978803634644,570.0
7,0.3382878601551056,0.3627481460571289,0.76655054,4.7214675,0.7681853,4.510613,0.37933964,0.3793027997016907,0.7674495577812195,0.7703973054885864,3168.0
8,0.32261180877685547,0.4048193395137787,0.61904764,44.686142,0.7223123,7.3881373,0.40841463,0.40841854612032574,0.6205652356147766,0.7258414626121521,2570.0
9,0.29349467158317566,0.4057648777961731,0.6442399,42.921238,0.7126149,9.984277,0.39817214,0.39812431732813514,0.645428478717804,0.7169811129570007,1639.0
