,rmses,IR_rmses,rater0_sample_top_dice,rater0_sample_best_avd,rater1_sample_top_dice,rater1_sample_best_avd,GED_vol_sorted,GED_dice_sorted,rater0_best_dice_dsorted_ss3,rater1_best_dice_dsorted_ss3,mean_gt_vols
0,0.37552574276924133,0.4101215600967407,0.50672483,0.49279755,0.7394013,22.948614,0.41077647,0.4107507467269898,0.511242151260376,0.7414737939834595,3177.5
1,0.33193114399909973,0.38804513216018677,0.69994223,1.5105027,0.78906095,20.079596,0.33416253,0.3340861399968465,0.7031450867652893,0.7908477187156677,4882.5
2,0.40096619725227356,0.3824070692062378,0.34248367,124.15254,0.65178573,1.0657194,0.4663599,0.46621764699618023,0.35218510031700134,0.6594399213790894,399.5
3,0.37275272607803345,0.39309442043304443,0.5848812,1.3043478,0.7236025,17.434444,0.4658853,0.46565846602121996,0.5879790782928467,0.724446177482605,1280.5
4,0.3097555935382843,0.41061264276504517,0.7054313,13.010054,0.6830105,43.596626,0.43179813,0.4317455490430196,0.7097188830375671,0.6838551163673401,4299.0
5,0.3350307047367096,0.41616714000701904,0.5750122,49.12755,0.71495235,27.597061,0.4874346,0.48739043871561677,0.5759999752044678,0.717896044254303,3464.0
6,0.34250524640083313,0.4292033910751343,0.38258877,49.741825,0.53113985,47.763863,0.6878005,0.6879475712776185,0.38657405972480774,0.5323910713195801,570.0
7,0.32485321164131165,0.3706970810890198,0.77337164,10.699728,0.7550241,22.494104,0.37925506,0.37915527820587164,0.7762326002120972,0.7567837238311768,3168.0
8,0.31924012303352356,0.4250624179840088,0.55709946,56.86762,0.71601206,27.783558,0.45080137,0.45074612895647675,0.5578261017799377,0.7192660570144653,2570.0
9,0.3292209804058075,0.42322003841400146,0.54970354,57.078762,0.67041725,32.31132,0.52557117,0.5255482991536459,0.5502793192863464,0.6752015352249146,1639.0
