,rmses,IR_rmses,rater0_sample_top_dice,rater0_sample_best_avd,rater1_sample_top_dice,rater1_sample_best_avd,GED_vol_sorted,GED_dice_sorted,rater0_best_dice_dsorted_ss7,rater1_best_dice_dsorted_ss7,mean_gt_vols
0,0.3574718236923218,0.4054044187068939,0.5235199,0.45489007,0.7382467,26.607477,0.3789483,0.3783487918831053,0.5365853905677795,0.740360677242279,3177.5
1,0.3211180865764618,0.38782837986946106,0.70896417,0.04720321,0.79835474,19.681622,0.30418724,0.30394137189501813,0.7181494832038879,0.8027169704437256,4882.5
2,0.368241548538208,0.39495959877967834,0.30220714,2.1186442,0.52401745,37.30018,0.5101192,0.5091538862103508,0.3583333194255829,0.5312145352363586,399.5
3,0.3792518675327301,0.40587204694747925,0.54,19.826088,0.6515216,34.656273,0.54895484,0.5478919318744113,0.5543859601020813,0.6579747796058655,1280.5
4,0.3120063245296478,0.41030576825141907,0.711104,11.945594,0.6878204,42.90644,0.41831058,0.41778305172920227,0.7180148363113403,0.6886608004570007,4299.0
5,0.3558086156845093,0.43579748272895813,0.542183,55.222416,0.65926087,36.271423,0.559581,0.5593513619332087,0.542424738407135,0.6607986092567444,3464.0
6,0.3458203673362732,0.4048554003238678,0.45833334,34.767643,0.6232044,32.200356,0.4664864,0.46641367461000166,0.47431695461273193,0.6342541575431824,570.0
7,0.3354845643043518,0.38926032185554504,0.7248297,20.516304,0.7198186,31.01415,0.4652493,0.46482327154704506,0.7297297120094299,0.7216964364051819,3168.0
8,0.3494550585746765,0.4339022636413574,0.51768345,59.415787,0.67348206,32.04995,0.5370339,0.5368198780786424,0.5195208787918091,0.6800881028175354,2570.0
9,0.3288029730319977,0.4327647089958191,0.5411348,59.421738,0.6931927,36.00629,0.5067658,0.5067051152388254,0.5410010814666748,0.6997084617614746,1639.0
