,rmses,IR_rmses,rater0_sample_top_dice,rater0_sample_best_avd,rater1_sample_top_dice,rater1_sample_best_avd,GED_vol_sorted,GED_dice_sorted,rater0_best_dice_dsorted_ss20,rater1_best_dice_dsorted_ss20,mean_gt_vols
0,0.3408088982105255,0.39101025462150574,0.51568073,1.8574678,0.7384151,21.764864,0.27501696,0.2723507703134889,0.5567390322685242,0.764093816280365,3177.5
1,0.32333770394325256,0.3820450007915497,0.71330726,3.1390135,0.7873385,19.410275,0.24287972,0.24081146364149297,0.7446967959403992,0.8050830364227295,4882.5
2,0.299129843711853,0.3524412512779236,0.40316206,1.2711864,0.5779904,5.1509767,0.20288979,0.19763370277850245,0.4749455451965332,0.6771036982536316,399.5
3,0.3683624267578125,0.39056554436683655,0.5634648,2.7826087,0.7011184,16.229626,0.32406902,0.3189375328390222,0.6342636942863464,0.7358185052871704,1280.5
4,0.43503537774086,0.4363923966884613,0.67726815,23.35896,0.63447744,50.306747,0.4678229,0.46485875123425524,0.6984238028526306,0.6403915286064148,4299.0
5,0.3929622173309326,0.4442570209503174,0.52342224,48.906364,0.66090715,27.282269,0.47985497,0.4758453645988515,0.5474991798400879,0.690415620803833,3464.0
6,0.3848913609981537,0.42628639936447144,0.41042346,23.924269,0.6006674,20.930233,0.40555772,0.38920572592239633,0.47141191363334656,0.6802259683609009,570.0
7,0.40821734070777893,0.405691534280777,0.6972763,17.45924,0.68017864,28.36085,0.45057788,0.44638623148202894,0.7302657961845398,0.7127928137779236,3168.0
8,0.4256751537322998,0.44887295365333557,0.50849676,57.364822,0.6915604,28.616026,0.46940857,0.46540047930259465,0.5183210968971252,0.720200777053833,2570.0
9,0.4420703053474426,0.4564419984817505,0.5268779,59.970085,0.67566264,36.87107,0.47111654,0.4710213734719314,0.5338645577430725,0.6902039051055908,1639.0
