,rmses,IR_rmses,rater0_sample_top_dice,rater0_sample_best_avd,rater1_sample_top_dice,rater1_sample_best_avd,GED_vol_sorted,GED_dice_sorted,rater0_best_dice_dsorted_ss5,rater1_best_dice_dsorted_ss5,mean_gt_vols
0,0.3574718236923218,0.4054044187068939,0.5239539,0.83396506,0.7385763,26.903418,0.38713494,0.38688793182373044,0.5301345586776733,0.7409610152244568,3177.5
1,0.3211180865764618,0.38782837986946106,0.7069067,0.5900401,0.7973698,21.183067,0.3033449,0.3031941115856171,0.7141495943069458,0.8004480004310608,4882.5
2,0.368241548538208,0.39495959877967834,0.2991453,1.6949153,0.50569475,44.049732,0.5105133,0.5111598342657089,0.324444442987442,0.5136094689369202,399.5
3,0.3792518675327301,0.40587204694747925,0.54285717,23.47826,0.63814926,37.632885,0.5652048,0.5642993867397308,0.557692289352417,0.6437085866928101,1280.5
4,0.3120063245296478,0.41030576825141907,0.70996356,13.335304,0.6819688,43.807514,0.4102376,0.4101541519165039,0.7211616635322571,0.68296879529953,4299.0
5,0.3558086156845093,0.43579748272895813,0.5430418,55.541904,0.65895456,36.726128,0.5589926,0.5589295208454131,0.5431342720985413,0.6600858569145203,3464.0
6,0.3458203673362732,0.4048554003238678,0.462845,37.86575,0.62173915,35.420395,0.50462866,0.503980427980423,0.4727668762207031,0.6292629241943359,570.0
7,0.3354845643043518,0.38926032185554504,0.7265104,21.773098,0.7188762,32.104954,0.4609323,0.4605752229690552,0.7310875654220581,0.7205778956413269,3168.0
8,0.3494550585746765,0.4339022636413574,0.50882286,60.87632,0.6702295,34.49532,0.5484684,0.5484357178211212,0.509277880191803,0.6744701266288757,2570.0
9,0.3288029730319977,0.4327647089958191,0.53722835,60.069794,0.6994694,37.0283,0.5091952,0.5091758966445923,0.5372283458709717,0.7022826671600342,1639.0
