,rmses,IR_rmses,rater0_sample_top_dice,rater0_sample_best_avd,rater1_sample_top_dice,rater1_sample_best_avd,GED_vol_sorted,GED_dice_sorted,rater0_best_dice_dsorted_ss3,rater1_best_dice_dsorted_ss3,mean_gt_vols
0,0.36983317136764526,0.40798184275627136,0.49151805,25.701288,0.66901535,47.269302,0.33795702,0.3370094348986943,0.4947183132171631,0.6692510843276978,3177.5
1,0.3768140375614166,0.4010070860385895,0.6717658,21.02903,0.711066,39.471783,0.3229846,0.32097943623860686,0.6828283071517944,0.7120679616928101,4882.5
2,0.33918851613998413,0.3782542943954468,0.33281004,13.135592,0.5207469,28.774422,0.17893234,0.183632547656695,0.38805970549583435,0.5488474369049072,399.5
3,0.4047084152698517,0.4099849760532379,0.45583424,40.521736,0.5498807,51.52374,0.47237888,0.47188069919745135,0.46700507402420044,0.5529468059539795,1280.5
4,0.4705969989299774,0.45529237389564514,0.5390814,53.222942,0.45689908,69.67025,0.5938579,0.5929470807313919,0.5444172620773315,0.4573700428009033,4299.0
5,0.4528323709964752,0.46018603444099426,0.39171302,71.88499,0.5161129,59.986008,0.5504705,0.5499273439248402,0.39253416657447815,0.5214124917984009,3464.0
6,0.3591378927230835,0.44207650423049927,0.3412204,61.79002,0.49167734,60.286224,0.54107285,0.5438782374064128,0.3489583432674408,0.49417853355407715,570.0
7,0.5039761066436768,0.44740280508995056,0.4876835,63.485058,0.46339825,68.307785,0.71227944,0.7141972482204437,0.49126309156417847,0.4642617106437683,3168.0
8,0.4918416440486908,0.46695953607559204,0.3550505,76.9422,0.5322823,61.394382,0.586648,0.5868209103743236,0.35531967878341675,0.5326821804046631,2570.0
9,0.4681372344493866,0.47073787450790405,0.37299034,75.972084,0.5381984,62.10692,0.5952714,0.5955139845609665,0.37308621406555176,0.5381984114646912,1639.0
