,rmses,IR_rmses,rater0_sample_top_dice,rater0_sample_best_avd,rater1_sample_top_dice,rater1_sample_best_avd,GED_vol_sorted,GED_dice_sorted,rater0_best_dice_dsorted_ss25,rater1_best_dice_dsorted_ss25,mean_gt_vols
0,0.3708021640777588,0.4168739318847656,0.48328075,14.177407,0.6731316,39.090664,0.3250934,0.3243784759442012,0.5179727673530579,0.6959781646728516,3177.5
1,0.38081079721450806,0.4126603305339813,0.69837266,7.1984897,0.7484144,28.871202,0.2953357,0.29374709049860637,0.7247359752655029,0.7625837326049805,4882.5
2,0.35283762216567993,0.43009716272354126,0.36869565,0.42372882,0.49667406,25.577265,0.23837566,0.22426782588164007,0.5054945349693298,0.5630841255187988,399.5
3,0.4120500981807709,0.4333858788013458,0.46136987,31.478262,0.5657117,44.153084,0.5432422,0.5409906848768393,0.5282799005508423,0.5946462750434875,1280.5
4,0.46009182929992676,0.4460892975330353,0.68593824,18.953281,0.6452181,47.450153,0.41139317,0.4078657141327858,0.7134125828742981,0.6535232663154602,4299.0
5,0.46642762422561646,0.4670698344707489,0.45160136,62.644386,0.5800411,46.834557,0.56078994,0.5593935305873552,0.45945945382118225,0.5997650027275085,3464.0
6,0.44589564204216003,0.45110267400741577,0.388584,34.25129,0.54835284,31.663687,0.41332087,0.40354399604101976,0.4549878239631653,0.6240963935852051,570.0
7,0.46080464124679565,0.44875210523605347,0.5868726,41.64402,0.57338554,49.351414,0.66497594,0.6616312689582508,0.6157646775245667,0.596258282661438,3168.0
8,0.4699179232120514,0.4718227684497833,0.418244,63.73524,0.56305194,39.281998,0.53767455,0.5330991107225418,0.4475920796394348,0.6207137703895569,2570.0
9,0.4648323059082031,0.4758095443248749,0.4340457,64.70589,0.5804348,44.339622,0.48936957,0.48873020713528004,0.44865480065345764,0.6080084443092346,1639.0
