,rmses,IR_rmses,rater0_sample_top_dice,rater0_sample_best_avd,rater1_sample_top_dice,rater1_sample_best_avd,GED_vol_sorted,GED_dice_sorted,rater0_best_dice_dsorted_ss20,rater1_best_dice_dsorted_ss20,mean_gt_vols
0,0.34032008051872253,0.3978729546070099,0.49343544,0.7581501,0.7379091,14.205005,0.26341134,0.2614452393823548,0.5348566770553589,0.770424485206604,3177.5
1,0.31610798835754395,0.3789688050746918,0.70242053,0.56643856,0.78911155,13.712011,0.22091645,0.21926541924476622,0.7443000674247742,0.8128514289855957,4882.5
2,0.3293934762477875,0.3557511866092682,0.3556231,25.423729,0.5805243,1.0657194,0.15760863,0.1491164418623635,0.44744744896888733,0.7204968929290771,399.5
3,0.3621561825275421,0.40207645297050476,0.4751067,1.2173914,0.61264825,0.77958894,0.34135905,0.3310247671839438,0.5942583680152893,0.7156473398208618,1280.5
4,0.3382800817489624,0.4050266444683075,0.704099,1.951508,0.7024469,33.895702,0.27773213,0.2753763238066122,0.7465333938598633,0.7199810147285461,4299.0
5,0.3673704266548157,0.4321812391281128,0.55620915,45.858936,0.6716904,22.945086,0.38925964,0.386638725705837,0.5919815301895142,0.7039569020271301,3464.0
6,0.3205212354660034,0.398192822933197,0.41050583,2.5817556,0.6139438,1.0733453,0.24331863,0.2295507886692097,0.5151515007019043,0.7110228538513184,570.0
7,0.3638816177845001,0.3758494555950165,0.7356634,0.20380434,0.7035636,13.030661,0.3372007,0.33165207089562176,0.7834704518318176,0.7482160925865173,3168.0
8,0.35384899377822876,0.41477206349372864,0.57137316,39.77626,0.6878063,0.83246624,0.26489854,0.2610698520352966,0.6110652089118958,0.7645525336265564,2570.0
9,0.34450221061706543,0.40460318326950073,0.6133829,39.082752,0.6839827,3.9308176,0.29607156,0.29207297865497445,0.637700080871582,0.7426796555519104,1639.0
