,rmses,IR_rmses,rater0_sample_top_dice,rater0_sample_best_avd,rater1_sample_top_dice,rater1_sample_best_avd,GED_vol_sorted,GED_dice_sorted,rater0_best_dice_dsorted_ss5,rater1_best_dice_dsorted_ss5,mean_gt_vols
0,0.3408088982105255,0.39101025462150574,0.51092947,0.5686126,0.73217666,29.432339,0.2694605,0.267415052652359,0.5329052805900574,0.739130437374115,3177.5
1,0.32333770394325256,0.3820450007915497,0.7027951,6.632051,0.765078,28.437048,0.24453844,0.2433967471122742,0.7243621945381165,0.7729684114456177,4882.5
2,0.299129843711853,0.3524412512779236,0.3705357,10.169491,0.5449161,20.071047,0.23997453,0.229556366801262,0.4099099040031433,0.5723205208778381,399.5
3,0.3683624267578125,0.39056554436683655,0.5616071,5.217391,0.69092363,22.749823,0.30483645,0.3001100748777389,0.605668842792511,0.7199333906173706,1280.5
4,0.43503537774086,0.4363923966884613,0.64380884,33.560024,0.58073163,56.921013,0.45383424,0.45204632878303536,0.6513051390647888,0.5826835036277771,4299.0
5,0.3929622173309326,0.4442570209503174,0.50162196,56.058002,0.64988166,37.46065,0.4886078,0.48590781092643737,0.513096272945404,0.6656380891799927,3464.0
6,0.3848913609981537,0.42628639936447144,0.40128756,39.586918,0.5692308,37.2093,0.34779426,0.33316160142421714,0.4455089867115021,0.6248492002487183,570.0
7,0.40821734070777893,0.405691534280777,0.68589,23.30163,0.6679646,33.431606,0.4326391,0.42777233123779307,0.7126715183258057,0.6896927952766418,3168.0
8,0.4256751537322998,0.44887295365333557,0.47374403,63.300186,0.66129553,38.55359,0.47280836,0.4699425935745239,0.47915226221084595,0.6750247478485107,2570.0
9,0.4420703053474426,0.4564419984817505,0.4829377,65.60319,0.65443426,45.754715,0.48024952,0.4782530575990677,0.48604390025138855,0.6564416885375977,1639.0
