,rmses,IR_rmses,rater0_sample_top_dice,rater0_sample_best_avd,rater1_sample_top_dice,rater1_sample_best_avd,GED_vol_sorted,GED_dice_sorted,rater0_best_dice_dsorted_ss20,rater1_best_dice_dsorted_ss20,mean_gt_vols
0,0.3464130759239197,0.4026525616645813,0.5280756,0.18953753,0.7785195,7.936508,0.27614272,0.27206939898039173,0.5529629588127136,0.7966889142990112,3177.5
1,0.30198216438293457,0.3813181221485138,0.7261101,0.6844466,0.82527614,0.18089725,0.1903102,0.18656538693528424,0.7482993006706238,0.8391940593719482,4882.5
2,0.3428848385810852,0.36124953627586365,0.39619046,2.9661016,0.62699825,0.0,0.26174653,0.24743197517175425,0.43910256028175354,0.6932126879692078,399.5
3,0.3879440128803253,0.3938189446926117,0.5831655,0.5217391,0.73396504,1.9135365,0.35703894,0.3498709321806306,0.6258389353752136,0.7553957104682922,1280.5
4,0.32885053753852844,0.42828863859176636,0.708446,4.997043,0.7104046,38.401073,0.4000858,0.39576506144122064,0.7339957356452942,0.7130434513092041,4299.0
5,0.35950198769569397,0.4368332326412201,0.5976836,38.731876,0.7005538,12.801679,0.44207793,0.4405094644741008,0.6046009063720703,0.7117716073989868,3464.0
6,0.3521445393562317,0.422097384929657,0.41163793,24.440619,0.5931864,21.466906,0.4838394,0.4764363639840955,0.44249725341796875,0.6237731575965881,570.0
7,0.3385361135005951,0.4026400148868561,0.7327206,9.001359,0.73068684,21.020048,0.4193349,0.4146798984784829,0.7547169923782349,0.7478588819503784,3168.0
8,0.3669354021549225,0.4481103718280792,0.58318496,42.914852,0.7370252,4.4224763,0.38088328,0.37763910638658627,0.5997552275657654,0.7631123661994934,2570.0
9,0.3322924077510834,0.4509682357311249,0.5884705,50.398804,0.7119541,21.77673,0.43990275,0.43793414889981874,0.5947225689888,0.7357274293899536,1639.0
