,rmses,IR_rmses,rater0_sample_top_dice,rater0_sample_best_avd,rater1_sample_top_dice,rater1_sample_best_avd,GED_vol_sorted,GED_dice_sorted,rater0_best_dice_dsorted_ss3,rater1_best_dice_dsorted_ss3,mean_gt_vols
0,0.32484278082847595,0.38046178221702576,0.5304179,10.197119,0.7813139,15.711596,0.32737258,0.32728807131449383,0.5358410477638245,0.7841927409172058,3177.5
1,0.3028511106967926,0.35125118494033813,0.72351944,9.228228,0.8224067,10.437772,0.25399038,0.25393474102020264,0.7266219258308411,0.8269379734992981,4882.5
2,0.3324730098247528,0.34314048290252686,0.32057416,154.23729,0.67540985,6.5719357,0.41704005,0.4173735678195953,0.33409610390663147,0.6906710267066956,399.5
3,0.3256939947605133,0.37738436460494995,0.6011069,4.2608695,0.74861574,8.008505,0.40353832,0.4035555720329284,0.6062132716178894,0.7553551197052002,1280.5
4,0.2982998192310333,0.35994499921798706,0.72226405,1.0053223,0.736458,31.882668,0.33183756,0.33168238401412964,0.7262686491012573,0.7379617691040039,4299.0
5,0.33753058314323425,0.3909652829170227,0.59213835,43.69624,0.71961164,19.867086,0.4572917,0.4572448233763376,0.5936015248298645,0.7222548723220825,3464.0
6,0.30853405594825745,0.3704175651073456,0.45183888,3.4423406,0.6554788,0.35778174,0.43814263,0.43853238224983204,0.4696282744407654,0.667294979095459,570.0
7,0.2976968586444855,0.3153538703918457,0.7891254,0.7472826,0.7833386,13.8561325,0.30018792,0.2999686996142069,0.791289210319519,0.7868538498878479,3168.0
8,0.30122846364974976,0.3814850449562073,0.6058158,46.1156,0.7489059,9.781478,0.35642782,0.35632182161013287,0.6076720356941223,0.7576523423194885,2570.0
9,0.2999092936515808,0.38948649168014526,0.6134454,45.76271,0.72353727,14.465409,0.38641772,0.38643232981363923,0.61663419008255,0.7301587462425232,1639.0
