,rmses,IR_rmses,rater0_sample_top_dice,rater0_sample_best_avd,rater1_sample_top_dice,rater1_sample_best_avd,GED_vol_sorted,GED_dice_sorted,rater0_best_dice_dsorted_ss3,rater1_best_dice_dsorted_ss3,mean_gt_vols
0,0.33420178294181824,0.3972427546977997,0.53271216,9.021986,0.77295095,8.635997,0.13690664,0.13606588045756013,0.5459662079811096,0.7840744256973267,3177.5
1,0.29974251985549927,0.3756134510040283,0.6986462,2.1949492,0.80753374,6.946454,0.085312925,0.08500741918881738,0.7232021689414978,0.825888991355896,4882.5
2,0.34040725231170654,0.3475561738014221,0.37025797,1.6949153,0.6551724,14.742451,0.0119463205,0.0014002074797948572,0.43830570578575134,0.7056737542152405,399.5
3,0.34455612301826477,0.3816736936569214,0.5803642,11.478261,0.7197704,2.4805102,0.14932539,0.14632116754849744,0.6155150532722473,0.7606072425842285,1280.5
4,0.31864506006240845,0.4069594740867615,0.6936262,3.3707864,0.7017916,37.346626,0.201325,0.198113371928533,0.7190342545509338,0.7035056352615356,4299.0
5,0.3434194028377533,0.42139679193496704,0.61649513,39.985256,0.7100547,14.585519,0.22611403,0.22592411438624066,0.6184962391853333,0.7234299778938293,3464.0
6,0.32543402910232544,0.41148680448532104,0.4383057,13.080894,0.5930372,9.660108,0.16992107,0.14458634952704108,0.47638604044914246,0.6337448358535767,570.0
7,0.3176043927669525,0.3684350550174713,0.7677179,0.3396739,0.7554365,12.912735,0.1482767,0.14278584718704224,0.7897380590438843,0.770370364189148,3168.0
8,0.33393096923828125,0.4253884553909302,0.58007413,49.03667,0.7102751,14.672216,0.20865874,0.2070560554663341,0.5849999785423279,0.7355495691299438,2570.0
9,0.3148795962333679,0.43273165822029114,0.55117565,55.832504,0.72381836,30.345911,0.2621682,0.2618152399857838,0.5529986023902893,0.7305723428726196,1639.0
