,rmses,IR_rmses,rater0_sample_top_dice,rater0_sample_best_avd,rater1_sample_top_dice,rater1_sample_best_avd,GED_vol_sorted,GED_dice_sorted,rater0_best_dice_dsorted_ss3,rater1_best_dice_dsorted_ss3,mean_gt_vols
0,0.35743248462677,0.409683495759964,0.51254344,2.8430629,0.72738856,31.046543,0.46133977,0.4613371988137563,0.513690710067749,0.7284029126167297,3177.5
1,0.3290058970451355,0.3970317244529724,0.69410086,1.1328771,0.77534217,24.222141,0.3899228,0.3899216651916504,0.6950320601463318,0.7762669920921326,4882.5
2,0.40100929141044617,0.39097651839256287,0.30602783,74.15254,0.522541,26.465364,0.6779761,0.6779760768016179,0.3060278296470642,0.5230769515037537,399.5
3,0.39714694023132324,0.41013091802597046,0.46266317,33.47826,0.58547795,45.78313,0.7599133,0.7599113881587982,0.46363160014152527,0.5862862467765808,1280.5
4,0.34160906076431274,0.4169199466705322,0.6529642,25.694857,0.6212964,51.82132,0.5833632,0.5833607614040374,0.6543231010437012,0.6214572191238403,4299.0
5,0.4044807553291321,0.4471879005432129,0.48564807,62.152863,0.6006826,46.13501,0.7278236,0.7278245290120442,0.4857346713542938,0.6017296314239502,3464.0
6,0.3371703624725342,0.43419569730758667,0.34556213,54.561104,0.53219926,52.772808,0.7620467,0.762042209506035,0.3463819622993469,0.5328466892242432,570.0
7,0.36187246441841125,0.3940366208553314,0.69526684,31.351904,0.6839091,40.418633,0.5915025,0.5915001034736633,0.6966700553894043,0.6842981576919556,3168.0
8,0.36130291223526,0.44617217779159546,0.51785314,61.622124,0.6838095,35.74402,0.5709332,0.5709335803985596,0.5182022452354431,0.6846446990966797,2570.0
9,0.33173975348472595,0.4431267976760864,0.52797705,61.01695,0.6923452,38.522015,0.5624371,0.5624352792898815,0.5283560752868652,0.6936190724372864,1639.0
