,rmses,IR_rmses,rater0_sample_top_dice,rater0_sample_best_avd,rater1_sample_top_dice,rater1_sample_best_avd,GED_vol_sorted,GED_dice_sorted,rater0_best_dice_dsorted_ss7,rater1_best_dice_dsorted_ss7,mean_gt_vols
0,0.340459942817688,0.3989121913909912,0.5189408,4.207733,0.76916003,24.48211,0.3891825,0.38917685974211913,0.5226056575775146,0.7719944715499878,3177.5
1,0.31201353669166565,0.3778369128704071,0.70859146,1.6521124,0.80040425,20.839363,0.3290339,0.3290238749413263,0.7114689350128174,0.803199052810669,4882.5
2,0.3162021040916443,0.3552775979042053,0.3668639,82.62712,0.68209255,18.47247,0.44597706,0.44588620464007056,0.3786982297897339,0.688622772693634,399.5
3,0.3449877202510834,0.3807527720928192,0.59236234,2.0869565,0.74703556,20.19844,0.44578603,0.4457605793362572,0.5981391072273254,0.7500990033149719,1280.5
4,0.3245145082473755,0.4046950042247772,0.67812145,18.539326,0.6704303,47.181747,0.4921542,0.49214245875676477,0.6809554696083069,0.6710196137428284,4299.0
5,0.3516782820224762,0.425157368183136,0.5494579,52.666504,0.6950888,32.63379,0.5525489,0.5525351776963189,0.5514472126960754,0.6979668736457825,3464.0
6,0.32649070024490356,0.40930578112602234,0.4240363,48.192772,0.6014151,46.153847,0.61327714,0.6132808384441195,0.4293915033340454,0.6061320900917053,570.0
7,0.33006465435028076,0.37546998262405396,0.74085367,21.195652,0.7373949,31.603775,0.46140873,0.461402918611254,0.7433257102966309,0.7393747568130493,3168.0
8,0.36047786474227905,0.44118979573249817,0.49694777,62.554382,0.6812199,37.30489,0.5807572,0.5807544276827858,0.4985284209251404,0.6848698854446411,2570.0
9,0.33155035972595215,0.4393475353717804,0.51954514,59.720837,0.7221154,36.477985,0.5278805,0.5278766410691397,0.5209964513778687,0.7248193025588989,1639.0
