,rmses,IR_rmses,rater0_sample_top_dice,rater0_sample_best_avd,rater1_sample_top_dice,rater1_sample_best_avd,GED_vol_sorted,GED_dice_sorted,rater0_best_dice_dsorted_ss3,rater1_best_dice_dsorted_ss3,mean_gt_vols
0,0.33374837040901184,0.38851413130760193,0.524776,6.633814,0.7683874,23.325262,0.37968972,0.37968965371449787,0.527143120765686,0.769817054271698,3177.5
1,0.2946653664112091,0.35825276374816895,0.7235818,9.275431,0.82411766,15.484804,0.27332255,0.2733152508735656,0.7257574200630188,0.8253656625747681,4882.5
2,0.3407239019870758,0.3629182279109955,0.35430464,55.932205,0.51867664,31.616343,0.60609317,0.6059880505005519,0.3573770523071289,0.5213675498962402,399.5
3,0.34311848878860474,0.375228613615036,0.5945946,10.173913,0.7144026,26.78951,0.47399017,0.47397560874621075,0.5978811383247375,0.7165160179138184,1280.5
4,0.3711255192756653,0.4007568955421448,0.64922583,33.855705,0.584731,57.11273,0.5993054,0.5993011891841888,0.6509720087051392,0.5847309827804565,4299.0
5,0.34164997935295105,0.41807129979133606,0.55201066,52.101254,0.7004992,31.82931,0.54496825,0.5449695785840353,0.5533189177513123,0.7027702331542969,3464.0
6,0.3226722776889801,0.42550405859947205,0.36452004,56.626503,0.5326757,54.9195,0.7179841,0.7179687470197679,0.36848485469818115,0.535315990447998,570.0
7,0.3247113823890686,0.33851397037506104,0.7646095,12.160326,0.7470123,23.761793,0.40534347,0.4053421020507813,0.7667511701583862,0.7490774989128113,3168.0
8,0.3364969789981842,0.4176323115825653,0.53812444,58.17278,0.7093023,29.968782,0.49999613,0.499995470046997,0.5392372012138367,0.712228000164032,2570.0
9,0.42347851395606995,0.43143829703330994,0.3889322,72.08375,0.5153509,55.974842,0.8214502,0.8214671413103739,0.38984376192092896,0.5188834071159363,1639.0
