,rmses,IR_rmses,rater0_sample_top_dice,rater0_sample_best_avd,rater1_sample_top_dice,rater1_sample_best_avd,GED_vol_sorted,GED_dice_sorted,rater0_best_dice_dsorted_ss25,rater1_best_dice_dsorted_ss25,mean_gt_vols
0,0.340795636177063,0.3976607620716095,0.53888685,5.6861258,0.77887493,19.53188,0.36162,0.3615757693847021,0.5417574644088745,0.7833533883094788,3177.5
1,0.3252488970756531,0.3802197575569153,0.7060121,13.948547,0.82164407,8.104197,0.30512235,0.3051021172602971,0.7098819613456726,0.8249286413192749,4882.5
2,0.4162912964820862,0.388014554977417,0.30555555,135.59323,0.656,0.1776199,0.5341822,0.5341734820604325,0.3086574673652649,0.6643109321594238,399.5
3,0.3877696096897125,0.39260876178741455,0.5646347,0.08695652,0.6988045,15.946138,0.5263003,0.5262272504965464,0.5744308233261108,0.7062036395072937,1280.5
4,0.3040692210197449,0.3916288912296295,0.72859746,2.6907156,0.71870226,36.905678,0.37844634,0.37841362913449605,0.734904944896698,0.7215667963027954,4299.0
5,0.32893410325050354,0.4117584824562073,0.5989151,45.957237,0.7156,23.084995,0.48314264,0.4831031103928883,0.6017329692840576,0.7210938930511475,3464.0
6,0.3199070990085602,0.4114643335342407,0.48697394,25.989672,0.66049385,23.076923,0.49683556,0.4967403213183084,0.4969199299812317,0.6708464026451111,570.0
7,0.30884960293769836,0.34856176376342773,0.7911018,3.8383152,0.77749115,16.538916,0.34997237,0.3499495524168015,0.794678807258606,0.7804403901100159,3168.0
8,0.3102574944496155,0.4054590165615082,0.6187284,47.01678,0.73760045,11.290322,0.39957443,0.3995227324962616,0.6217595338821411,0.7444071769714355,2570.0
9,0.3032108247280121,0.41698023676872253,0.6126126,44.61615,0.7022569,12.657232,0.45520508,0.4551730098327,0.6157826781272888,0.7101260423660278,1639.0
