,rmses,IR_rmses,rater0_sample_top_dice,rater0_sample_best_avd,rater1_sample_top_dice,rater1_sample_best_avd,GED_vol_sorted,GED_dice_sorted,rater0_best_dice_dsorted_ss20,rater1_best_dice_dsorted_ss20,mean_gt_vols
0,0.3574718236923218,0.4054044187068939,0.52552974,0.11372252,0.74535686,24.724241,0.3910266,0.39045716186887336,0.5390995144844055,0.7482214570045471,3177.5
1,0.3211180865764618,0.38782837986946106,0.70869565,0.5192353,0.8025022,17.818378,0.29762247,0.29713163642506846,0.7198669910430908,0.8061234951019287,4882.5
2,0.368241548538208,0.39495959877967834,0.30769232,1.2711864,0.5132336,36.41208,0.5455617,0.5450469576606625,0.35652172565460205,0.5416666865348816,399.5
3,0.3792518675327301,0.40587204694747925,0.54730415,17.130434,0.65736043,32.45925,0.5415871,0.5408643757826402,0.5820971727371216,0.662127673625946,1280.5
4,0.3120063245296478,0.41030576825141907,0.7118965,11.058545,0.6904183,42.331287,0.41732404,0.4170686907674137,0.7255889773368835,0.6919985413551331,4299.0
5,0.3558086156845093,0.43579748272895813,0.5489012,53.50209,0.6659651,33.823017,0.56500065,0.5646682987087651,0.550807535648346,0.6680805683135986,3464.0
6,0.3458203673362732,0.4048554003238678,0.4681725,32.358,0.62863296,29.695887,0.48435408,0.4845994423094548,0.4913419783115387,0.6404371857643127,570.0
7,0.3354845643043518,0.38926032185554504,0.73037034,16.576088,0.7284542,27.59434,0.46277064,0.46182130606550925,0.7374086976051331,0.7319516539573669,3168.0
8,0.3494550585746765,0.4339022636413574,0.5241017,58.17278,0.6763975,29.968782,0.534489,0.5344312767449177,0.5263852477073669,0.6907832622528076,2570.0
9,0.3288029730319977,0.4327647089958191,0.5519412,57.47757,0.7058824,32.94025,0.5135111,0.5134122948897512,0.5518207550048828,0.711685836315155,1639.0
