,rmses,IR_rmses,rater0_sample_top_dice,rater0_sample_best_avd,rater1_sample_top_dice,rater1_sample_best_avd,GED_vol_sorted,GED_dice_sorted,rater0_best_dice_dsorted_ss7,rater1_best_dice_dsorted_ss7,mean_gt_vols
0,0.3586542010307312,0.4033588171005249,0.5209251,6.520091,0.76544315,19.693302,0.39329848,0.3932794006097885,0.525972843170166,0.7670863270759583,3177.5
1,0.32003453373908997,0.3886003792285919,0.70547616,0.18881284,0.79124236,22.3589,0.34621105,0.34618929170426865,0.709149181842804,0.7927302718162537,4882.5
2,0.40014877915382385,0.3772362470626831,0.30440253,136.86441,0.63581836,0.7104796,0.5396417,0.539697880546252,0.3086419701576233,0.6437177062034607,399.5
3,0.3677537143230438,0.3994027078151703,0.5288326,14.521739,0.6716792,30.333096,0.5989512,0.5988402721427736,0.534916877746582,0.6762226223945618,1280.5
4,0.3106386661529541,0.40687474608421326,0.7109475,15.257244,0.67656523,45.05368,0.4541848,0.45414745949563523,0.7138025164604187,0.6769002079963684,4299.0
5,0.363614946603775,0.4305112957954407,0.5340737,53.944458,0.6747192,34.452606,0.59513646,0.5951114495595295,0.5350168347358704,0.6775493025779724,3464.0
6,0.3654363453388214,0.42451950907707214,0.38320774,40.10327,0.5765766,37.74597,0.67006046,0.67007477581501,0.3881579041481018,0.5826771855354309,570.0
7,0.34171563386917114,0.374380499124527,0.7281936,18.34239,0.71984774,29.12736,0.49894986,0.4989173327173506,0.7315512299537659,0.7212603688240051,3168.0
8,0.35984283685684204,0.43658581376075745,0.5107334,61.0317,0.68010074,34.755463,0.57248247,0.5724686753182184,0.5113051533699036,0.6826801300048828,2570.0
9,0.3278537094593048,0.43283945322036743,0.55279505,55.533398,0.6996303,29.874214,0.51816136,0.5181489714554378,0.5533241033554077,0.7021677494049072,1639.0
