,rmses,IR_rmses,rater0_sample_top_dice,rater0_sample_best_avd,rater1_sample_top_dice,rater1_sample_best_avd,GED_vol_sorted,GED_dice_sorted,rater0_best_dice_dsorted_ss5,rater1_best_dice_dsorted_ss5,mean_gt_vols
0,0.33741381764411926,0.3954237103462219,0.4986626,1.5921153,0.7383721,4.654291,0.10574923,0.10117121338844293,0.532335638999939,0.7776637673377991,3177.5
1,0.30234959721565247,0.3785897195339203,0.6961487,2.50177,0.7797144,4.992764,0.105788104,0.10383473038673396,0.7288650274276733,0.8110527396202087,4882.5
2,0.32145312428474426,0.35031870007514954,0.30625832,118.220345,0.49707603,8.525755,0.08268909,0.0814911767840385,0.34896400570869446,0.5930408239364624,399.5
3,0.38243013620376587,0.4030247926712036,0.4956482,10.173913,0.620314,6.661942,0.18381025,0.16712453663349147,0.5937910079956055,0.720869243144989,1280.5
4,0.3760484457015991,0.4187697768211365,0.6958824,1.0644588,0.70928884,34.47086,0.19425878,0.19035626053810117,0.7340950965881348,0.7260193824768066,4299.0
5,0.3804090917110443,0.43573954701423645,0.5672576,35.02089,0.65670455,7.5201116,0.23303074,0.22747540771961205,0.6045777201652527,0.7058128118515015,3464.0
6,0.34272754192352295,0.4208999276161194,0.4199683,17.211704,0.61403507,16.45796,0.085847385,0.07165577858686434,0.4991087317466736,0.6754221320152283,570.0
7,0.373616099357605,0.38508015871047974,0.73433703,8.423913,0.7480755,4.6875,0.15406413,0.1463217228651047,0.7853832244873047,0.7893900871276855,3168.0
8,0.3803893029689789,0.4360736012458801,0.56293,31.634554,0.6906199,10.301769,0.13844587,0.13107453882694237,0.5937248468399048,0.7260782718658447,2570.0
9,0.3968392312526703,0.4542006254196167,0.5341025,53.09073,0.686041,26.022015,0.26962224,0.26887577474117286,0.5502572655677795,0.7276172637939453,1639.0
