,rmses,IR_rmses,rater0_sample_top_dice,rater0_sample_best_avd,rater1_sample_top_dice,rater1_sample_best_avd,GED_vol_sorted,GED_dice_sorted,rater0_best_dice_dsorted_ss7,rater1_best_dice_dsorted_ss7,mean_gt_vols
0,0.3586542010307312,0.4033588171005249,0.76443386,19.666397,0.52231824,6.937073,0.39174217,0.39172994238989706,0.767271101474762,0.5265639424324036,3177.5
1,0.32003453373908997,0.3886003792285919,0.79186165,22.178003,0.7045482,0.04720321,0.3472775,0.3472612500190735,0.7940426468849182,0.7088068127632141,4882.5
2,0.40014877915382385,0.3772362470626831,0.6331058,1.598579,0.3019802,142.37288,0.545717,0.5456591979378745,0.6431034207344055,0.3059975504875183,399.5
3,0.3677537143230438,0.3994027078151703,0.67389494,30.04961,0.5297145,14.173913,0.5969894,0.5969711244106293,0.6795464158058167,0.536003828048706,1280.5
4,0.3106386661529541,0.40687474608421326,0.6766526,45.130367,0.70960486,15.375517,0.4521224,0.45211614313579745,0.6770678758621216,0.7137786149978638,4299.0
5,0.363614946603775,0.4305112957954407,0.67583,34.592514,0.5337599,54.042763,0.5983221,0.5983003349531264,0.6776929497718811,0.5345466732978821,3464.0
6,0.3654363453388214,0.42451950907707214,0.5778781,37.2093,0.38546255,39.586918,0.65931404,0.6593055788959776,0.5852017998695374,0.39040347933769226,570.0
7,0.34171563386917114,0.374380499124527,0.7196407,29.333725,0.729077,18.580162,0.5026168,0.5026026169459026,0.7205119132995605,0.7317624688148499,3168.0
8,0.35984283685684204,0.43658581376075745,0.68094486,34.80749,0.509953,61.06277,0.5716649,0.5715745857783726,0.6833280324935913,0.5113254189491272,2570.0
9,0.3278537094593048,0.43283945322036743,0.7012026,29.245285,0.5547144,55.134594,0.51747894,0.5174505866709209,0.7040149569511414,0.555670440196991,1639.0
