,rmses,IR_rmses,rater0_sample_top_dice,rater0_sample_best_avd,rater1_sample_top_dice,rater1_sample_best_avd,GED_vol_sorted,GED_dice_sorted,rater0_best_dice_dsorted_ss3,rater1_best_dice_dsorted_ss3,mean_gt_vols
0,0.33538973331451416,0.39921852946281433,0.5160142,13.040182,0.75772506,0.29593757,0.10221192,0.09859299659729004,0.5444906949996948,0.7846087217330933,3177.5
1,0.2969593405723572,0.3770439922809601,0.71683913,0.70804816,0.8044848,4.775687,0.10127983,0.09717204173405963,0.7231481671333313,0.8185798525810242,4882.5
2,0.33466798067092896,0.3463045358657837,0.39249146,48.305084,0.5984138,6.2166963,0.023651028,0.024374961853027233,0.3988095223903656,0.6617766618728638,399.5
3,0.34080931544303894,0.3820571005344391,0.6209091,6.347826,0.72328323,13.323884,0.13756593,0.13473956783612578,0.6293585896492004,0.7627365589141846,1280.5
4,0.3287014067173004,0.413594514131546,0.6743466,4.139562,0.67415464,37.845093,0.22804767,0.22204422950744634,0.7172049880027771,0.6859443783760071,4299.0
5,0.344918429851532,0.4254280924797058,0.6265374,30.15483,0.71145415,0.5946135,0.16441917,0.1620574990908304,0.6368452310562134,0.7241762280464172,3464.0
6,0.3322816789150238,0.4098989963531494,0.46763754,12.73666,0.61943984,17.173525,0.111624815,0.0794605712095896,0.5313093066215515,0.6711798906326294,570.0
7,0.328398734331131,0.373092383146286,0.7526029,5.536685,0.7373442,8.4021225,0.14730276,0.13863063851992286,0.7755835056304932,0.7632237672805786,3168.0
8,0.3461371958255768,0.43269777297973633,0.63271266,29.770044,0.7238785,13.267429,0.07225922,0.06891615192095446,0.6480256915092468,0.7541258931159973,2570.0
9,0.3091095983982086,0.4352037310600281,0.5615333,51.744766,0.71339285,23.89937,0.26768342,0.2668896913528443,0.5692883729934692,0.7224231362342834,1639.0
