,rmses,IR_rmses,rater0_sample_top_dice,rater0_sample_best_avd,rater1_sample_top_dice,rater1_sample_best_avd,GED_vol_sorted,GED_dice_sorted,rater0_best_dice_dsorted_ss15,rater1_best_dice_dsorted_ss15,mean_gt_vols
0,0.32484278082847595,0.38046178221702576,0.5301508,5.117513,0.7847262,12.375571,0.3286502,0.32840394037110476,0.5437754988670349,0.7931588888168335,3177.5
1,0.3028511106967926,0.35125118494033813,0.7285199,2.9974039,0.82482445,7.651953,0.2530963,0.2529949466387431,0.7343378067016602,0.8327586054801941,4882.5
2,0.3324730098247528,0.34314048290252686,0.33377838,117.37288,0.6894737,2.4866786,0.41594273,0.4157356934888022,0.35749998688697815,0.7139152884483337,399.5
3,0.3256939947605133,0.37738436460494995,0.603216,0.08695652,0.7521739,2.6222537,0.40196985,0.40168844518207375,0.6150591969490051,0.7689422369003296,1280.5
4,0.2982998192310333,0.35994499921798706,0.72337234,0.23654641,0.7431854,29.792944,0.3351614,0.3349426905314128,0.7341204881668091,0.7475000023841858,4299.0
5,0.33753058314323425,0.3909652829170227,0.60130113,41.336937,0.72321767,16.50927,0.4505423,0.45034811014220827,0.6054816246032715,0.7306272983551025,3464.0
6,0.30853405594825745,0.3704175651073456,0.45494312,1.3769363,0.66138613,0.53667265,0.46658018,0.4667674978574117,0.4820607304573059,0.6818613409996033,570.0
7,0.2976968586444855,0.3153538703918457,0.7902098,0.10190217,0.7886622,10.701652,0.31505823,0.3146927663258144,0.7963354587554932,0.7932395935058594,3168.0
8,0.30122846364974976,0.3814850449562073,0.612929,44.251087,0.7487096,6.65973,0.3609092,0.3608271499474844,0.6178665161132812,0.7633501887321472,2570.0
9,0.2999092936515808,0.38948649168014526,0.6163683,44.0678,0.72702825,11.792453,0.39167705,0.39142473936080935,0.6212268471717834,0.7376325130462646,1639.0
