,rmses,IR_rmses,rater0_sample_top_dice,rater0_sample_best_avd,rater1_sample_top_dice,rater1_sample_best_avd,GED_vol_sorted,GED_dice_sorted,rater0_best_dice_dsorted_ss7,rater1_best_dice_dsorted_ss7,mean_gt_vols
0,0.3529653549194336,0.4053090214729309,0.5255111,12.661107,0.7768349,19.28975,0.3864088,0.38640635638009946,0.5268396735191345,0.7781254649162292,3177.5
1,0.30237051844596863,0.3831969201564789,0.7226989,0.77885294,0.80487555,21.906658,0.31471407,0.31470964068458196,0.7247329354286194,0.8061463236808777,4882.5
2,0.3845650851726532,0.3701036274433136,0.31905782,195.76271,0.6441477,23.978687,0.5401895,0.5401858687400819,0.3205128312110901,0.6471980810165405,399.5
3,0.3565276265144348,0.3859277367591858,0.58337,1.3043478,0.717726,19.560595,0.5014233,0.5014089643955232,0.5852798819541931,0.7200947403907776,1280.5
4,0.3354594111442566,0.42314639687538147,0.68659794,27.912477,0.6164097,53.2592,0.550744,0.5507402789025079,0.68779057264328,0.6165708303451538,4299.0
5,0.36131027340888977,0.43271350860595703,0.53106964,55.24699,0.66752136,36.3064,0.6134292,0.613425639413652,0.5321319103240967,0.669380784034729,3464.0
6,0.30942612886428833,0.4099670946598053,0.445629,38.037865,0.6376496,35.599285,0.5817313,0.581734143552326,0.4456290006637573,0.6390403509140015,570.0
7,0.33772334456443787,0.37877899408340454,0.72764605,17.56114,0.73552155,28.449291,0.49215844,0.49215487355277654,0.7293766140937805,0.7370051741600037,3168.0
8,0.3195461332798004,0.4306408166885376,0.5484921,56.774395,0.74047184,27.627472,0.4722556,0.47225372706140784,0.548968493938446,0.7423554062843323,2570.0
9,0.3164251148700714,0.4276277720928192,0.5560254,58.474575,0.68726236,34.51258,0.5437515,0.5437512780938829,0.5560253858566284,0.6882436871528625,1639.0
