,rmses,IR_rmses,rater0_sample_top_dice,rater0_sample_best_avd,rater1_sample_top_dice,rater1_sample_best_avd,GED_vol_sorted,GED_dice_sorted,rater0_best_dice_dsorted_ss15,rater1_best_dice_dsorted_ss15,mean_gt_vols
0,0.3305045962333679,0.39825552701950073,0.51502144,0.26535255,0.7513341,23.54049,0.29364938,0.2921782791614532,0.5435717105865479,0.7708752751350403,3177.5
1,0.30106794834136963,0.3748469948768616,0.7106201,0.8496578,0.79226667,15.937048,0.20760725,0.20655501598403564,0.7412893176078796,0.8130557537078857,4882.5
2,0.3114396333694458,0.34147942066192627,0.41391304,4.661017,0.6458142,0.1776199,0.11563115,0.10972647489536369,0.48298215866088867,0.7444551587104797,399.5
3,0.4097415506839752,0.4085831642150879,0.5675214,3.4782608,0.70126873,15.662651,0.39568612,0.38784992297490445,0.6245847344398499,0.7386363744735718,1280.5
4,0.3949308395385742,0.42810457944869995,0.6560468,18.095802,0.62784874,46.894173,0.43174142,0.4291261031514123,0.6929839849472046,0.640051007270813,4299.0
5,0.39887869358062744,0.44192609190940857,0.55300766,52.101254,0.6792845,31.82931,0.44533986,0.44432358926250815,0.5689159631729126,0.6962805390357971,3464.0
6,0.3607865273952484,0.4097515642642975,0.38579655,7.57315,0.5879917,3.9355993,0.38376734,0.37035089851844877,0.4649122953414917,0.6745434999465942,570.0
7,0.40569189190864563,0.39956575632095337,0.734115,20.380434,0.7057183,30.896225,0.40905413,0.40618252214931305,0.752734363079071,0.7238061428070068,3168.0
8,0.3946247696876526,0.4419894814491272,0.54276526,55.034184,0.7129712,24.71384,0.40052164,0.39868247182596295,0.5511091947555542,0.7336217761039734,2570.0
9,0.3502129316329956,0.44187283515930176,0.5567641,53.33998,0.70549244,26.415094,0.39365688,0.3918041439283461,0.5740997195243835,0.7378823757171631,1639.0
