,rmses,IR_rmses,rater0_sample_top_dice,rater0_sample_best_avd,rater1_sample_top_dice,rater1_sample_best_avd,GED_vol_sorted,GED_dice_sorted,rater0_best_dice_dsorted_ss7,rater1_best_dice_dsorted_ss7,mean_gt_vols
0,0.3296237885951996,0.38996198773384094,0.5053419,2.312358,0.7402539,19.881626,0.2611654,0.25874614715576183,0.5408976078033447,0.7593996524810791,3177.5
1,0.31512251496315,0.36654162406921387,0.68723065,0.75525135,0.78227323,17.13097,0.22452629,0.2218611070087978,0.722603976726532,0.7951322793960571,4882.5
2,0.32912683486938477,0.3332560658454895,0.31290743,80.932205,0.5607755,4.6181173,0.23378696,0.22471090477137345,0.3652849793434143,0.6464471220970154,399.5
3,0.35700109601020813,0.3895345628261566,0.52861035,8.521739,0.6520503,5.315379,0.32912895,0.3127998028482709,0.6130895018577576,0.7138075232505798,1280.5
4,0.3564673364162445,0.401705265045166,0.680947,4.169131,0.68653184,37.864265,0.3283087,0.32260854045550036,0.7242664694786072,0.6938873529434204,4299.0
5,0.3539183735847473,0.41872549057006836,0.5639728,44.605553,0.6801141,21.161245,0.36498013,0.3629550380366189,0.5809369683265686,0.7059797048568726,3464.0
6,0.2979292571544647,0.39988142251968384,0.44399184,2.2375214,0.65350443,1.6100179,0.26952547,0.25686829501674296,0.4969199299812317,0.7031872272491455,570.0
7,0.3665032684803009,0.37458527088165283,0.7192846,13.994566,0.6985145,25.353775,0.36187598,0.3587638466131119,0.7402823567390442,0.7155007719993591,3168.0
8,0.3616081476211548,0.4189680814743042,0.5551173,50.310753,0.7264981,16.80541,0.33242202,0.3267230739196141,0.5686818957328796,0.758310854434967,2570.0
9,0.34705519676208496,0.41081011295318604,0.55471075,49.202393,0.6879092,19.889936,0.35815626,0.3531768776121594,0.5715256333351135,0.7278568148612976,1639.0
