,rmses,IR_rmses,rater0_sample_top_dice,rater0_sample_best_avd,rater1_sample_top_dice,rater1_sample_best_avd,GED_vol_sorted,GED_dice_sorted,rater0_best_dice_dsorted_ss5,rater1_best_dice_dsorted_ss5,mean_gt_vols
0,0.36983317136764526,0.40798184275627136,0.4918033,24.260803,0.6761155,46.24697,0.3490002,0.3479097366333008,0.5034103393554688,0.6771818995475769,3177.5
1,0.3768140375614166,0.4010070860385895,0.6805502,16.403114,0.73406833,35.926193,0.3232405,0.3216834187507629,0.6941238045692444,0.7355024218559265,4882.5
2,0.33918851613998413,0.3782542943954468,0.36743215,2.9661016,0.5346734,23.268206,0.20264964,0.19875278174877165,0.4017094075679779,0.57419353723526,399.5
3,0.4047084152698517,0.4099849760532379,0.49508026,32.086956,0.58850366,44.649185,0.47271037,0.4743007928133012,0.5204872488975525,0.5961807370185852,1280.5
4,0.4705969989299774,0.45529237389564514,0.5719882,49.053814,0.48566076,66.967026,0.5921532,0.5903843432664871,0.5789473652839661,0.48643186688423157,4299.0
5,0.4528323709964752,0.46018603444099426,0.4258912,69.00958,0.5533981,55.893673,0.5607529,0.559732159972191,0.4275498688220978,0.558309018611908,3464.0
6,0.3591378927230835,0.44207650423049927,0.33861145,58.691914,0.485607,57.06619,0.5773038,0.5767015844583511,0.35233160853385925,0.5,570.0
7,0.5039761066436768,0.44740280508995056,0.52238804,58.899456,0.49456757,64.32783,0.71024257,0.710416454076767,0.52587890625,0.49694323539733887,3168.0
8,0.4918416440486908,0.46695953607559204,0.38524386,74.48726,0.5614291,57.28408,0.5713437,0.5711825385689735,0.38562577962875366,0.5621345043182373,2570.0
9,0.4681372344493866,0.47073787450790405,0.42252427,71.63509,0.5931559,55.2673,0.58900136,0.5879019558429719,0.42450252175331116,0.593478262424469,1639.0
