,rmses,IR_rmses,rater0_sample_top_dice,rater0_sample_best_avd,rater1_sample_top_dice,rater1_sample_best_avd,GED_vol_sorted,GED_dice_sorted,rater0_best_dice_dsorted_ss3,rater1_best_dice_dsorted_ss3,mean_gt_vols
0,0.3529653549194336,0.4053090214729309,0.77613723,19.316654,0.5254568,12.888553,0.3861334,0.38613096872965486,0.7773967385292053,0.5268396735191345,3177.5
1,0.30237051844596863,0.3831969201564789,0.8047169,22.051374,0.7223524,1.1800802,0.3141818,0.3141805330912272,0.805371880531311,0.7239479422569275,4882.5
2,0.3845650851726532,0.3701036274433136,0.6424625,25.044405,0.3182297,198.30508,0.54236245,0.5423462043205897,0.6446020603179932,0.32025450468063354,399.5
3,0.3565276265144348,0.3859277367591858,0.7180095,19.77321,0.58388376,1.5652174,0.50008,0.5000755786895752,0.7195266485214233,0.5848724842071533,1280.5
4,0.3354594111442566,0.42314639687538147,0.6157468,53.412575,0.6865107,28.149023,0.5501241,0.5501234332720438,0.6158273220062256,0.686972975730896,4299.0
5,0.36131027340888977,0.43271350860595703,0.66752136,36.3064,0.5317487,55.24699,0.6124887,0.6124845941861471,0.6688075065612793,0.5322909355163574,3464.0
6,0.30942612886428833,0.4099670946598053,0.63904035,35.778175,0.445629,38.209984,0.5792063,0.5792036652565004,0.6390403509140015,0.4456290006637573,570.0
7,0.33772334456443787,0.37877899408340454,0.7345041,28.773584,0.72740877,17.934782,0.49225527,0.4922543366750081,0.7354460954666138,0.7283604145050049,3168.0
8,0.3195461332798004,0.4306408166885376,0.7394601,27.939648,0.54703456,56.960846,0.47419772,0.47419506311416626,0.7406060695648193,0.5472723245620728,2570.0
9,0.3164251148700714,0.4276277720928192,0.68761903,34.355347,0.55755013,58.374874,0.5416877,0.5416867037614187,0.6885401606559753,0.5575501322746277,1639.0
