,rmses,IR_rmses,rater0_sample_top_dice,rater0_sample_best_avd,rater1_sample_top_dice,rater1_sample_best_avd,GED_vol_sorted,GED_dice_sorted,rater0_best_dice_dsorted_ss7,rater1_best_dice_dsorted_ss7,mean_gt_vols
0,0.340795636177063,0.3976607620716095,0.5378857,7.6194086,0.7779943,20.527308,0.3635496,0.36351323127746576,0.5410610437393188,0.780803382396698,3177.5
1,0.3252488970756531,0.3802197575569153,0.7051465,15.081425,0.8205226,8.664978,0.3055182,0.30550498054141095,0.7081423401832581,0.8233726620674133,4882.5
2,0.4162912964820862,0.388014554977417,0.30325815,138.13559,0.6524444,0.1776199,0.53025,0.5302375093812035,0.3071160912513733,0.6619964838027954,399.5
3,0.3877696096897125,0.39260876178741455,0.5650108,0.26086956,0.69720495,16.300497,0.52533585,0.5252902493590401,0.5719282627105713,0.7051482200622559,1280.5
4,0.3040692210197449,0.3916288912296295,0.7289157,3.2525134,0.7170122,37.26994,0.37722164,0.3771872861044747,0.7326129674911499,0.7190453410148621,4299.0
5,0.32893410325050354,0.4117584824562073,0.59868735,46.473335,0.7140277,23.819517,0.48354074,0.48351269392740154,0.5997434258460999,0.7184621691703796,3464.0
6,0.3199070990085602,0.4114643335342407,0.48654038,27.366608,0.65690374,24.50805,0.50058395,0.5005221991311937,0.49340102076530457,0.6639004349708557,570.0
7,0.30884960293769836,0.34856176376342773,0.7912088,4.449728,0.7767929,17.069574,0.3512859,0.35126628762199763,0.7926445007324219,0.7785691022872925,3168.0
8,0.3102574944496155,0.4054590165615082,0.6186699,47.20323,0.73672503,11.602497,0.39700437,0.3969570639587584,0.6200000047683716,0.7410913109779358,2570.0
9,0.3032108247280121,0.41698023676872253,0.6128098,45.11466,0.69991404,13.443396,0.45290583,0.45290437766483843,0.6151857972145081,0.7081711888313293,1639.0
