,rmses,IR_rmses,rater0_sample_top_dice,rater0_sample_best_avd,rater1_sample_top_dice,rater1_sample_best_avd,GED_vol_sorted,GED_dice_sorted,rater0_best_dice_dsorted_ss7,rater1_best_dice_dsorted_ss7,mean_gt_vols
0,0.3708021640777588,0.4168739318847656,0.47707212,23.919636,0.6415094,46.004845,0.32372835,0.32425273529120846,0.5056586861610413,0.6580071449279785,3177.5
1,0.38081079721450806,0.4126603305339813,0.6655471,17.299976,0.7114703,36.613605,0.30977163,0.3081794664973305,0.6864064335823059,0.7166537046432495,4882.5
2,0.35283762216567993,0.43009716272354126,0.36673775,1.2711864,0.4859611,35.52398,0.23302056,0.20810806662553838,0.4856512248516083,0.5348837375640869,399.5
3,0.4120500981807709,0.4333858788013458,0.4066248,47.739132,0.49801192,57.406097,0.557438,0.5571056224760554,0.44471895694732666,0.5120327472686768,1280.5
4,0.46009182929992676,0.4460892975330353,0.66204023,29.568302,0.5969992,54.33282,0.38969883,0.38716890201682125,0.6853892803192139,0.6033727526664734,4299.0
5,0.46642762422561646,0.4670698344707489,0.41110083,67.16638,0.53015494,53.270374,0.5555671,0.5538379876386551,0.4219534993171692,0.550561785697937,3464.0
6,0.44589564204216003,0.45110267400741577,0.3406214,50.43029,0.47361648,48.479427,0.4218086,0.4282691223280771,0.3776041567325592,0.5214007496833801,570.0
7,0.46080464124679565,0.44875210523605347,0.53533286,50.509514,0.522582,57.04599,0.67379194,0.6702425330877304,0.5570734143257141,0.5453781485557556,3168.0
8,0.4699179232120514,0.4718227684497833,0.40831757,68.489746,0.5735695,47.24246,0.5017845,0.4974329485779717,0.42376142740249634,0.5979598760604858,2570.0
9,0.4648323059082031,0.4758095443248749,0.3970301,72.4327,0.54027396,56.525158,0.500087,0.5012876384315037,0.40063217282295227,0.5559888482093811,1639.0
