,rmses,IR_rmses,rater0_sample_top_dice,rater0_sample_best_avd,rater1_sample_top_dice,rater1_sample_best_avd,GED_vol_sorted,GED_dice_sorted,rater0_best_dice_dsorted_ss5,rater1_best_dice_dsorted_ss5,mean_gt_vols
0,0.3586542010307312,0.4033588171005249,0.5207628,7.050796,0.7650224,20.016142,0.39308494,0.3930780053138732,0.5255923271179199,0.7662513256072998,3177.5
1,0.32003453373908997,0.3886003792285919,0.7055345,0.30682087,0.79078776,22.485529,0.34505635,0.34502682089805603,0.708896815776825,0.7923179268836975,4882.5
2,0.40014877915382385,0.3772362470626831,0.30147058,145.76271,0.63511187,3.0195382,0.55025697,0.5502010226249695,0.30280831456184387,0.6408268809318542,399.5
3,0.3677537143230438,0.3994027078151703,0.5288326,14.521739,0.6716792,30.333096,0.5973508,0.5972537100315094,0.5333333611488342,0.6750735640525818,1280.5
4,0.3106386661529541,0.40687474608421326,0.71055585,15.405086,0.67599356,45.14954,0.45479843,0.45474922060966494,0.7128362059593201,0.676160991191864,4299.0
5,0.363614946603775,0.4305112957954407,0.5342535,53.993614,0.67427605,34.52256,0.5929538,0.5929332077503203,0.5346134305000305,0.6769883632659912,3464.0
6,0.3654363453388214,0.42451950907707214,0.3812636,40.791737,0.57585824,38.46154,0.670968,0.670949822664261,0.38631346821784973,0.582022488117218,570.0
7,0.34171563386917114,0.374380499124527,0.72839504,18.410326,0.7200552,29.186321,0.499172,0.499139940738678,0.7313123941421509,0.720982551574707,3168.0
8,0.35984283685684204,0.43658581376075745,0.51051456,61.09385,0.67989916,34.85952,0.57292414,0.5729050815105439,0.5109717845916748,0.6822636723518372,2570.0
9,0.3278537094593048,0.43283945322036743,0.5524862,55.6331,0.6984274,30.031446,0.51503015,0.5150251150131225,0.552823007106781,0.7006129026412964,1639.0
