,rater0_sample_top_dice,rater0_sample_best_avd,rater1_sample_top_dice,rater1_sample_best_avd,GED_vol_sorted,GED_dice_sorted,rater0_best_dice_dsorted_ss5,rater1_best_dice_dsorted_ss5
0,0.7276779,30.965832,0.51272166,2.7293406,0.46259558,0.4625923931598662,0.7286351919174194,0.5139665007591248
1,0.77556056,24.131693,0.69415396,1.014869,0.38961723,0.38961585760116574,0.77680504322052,0.6955901384353638
2,0.5240532,26.287743,0.30864197,73.72881,0.67199016,0.6719847649335862,0.525128185749054,0.30911901593208313
3,0.5849839,45.78313,0.46267086,33.47826,0.75886905,0.7588736474514006,0.5864453911781311,0.4634787142276764
4,0.6221705,51.782978,0.6534081,25.63572,0.5816616,0.5816621959209443,0.6224925518035889,0.6547740697860718
5,0.6009539,45.995106,0.4856583,62.054558,0.7276353,0.7276377737522125,0.6019108295440674,0.48644793033599854
6,0.5339806,52.593918,0.34751773,54.38898,0.75942874,0.7594200998544692,0.5352798104286194,0.34916865825653076
7,0.68438536,40.271225,0.6969819,31.182066,0.5923976,0.5923921406269074,0.6850175261497498,0.6979649662971497
8,0.6844275,35.69199,0.51773685,61.591053,0.5701771,0.5701760172843934,0.684861958026886,0.5180858373641968
9,0.69137007,38.757862,0.52658045,61.1665,0.5674683,0.567469871044159,0.6920449137687683,0.5267696976661682
