,rmses,IR_rmses,rater0_sample_top_dice,rater0_sample_best_avd,rater1_sample_top_dice,rater1_sample_best_avd,GED_vol_sorted,GED_dice_sorted,rater0_best_dice_dsorted_ss5,rater1_best_dice_dsorted_ss5,mean_gt_vols
0,0.3372386395931244,0.39462023973464966,0.51874775,7.2403336,0.7606,4.8695183,0.13203004,0.12766217589378354,0.548977792263031,0.794076144695282,3177.5
1,0.29972708225250244,0.37171268463134766,0.711997,3.4222326,0.81446296,5.3726482,0.08828791,0.08756478428840636,0.7307020425796509,0.8309288024902344,4882.5
2,0.35484379529953003,0.3541627526283264,0.32903227,62.711864,0.6316653,3.5523977,0.10450822,0.09687243252992628,0.40167364478111267,0.7275775074958801,399.5
3,0.34191033244132996,0.37617620825767517,0.5844625,4.695652,0.7296367,2.9057405,0.17844954,0.17211283445358283,0.6247269511222839,0.777380108833313,1280.5
4,0.313824862241745,0.3963405191898346,0.69869494,6.179775,0.73037475,11.215491,0.13393605,0.12407034635543823,0.7413349747657776,0.7580098509788513,4299.0
5,0.3273036777973175,0.4091462790966034,0.6437805,28.90145,0.71576226,1.189227,0.20247304,0.19905658960342415,0.6556947231292725,0.7455752491950989,3464.0
6,0.30512335896492004,0.38484102487564087,0.50111526,17.211704,0.631694,13.953489,0.12377077,0.10638489425182351,0.5501242876052856,0.7064393758773804,570.0
7,0.3022221624851227,0.3538573384284973,0.77249044,4.415761,0.7570093,16.538916,0.120850354,0.10860706567764289,0.797882080078125,0.7991183996200562,3168.0
8,0.321051687002182,0.41430291533470154,0.6666667,26.786825,0.71931237,6.295525,0.120827496,0.11826080679893491,0.6779722571372986,0.7541510462760925,2570.0
9,0.28912216424942017,0.4131244421005249,0.6348103,27.866402,0.7144105,7.861635,0.16027197,0.1527917444705964,0.6658384799957275,0.7482455968856812,1639.0
