,rmses,IR_rmses,rater0_sample_top_dice,rater0_sample_best_avd,rater1_sample_top_dice,rater1_sample_best_avd,GED_vol_sorted,GED_dice_sorted,rater0_best_dice_dsorted_ss25,rater1_best_dice_dsorted_ss25,mean_gt_vols
0,0.33363077044487,0.39977550506591797,0.53948104,1.3267627,0.79156095,1.4796879,0.17160474,0.16347589552402492,0.570817768573761,0.8202971816062927,3177.5
1,0.30958932638168335,0.3813796639442444,0.7141518,1.250885,0.8219792,1.0492041,0.1546331,0.14854235092798873,0.7450840473175049,0.8480342030525208,4882.5
2,0.3842426538467407,0.37586623430252075,0.41207814,1.6949153,0.6459286,0.5328597,0.22718146,0.2246715594828128,0.47322970628738403,0.6774193644523621,399.5
3,0.349806547164917,0.3887668550014496,0.6037054,1.826087,0.746922,1.7717931,0.24384032,0.23282804409662888,0.6644039154052734,0.7950177788734436,1280.5
4,0.304578572511673,0.4014745056629181,0.7103699,1.2418687,0.7484741,1.7446319,0.23811767,0.22318714916706084,0.7452355623245239,0.7751371264457703,4299.0
5,0.3252749443054199,0.41504162549972534,0.671748,6.5372324,0.7266642,0.41972715,0.27160746,0.2634546695152919,0.6936384439468384,0.7495436072349548,3464.0
6,0.3229139447212219,0.3872927129268646,0.48722628,4.64716,0.65082645,0.8944544,0.25482786,0.23400447949767111,0.5606207847595215,0.7037773132324219,570.0
7,0.3229963481426239,0.3551139235496521,0.7677643,0.16983695,0.77784485,2.5058963,0.22801943,0.21203571150700257,0.799176812171936,0.8012781739234924,3168.0
8,0.3159046769142151,0.4157398045063019,0.6663092,8.017402,0.76087576,1.6649325,0.20538467,0.19660083572069814,0.6818424463272095,0.7868061065673828,2570.0
9,0.292387992143631,0.4181104004383087,0.6540955,9.521436,0.73519164,1.6509434,0.22901729,0.21879399696985885,0.6971496343612671,0.7881606817245483,1639.0
