,rmses,IR_rmses,rater0_sample_top_dice,rater0_sample_best_avd,rater1_sample_top_dice,rater1_sample_best_avd,GED_vol_sorted,GED_dice_sorted,rater0_best_dice_dsorted_ss15,rater1_best_dice_dsorted_ss15,mean_gt_vols
0,0.33374837040901184,0.38851413130760193,0.52505964,5.6861258,0.76916057,22.76029,0.3817511,0.3817392831756956,0.5292071104049683,0.7731220722198486,3177.5
1,0.2946653664112091,0.35825276374816895,0.72663736,8.638187,0.82525986,14.761215,0.26937816,0.2693678316615877,0.7298727631568909,0.828742265701294,4882.5
2,0.3407239019870758,0.3629182279109955,0.3642384,53.81356,0.52441615,30.373001,0.6019266,0.6019140144189199,0.3693843483924866,0.5347593426704407,399.5
3,0.34311848878860474,0.375228613615036,0.597235,8.956522,0.7191194,25.797308,0.4667198,0.46667139076051267,0.6055299639701843,0.7254098653793335,1280.5
4,0.3711255192756653,0.4007568955421448,0.649849,33.205204,0.5859532,56.69095,0.6017678,0.601754338116873,0.6538324356079102,0.5877627730369568,4299.0
5,0.34164997935295105,0.41807129979133606,0.5537135,51.757187,0.702613,31.33963,0.54266196,0.5426623903569722,0.5565332770347595,0.706078290939331,3464.0
6,0.3226722776889801,0.42550405859947205,0.37292162,55.07745,0.5367647,53.309483,0.7141073,0.7140282755806332,0.3787696063518524,0.5450061559677124,570.0
7,0.3247113823890686,0.33851397037506104,0.76561934,11.548913,0.7497494,23.231133,0.4050402,0.4050111452738444,0.7695935964584351,0.7536863088607788,3168.0
8,0.3364969789981842,0.4176323115825653,0.5419214,57.675575,0.7107843,29.136314,0.5005747,0.5005734738849458,0.5436256527900696,0.7154222726821899,2570.0
9,0.42347851395606995,0.43143829703330994,0.3917606,71.734795,0.51767266,55.42453,0.8252105,0.8252048888376782,0.3942345082759857,0.5235487222671509,1639.0
