,rmses,IR_rmses,rater0_sample_top_dice,rater0_sample_best_avd,rater1_sample_top_dice,rater1_sample_best_avd,GED_vol_sorted,GED_dice_sorted,rater0_best_dice_dsorted_ss20,rater1_best_dice_dsorted_ss20,mean_gt_vols
0,0.3529653549194336,0.4053090214729309,0.5259233,12.471569,0.7769827,19.101425,0.38648388,0.38648060615125457,0.527851939201355,0.7787874341011047,3177.5
1,0.30237051844596863,0.3831969201564789,0.722693,0.5192353,0.8058853,21.72576,0.31431425,0.314309225427477,0.7257572412490845,0.807563304901123,4882.5
2,0.3845650851726532,0.3701036274433136,0.32327586,193.22034,0.6441477,22.912966,0.5381531,0.5381432408172834,0.3250807225704193,0.6482213735580444,399.5
3,0.3565276265144348,0.3859277367591858,0.5830031,1.0434783,0.71889764,19.34798,0.50187474,0.5018635340427098,0.5870427489280701,0.7216088175773621,1280.5
4,0.3354594111442566,0.42314639687538147,0.6876181,27.823772,0.617213,53.201687,0.5511971,0.5511949423896639,0.6889309883117676,0.6173742413520813,4299.0
5,0.36131027340888977,0.43271350860595703,0.53222525,55.099533,0.6682353,36.09654,0.613765,0.6137610170402025,0.5332200527191162,0.6702378392219543,3464.0
6,0.30942612886428833,0.4099670946598053,0.44750795,37.69363,0.6391304,35.2415,0.57924265,0.5792433240696003,0.44941428303718567,0.6412213444709778,570.0
7,0.33772334456443787,0.37877899408340454,0.7291667,17.391304,0.73626375,28.301886,0.4916657,0.49166325424846846,0.7315436005592346,0.7378740906715393,3168.0
8,0.3195461332798004,0.4306408166885376,0.5491217,56.712246,0.74047184,27.523413,0.4729552,0.472956937316217,0.5499131679534912,0.7433413863182068,2570.0
9,0.3164251148700714,0.4276277720928192,0.5588752,58.175476,0.6878558,34.04088,0.5423697,0.5423696661466046,0.5588752031326294,0.6897861957550049,1639.0
