,rmses,IR_rmses,rater0_sample_top_dice,rater0_sample_best_avd,rater1_sample_top_dice,rater1_sample_best_avd,GED_vol_sorted,GED_dice_sorted,rater0_best_dice_dsorted_ss3,rater1_best_dice_dsorted_ss3,mean_gt_vols
0,0.34677812457084656,0.40230023860931396,0.52255636,1.6679301,0.7593278,11.084208,0.22247572,0.21774807572364815,0.5348750352859497,0.7693883776664734,3177.5
1,0.3319384455680847,0.3873897194862366,0.6603518,9.228228,0.75893295,16.226484,0.24432065,0.24102731545766193,0.7022541761398315,0.7712793350219727,4882.5
2,0.3291253447532654,0.3535999655723572,0.38525963,52.9661,0.6568915,18.29485,0.13174544,0.12152516345183062,0.4205748736858368,0.6844106316566467,399.5
3,0.3645308017730713,0.39210227131843567,0.5910596,10.086957,0.7239447,10.2764,0.28780732,0.2828023632367453,0.6152505278587341,0.7334607839584351,1280.5
4,0.34051504731178284,0.42172083258628845,0.66794014,14.251922,0.6673238,44.40184,0.36727867,0.36537898580233247,0.6882078647613525,0.6679832339286804,4299.0
5,0.3514646291732788,0.4349914491176605,0.62583995,39.07594,0.7103784,13.291361,0.29268318,0.29139883319536847,0.6256504654884338,0.7195872068405151,3464.0
6,0.3320509195327759,0.42914581298828125,0.38771185,37.521515,0.55314535,35.06261,0.40749806,0.39807524283727,0.41324201226234436,0.5691428780555725,570.0
7,0.33413174748420715,0.3845527172088623,0.7366529,11.039402,0.73631674,22.788916,0.3376843,0.33747392892837524,0.7423912882804871,0.7411965727806091,3168.0
8,0.34733617305755615,0.4366491734981537,0.607554,46.146675,0.7162791,9.833507,0.26754314,0.26523847381273913,0.610431969165802,0.737535834312439,2570.0
9,0.38438519835472107,0.45219382643699646,0.51341,56.87936,0.60645765,31.996855,0.4422033,0.4405279258886972,0.5182840824127197,0.6273726224899292,1639.0
