,rmses,IR_rmses,rater0_sample_top_dice,rater0_sample_best_avd,rater1_sample_top_dice,rater1_sample_best_avd,GED_vol_sorted,GED_dice_sorted,rater0_best_dice_dsorted_ss20,rater1_best_dice_dsorted_ss20,mean_gt_vols
0,0.3343752324581146,0.40263426303863525,0.53793347,0.37907505,0.7823613,0.9147162,0.13255627,0.1265720462328509,0.5712160468101501,0.8153417110443115,3177.5
1,0.299735963344574,0.3802593946456909,0.71629596,0.25961766,0.8152477,1.2120116,0.10027489,0.09504595618498957,0.7568081617355347,0.8503642678260803,4882.5
2,0.3638646602630615,0.3688192069530487,0.3895349,1.6949153,0.6840684,2.6642983,0.065178476,0.05763584968486901,0.4821731746196747,0.7256944179534912,399.5
3,0.3424813747406006,0.38784417510032654,0.6011069,0.08695652,0.75591713,1.0630759,0.16546549,0.15521227058611414,0.6741877198219299,0.8036231994628906,1280.5
4,0.3054391145706177,0.4107400178909302,0.7306382,0.3252513,0.7591703,2.6457055,0.17277065,0.1593642449692676,0.7662023305892944,0.7877232432365417,4299.0
5,0.33904510736465454,0.42314964532852173,0.64639187,15.753256,0.7288487,5.141658,0.22181672,0.21357048640125686,0.6877447366714478,0.7700534462928772,3464.0
6,0.30833739042282104,0.39559435844421387,0.48900616,2.0654044,0.6788991,0.53667265,0.12125804,0.09689861672293199,0.5724258422851562,0.7313131093978882,570.0
7,0.30881839990615845,0.36961665749549866,0.7808447,0.54347825,0.7876818,2.5648584,0.16061866,0.14743003264853832,0.8144436478614807,0.8224130272865295,3168.0
8,0.3244527280330658,0.42851653695106506,0.6378897,18.582972,0.75607,1.4568158,0.16537389,0.1577580023360879,0.6804994344711304,0.8053507804870605,2570.0
9,0.29039984941482544,0.43007659912109375,0.6657572,17.298105,0.7268107,4.7955976,0.21652825,0.20774281671956968,0.7018160223960876,0.7699611783027649,1639.0
