,rmses,IR_rmses,rater0_sample_top_dice,rater0_sample_best_avd,rater1_sample_top_dice,rater1_sample_best_avd,GED_vol_sorted,GED_dice_sorted,rater0_best_dice_dsorted_ss20,rater1_best_dice_dsorted_ss20,mean_gt_vols
0,0.39886781573295593,0.4144574999809265,0.50493556,23.540562,0.75327903,3.1746035,0.41614306,0.41609667398427663,0.5122678875923157,0.7593107223510742,3177.5
1,0.32937464118003845,0.3892466127872467,0.7111815,5.8767996,0.8109715,11.378437,0.3122467,0.312229071635949,0.7146223783493042,0.8140140771865845,4882.5
2,0.43622735142707825,0.39401471614837646,0.2551724,168.64407,0.57811195,12.611012,0.62112194,0.6209726001479124,0.270391047000885,0.5898250937461853,399.5
3,0.3919297456741333,0.40005379915237427,0.56876063,1.4782609,0.71610487,10.418143,0.5093775,0.5093213757402018,0.5769717693328857,0.7213610410690308,1280.5
4,0.3169652223587036,0.3930349051952362,0.72366226,0.029568302,0.71973354,33.09049,0.38443023,0.38433652473123453,0.7299596667289734,0.7214738130569458,4299.0
5,0.3460177481174469,0.4194917380809784,0.6032901,44.63013,0.7026604,21.196222,0.4928855,0.4927961590258698,0.6061573028564453,0.7064873576164246,3464.0
6,0.37161019444465637,0.4011143743991852,0.4608121,0.17211704,0.6171649,0.17889087,0.5686653,0.5685733070499018,0.46796658635139465,0.6274510025978088,570.0
7,0.3382878601551056,0.3627481460571289,0.76789004,2.6834238,0.7689992,3.066038,0.3867408,0.3866912523382588,0.771295964717865,0.774193525314331,3168.0
8,0.32261180877685547,0.4048193395137787,0.6234592,43.691734,0.7254164,5.7232046,0.40560678,0.40555909605402696,0.625049889087677,0.7327539324760437,2570.0
9,0.29349467158317566,0.4057648777961731,0.6465736,42.323032,0.71298593,9.04088,0.4091666,0.40912271291017527,0.6473583579063416,0.7213804721832275,1639.0
