,rmses,IR_rmses,rater0_sample_top_dice,rater0_sample_best_avd,rater1_sample_top_dice,rater1_sample_best_avd,GED_vol_sorted,GED_dice_sorted,rater0_best_dice_dsorted_ss15,rater1_best_dice_dsorted_ss15,mean_gt_vols
0,0.34032008051872253,0.3978729546070099,0.4899431,0.22744504,0.7361981,15.308044,0.26171404,0.2598402072985968,0.5307468771934509,0.7681756019592285,3177.5
1,0.31610798835754395,0.3789688050746918,0.7020214,1.014869,0.78501564,15.050652,0.22291064,0.22128023817425685,0.7392256855964661,0.8095574378967285,4882.5
2,0.3293934762477875,0.3557511866092682,0.34285715,27.966103,0.5785441,3.0195382,0.15201303,0.14283368360428594,0.453125,0.7054794430732727,399.5
3,0.3621561825275421,0.40207645297050476,0.47813687,1.5652174,0.6093686,4.039688,0.33846334,0.3278728665340514,0.5890215039253235,0.7120544910430908,1280.5
4,0.3382800817489624,0.4050266444683075,0.7008442,1.1531638,0.7002431,34.413345,0.2762032,0.2738396834759485,0.7449718713760376,0.7170708775520325,4299.0
5,0.3673704266548157,0.4321812391281128,0.56012917,47.75129,0.6740878,25.638336,0.38849965,0.38625801177251906,0.5899304151535034,0.7002288103103638,3464.0
6,0.3205212354660034,0.398192822933197,0.412731,3.958692,0.6239496,0.17889087,0.2401048,0.22562599033117303,0.5055837631225586,0.7134268283843994,570.0
7,0.3638816177845001,0.3758494555950165,0.7405118,2.2078805,0.70228034,15.12382,0.33206868,0.3264881608032044,0.7790849804878235,0.7396135926246643,3168.0
8,0.35384899377822876,0.41477206349372864,0.5766153,40.80174,0.69311553,0.8844953,0.25819683,0.2543770577226365,0.6103441119194031,0.7609699964523315,2570.0
9,0.34450221061706543,0.40460318326950073,0.61125,40.47856,0.68803614,6.132076,0.29348624,0.28987804864134104,0.6361256837844849,0.7281910181045532,1639.0
