,rmses,IR_rmses,rater0_sample_top_dice,rater0_sample_best_avd,rater1_sample_top_dice,rater1_sample_best_avd,GED_vol_sorted,GED_dice_sorted,rater0_best_dice_dsorted_ss7,rater1_best_dice_dsorted_ss7,mean_gt_vols
0,0.3408088982105255,0.39101025462150574,0.5097225,0.79605764,0.73400253,28.463814,0.281175,0.2790649604229701,0.5384923815727234,0.7421961426734924,3177.5
1,0.32333770394325256,0.3820450007915497,0.7046335,3.351428,0.76649696,25.922575,0.23893198,0.23766716888972692,0.7297869920730591,0.7797574996948242,4882.5
2,0.299129843711853,0.3524412512779236,0.38900635,0.42372882,0.54352444,14.564832,0.21905088,0.2123714408704212,0.4425162672996521,0.5966386795043945,399.5
3,0.3683624267578125,0.39056554436683655,0.5575221,3.4782608,0.691789,21.33239,0.31485438,0.3103274866229012,0.609000027179718,0.720099687576294,1280.5
4,0.43503537774086,0.4363923966884613,0.6530398,30.751034,0.5964541,55.099697,0.45455745,0.4516868271997997,0.6679715514183044,0.5999203324317932,4299.0
5,0.3929622173309326,0.4442570209503174,0.515457,53.723274,0.65879375,34.13781,0.4771933,0.4734566474244709,0.5264599919319153,0.6732929944992065,3464.0
6,0.3848913609981537,0.42628639936447144,0.402746,38.382103,0.57276994,35.957066,0.3655507,0.358046058742773,0.4460431635379791,0.6266506314277649,570.0
7,0.40821734070777893,0.405691534280777,0.6916566,22.690218,0.66972476,32.900944,0.43980187,0.43510737589427406,0.7167167067527771,0.6942148804664612,3168.0
8,0.4256751537322998,0.44887295365333557,0.49087673,60.34804,0.6729206,33.61082,0.45483327,0.45098714672383805,0.4983058571815491,0.6902827620506287,2570.0
9,0.4420703053474426,0.4564419984817505,0.48518518,65.403786,0.6520854,45.44025,0.48366025,0.482985876855396,0.48755109310150146,0.6591836810112,1639.0
