,rmses,IR_rmses,rater0_sample_top_dice,rater0_sample_best_avd,rater1_sample_top_dice,rater1_sample_best_avd,GED_vol_sorted,GED_dice_sorted,rater0_best_dice_dsorted_ss15,rater1_best_dice_dsorted_ss15,mean_gt_vols
0,0.37552574276924133,0.4101215600967407,0.50700635,0.22744504,0.74738413,20.016142,0.41127834,0.41111231247584035,0.5169287919998169,0.7517324686050415,3177.5
1,0.33193114399909973,0.38804513216018677,0.70052296,0.023601605,0.7934394,18.017366,0.33411643,0.3339602107093448,0.7103375196456909,0.7967823147773743,4882.5
2,0.40096619725227356,0.3824070692062378,0.357047,89.830505,0.6618314,0.3552398,0.44543248,0.445143405738331,0.371161550283432,0.6721763014793396,399.5
3,0.37275272607803345,0.39309442043304443,0.58362675,0.08695652,0.7216174,15.308292,0.45171857,0.4515674849351247,0.6066815257072449,0.7304964661598206,1280.5
4,0.3097555935382843,0.41061264276504517,0.7066731,10.762862,0.6905514,42.139572,0.42870513,0.4285779510225568,0.717212438583374,0.6923452019691467,4299.0
5,0.3350307047367096,0.41616714000701904,0.5882353,46.66994,0.7202227,24.099335,0.4803463,0.480247193858737,0.5905435681343079,0.7252792119979858,3464.0
6,0.34250524640083313,0.4292033910751343,0.38592508,47.504303,0.5393519,45.438282,0.67228115,0.6722595060155505,0.39904987812042236,0.5446009635925293,570.0
7,0.32485321164131165,0.3706970810890198,0.7786422,7.880435,0.76441675,20.04717,0.37548298,0.3752351454326085,0.7852782607078552,0.767730176448822,3168.0
8,0.31924012303352356,0.4250624179840088,0.57204026,54.84773,0.72533333,24.401665,0.4488777,0.44871735998562395,0.5737000703811646,0.7317661046981812,2570.0
9,0.3292209804058075,0.42322003841400146,0.5533981,56.231308,0.6725581,30.974844,0.5339788,0.5338964212508428,0.55474454164505,0.6841853857040405,1639.0
