,rmses,IR_rmses,rater0_sample_top_dice,rater0_sample_best_avd,rater1_sample_top_dice,rater1_sample_best_avd,GED_vol_sorted,GED_dice_sorted,rater0_best_dice_dsorted_ss15,rater1_best_dice_dsorted_ss15,mean_gt_vols
0,0.33363077044487,0.39977550506591797,0.5451676,2.236543,0.79220414,2.448211,0.17370749,0.16844438286054703,0.564863920211792,0.8176966309547424,3177.5
1,0.30958932638168335,0.3813796639442444,0.7137147,0.6844466,0.81929904,1.2843704,0.15109514,0.1461921603906722,0.7404761910438538,0.8466085195541382,4882.5
2,0.3842426538467407,0.37586623430252075,0.41319445,0.42372882,0.6376812,0.5328597,0.22161366,0.2201846344839959,0.4665523171424866,0.6550291180610657,399.5
3,0.349806547164917,0.3887668550014496,0.5979005,1.4782609,0.7449963,2.1261518,0.24262446,0.23305841201827632,0.6574423313140869,0.7910288572311401,1280.5
4,0.304578572511673,0.4014745056629181,0.70049626,0.23654641,0.7420741,12.538343,0.2629527,0.252271975222088,0.7425695657730103,0.7650344967842102,4299.0
5,0.3252749443054199,0.41504162549972534,0.67162263,8.257558,0.7250045,1.8887722,0.25661826,0.24868802683694013,0.692234992980957,0.747626006603241,3464.0
6,0.3229139447212219,0.3872927129268646,0.47946513,2.4096384,0.6426299,1.431127,0.24814636,0.23372796660377876,0.5549019575119019,0.7051671743392944,570.0
7,0.3229963481426239,0.3551139235496521,0.762998,1.2228261,0.7685693,1.1497642,0.23633668,0.22206714493887764,0.7964354157447815,0.7922524213790894,3168.0
8,0.3159046769142151,0.4157398045063019,0.6621597,12.989434,0.74743557,1.8730489,0.20426492,0.19460468235470008,0.6795490980148315,0.7813347578048706,2570.0
9,0.292387992143631,0.4181104004383087,0.64718163,13.110667,0.73653686,1.8081762,0.2237623,0.2130882910319737,0.6954209804534912,0.7779151201248169,1639.0
