,rmses,IR_rmses,rater0_sample_top_dice,rater0_sample_best_avd,rater1_sample_top_dice,rater1_sample_best_avd,GED_vol_sorted,GED_dice_sorted,rater0_best_dice_dsorted_ss7,rater1_best_dice_dsorted_ss7,mean_gt_vols
0,0.33420178294181824,0.3972427546977997,0.52809954,2.4260805,0.7732611,9.012645,0.12419717,0.11893162840888605,0.5583643317222595,0.797413170337677,3177.5
1,0.29974251985549927,0.3756134510040283,0.7078364,3.4930375,0.80744493,9.171491,0.09514173,0.0903028136207944,0.7395603060722351,0.8428220152854919,4882.5
2,0.34040725231170654,0.3475561738014221,0.37848607,12.711864,0.65592265,4.0852575,0.032638732,0.01813258017812458,0.498113214969635,0.7240204215049744,399.5
3,0.34455612301826477,0.3816736936569214,0.5875755,1.5652174,0.76568884,2.1970234,0.14290483,0.13704014108294543,0.6466610431671143,0.7886806130409241,1280.5
4,0.31864506006240845,0.4069594740867615,0.7036395,2.6611474,0.7433904,27.415646,0.19447444,0.19064108814511987,0.7374283671379089,0.7523454427719116,4299.0
5,0.3434194028377533,0.42139679193496704,0.6538187,27.844679,0.7275064,2.6932495,0.1996164,0.19821679166385098,0.6588066220283508,0.756632924079895,3464.0
6,0.32543402910232544,0.41148680448532104,0.45131087,16.179,0.6367113,12.880143,0.16960609,0.1404981393189657,0.5147929191589355,0.6776061654090881,570.0
7,0.3176043927669525,0.3684350550174713,0.7886222,1.4605979,0.76908606,11.232311,0.14411801,0.13392301826249986,0.8125330209732056,0.7951182126998901,3168.0
8,0.33393096923828125,0.4253884553909302,0.6369168,31.47918,0.7270806,3.069719,0.14677602,0.14071071928455714,0.6505930423736572,0.7658371329307556,2570.0
9,0.3148795962333679,0.43273165822029114,0.6205837,37.73679,0.72022957,1.8081762,0.21237002,0.20935765760285518,0.6313115358352661,0.7590306401252747,1639.0
