,rmses,IR_rmses,rater0_sample_top_dice,rater0_sample_best_avd,rater1_sample_top_dice,rater1_sample_best_avd,GED_vol_sorted,GED_dice_sorted,rater0_best_dice_dsorted_ss7,rater1_best_dice_dsorted_ss7,mean_gt_vols
0,0.39886781573295593,0.4144574999809265,0.5047763,26.194086,0.7537633,4.2238364,0.4156555,0.41561386840684067,0.5096943974494934,0.7575967907905579,3177.5
1,0.32937464118003845,0.3892466127872467,0.70958936,7.481709,0.80988556,11.88495,0.3100521,0.31004400196529575,0.7125587463378906,0.8121013045310974,4882.5
2,0.43622735142707825,0.39401471614837646,0.25646794,176.69492,0.5805921,15.98579,0.6182663,0.6181681610289075,0.26532888412475586,0.5874799489974976,399.5
3,0.3919297456741333,0.40005379915237427,0.56698865,3.1304348,0.7146627,10.701631,0.50864375,0.5086066680295127,0.5745577216148376,0.7188800573348999,1280.5
4,0.3169652223587036,0.3930349051952362,0.72219723,0.08870491,0.7176945,33.68482,0.38637382,0.3863136598042079,0.726082444190979,0.7188982963562012,4299.0
5,0.3460177481174469,0.4194917380809784,0.60234845,45.12165,0.7018853,21.895767,0.49187604,0.49177647630373633,0.6043763160705566,0.7042309045791626,3464.0
6,0.37161019444465637,0.4011143743991852,0.46096656,0.34423408,0.61290324,0.53667265,0.5607756,0.5606970403875624,0.46481481194496155,0.6199813485145569,570.0
7,0.3382878601551056,0.3627481460571289,0.7666999,4.415761,0.7685015,3.7735848,0.38481942,0.3847706573350089,0.7682906985282898,0.7723342776298523,3168.0
8,0.32261180877685547,0.4048193395137787,0.6217348,44.157864,0.7238505,6.5036426,0.406997,0.4069621307509286,0.6240511536598206,0.728505551815033,2570.0
9,0.29349467158317566,0.4057648777961731,0.64446557,42.821537,0.7143451,9.827044,0.40778524,0.40775632574444726,0.6461049318313599,0.7187237739562988,1639.0
