,rmses,IR_rmses,rater0_sample_top_dice,rater0_sample_best_avd,rater1_sample_top_dice,rater1_sample_best_avd,GED_vol_sorted,GED_dice_sorted,rater0_best_dice_dsorted_ss20,rater1_best_dice_dsorted_ss20,mean_gt_vols
0,0.32484278082847595,0.38046178221702576,0.5320937,3.9802883,0.7867108,12.106538,0.32950643,0.3292890156570233,0.5449327230453491,0.7939845323562622,3177.5
1,0.3028511106967926,0.35125118494033813,0.7290721,2.7141845,0.82587063,7.290159,0.25313368,0.2530059049004003,0.7358834147453308,0.8334289789199829,4882.5
2,0.3324730098247528,0.34314048290252686,0.33512065,116.10169,0.69264835,0.5328597,0.42052054,0.42025987576497226,0.35884568095207214,0.7144089937210083,399.5
3,0.3256939947605133,0.37738436460494995,0.604814,1.3043478,0.75280493,2.05528,0.40184078,0.40152753960145143,0.61551433801651,0.7690003514289856,1280.5
4,0.2982998192310333,0.35994499921798706,0.7234946,0.08870491,0.7448075,29.236963,0.3342983,0.33409467496370016,0.7361816763877869,0.749207079410553,4299.0
5,0.33753058314323425,0.3909652829170227,0.6019808,41.189484,0.72124904,16.299406,0.4507967,0.4506191700696945,0.6068082451820374,0.7311283946037292,3464.0
6,0.30853405594825745,0.3704175651073456,0.45800176,1.2048192,0.66462165,0.53667265,0.46322125,0.4632933785256587,0.4838411808013916,0.6850618720054626,570.0
7,0.2976968586444855,0.3153538703918457,0.7891514,0.06793478,0.7887938,10.583726,0.31343305,0.3130807972268055,0.7971805930137634,0.7943037748336792,3168.0
8,0.30122846364974976,0.3814850449562073,0.6159363,44.002487,0.749248,6.2434964,0.35924444,0.35913684219121933,0.6194405555725098,0.7648215889930725,2570.0
9,0.2999092936515808,0.38948649168014526,0.61577773,43.918247,0.72655565,11.556603,0.39278457,0.3925708634288687,0.6217886209487915,0.739357054233551,1639.0
