,rmses,IR_rmses,rater0_sample_top_dice,rater0_sample_best_avd,rater1_sample_top_dice,rater1_sample_best_avd,GED_vol_sorted,GED_dice_sorted,rater0_best_dice_dsorted_ss20,rater1_best_dice_dsorted_ss20,mean_gt_vols
0,0.34684130549430847,0.3903988003730774,0.5174538,1.8574678,0.7447205,26.44606,0.43431163,0.4343074669179164,0.5205838084220886,0.7468118071556091,3177.5
1,0.34725120663642883,0.3858930766582489,0.6606152,12.579656,0.7261698,32.99566,0.49222195,0.49221979818846057,0.6628802418708801,0.7270953059196472,4882.5
2,0.35531970858573914,0.38121190667152405,0.31784108,82.62712,0.5864811,21.314386,0.6074756,0.607475887082125,0.3178410828113556,0.5905905961990356,399.5
3,0.38085997104644775,0.3911500573158264,0.47674987,22.0,0.6057192,36.428062,0.7277251,0.7277118199749998,0.47885939478874207,0.6070343255996704,1280.5
4,0.35530349612236023,0.40569084882736206,0.68632436,25.517447,0.6177117,51.70629,0.5525729,0.5525701422440378,0.68748939037323,0.6177915930747986,4299.0
5,0.35387900471687317,0.4190989136695862,0.5778369,52.07668,0.687487,31.794334,0.5490467,0.5490466929580037,0.5788423418998718,0.6901437640190125,3464.0
6,0.34907445311546326,0.41008514165878296,0.33789954,48.192772,0.5194805,46.153847,0.77329224,0.7732700894145588,0.342135488986969,0.5264394879341125,570.0
7,0.32943785190582275,0.35765206813812256,0.7661029,10.529891,0.75560725,22.346697,0.41904315,0.4190386577656395,0.7681524157524109,0.7574397325515747,3168.0
8,0.3436933159828186,0.42330390214920044,0.5398638,58.514606,0.703567,30.541103,0.5292917,0.5292920780809303,0.5401010513305664,0.7050492763519287,2570.0
9,0.378753662109375,0.4352134168148041,0.45537758,69.29212,0.5444915,51.57233,0.7861277,0.7861307181810077,0.4555513262748718,0.5447800755500793,1639.0
