,rmses,IR_rmses,rater0_sample_top_dice,rater0_sample_best_avd,rater1_sample_top_dice,rater1_sample_best_avd,GED_vol_sorted,GED_dice_sorted,rater0_best_dice_dsorted_ss15,rater1_best_dice_dsorted_ss15,mean_gt_vols
0,0.3464130759239197,0.4026525616645813,0.5291367,0.037907507,0.78130734,9.443099,0.2752482,0.27220759051186705,0.5547723174095154,0.7940316200256348,3177.5
1,0.30198216438293457,0.3813181221485138,0.7281268,0.9676658,0.82311434,3.3285093,0.19444193,0.19081507694153563,0.7489936351776123,0.834481418132782,4882.5
2,0.3428848385810852,0.36124953627586365,0.38518518,2.9661016,0.6225941,0.5328597,0.24225546,0.22484806889579412,0.4444444477558136,0.6702508926391602,399.5
3,0.3879440128803253,0.3938189446926117,0.57608265,0.7826087,0.7269553,0.77958894,0.36588675,0.36205774630819043,0.6210705041885376,0.7542160153388977,1280.5
4,0.32885053753852844,0.42828863859176636,0.70498574,8.308693,0.6995311,40.548313,0.39856878,0.3945236106713613,0.7277796268463135,0.7002652287483215,4299.0
5,0.35950198769569397,0.4368332326412201,0.6118168,33.620052,0.6964029,5.5264077,0.41207987,0.40842220925149464,0.6178566217422485,0.7173995971679688,3464.0
6,0.3521445393562317,0.422097384929657,0.42406312,25.47332,0.5907258,22.54025,0.49603534,0.4900790326652072,0.4523809552192688,0.6163934469223022,570.0
7,0.3385361135005951,0.4026400148868561,0.7210809,10.394022,0.7200663,22.228773,0.42904887,0.42404181503114247,0.7492424249649048,0.738524317741394,3168.0
8,0.3669354021549225,0.4481103718280792,0.5817738,47.234306,0.7325967,11.654527,0.38939676,0.387511906737373,0.5891568660736084,0.7609269618988037,2570.0
9,0.3322924077510834,0.4509682357311249,0.5798576,52.991028,0.68800765,25.86478,0.4256164,0.42433434653849833,0.5854495763778687,0.7203471660614014,1639.0
