,rmses,IR_rmses,rater0_sample_top_dice,rater0_sample_best_avd,rater1_sample_top_dice,rater1_sample_best_avd,GED_vol_sorted,GED_dice_sorted,rater0_best_dice_dsorted_ss7,rater1_best_dice_dsorted_ss7,mean_gt_vols
0,0.34684130549430847,0.3903988003730774,0.5168875,2.1986353,0.74433756,26.580576,0.4353201,0.4353180059364864,0.5189896821975708,0.7462315559387207,3177.5
1,0.34725120663642883,0.3858930766582489,0.659612,12.65046,0.72575575,33.049927,0.49337906,0.4933769433271318,0.6616161465644836,0.726306676864624,4882.5
2,0.35531970858573914,0.38121190667152405,0.3168909,83.47458,0.5850746,21.492008,0.60622346,0.6062234675600415,0.3168908953666687,0.5885885953903198,399.5
3,0.38085997104644775,0.3911500573158264,0.47605082,22.086958,0.6042479,36.498936,0.7271793,0.7271655372210911,0.4783889949321747,0.6055603623390198,1280.5
4,0.35530349612236023,0.40569084882736206,0.68612146,25.63572,0.6164791,51.782978,0.55243886,0.5524365603923799,0.6869373321533203,0.6170763373374939,4299.0
5,0.35387900471687317,0.4190989136695862,0.5779329,52.101254,0.68721366,31.82931,0.548564,0.5485635300477347,0.578125,0.6888934969902039,3464.0
6,0.34907445311546326,0.41008514165878296,0.33751425,48.70912,0.51929826,46.690517,0.77333784,0.773323314530509,0.33983927965164185,0.522352933883667,570.0
7,0.32943785190582275,0.35765206813812256,0.76543653,10.665761,0.75523084,22.464622,0.41839033,0.41838510831197107,0.7669903039932251,0.7564870119094849,3168.0
8,0.3436933159828186,0.42330390214920044,0.53825855,58.66998,0.70320195,30.801249,0.52905506,0.5290545608316148,0.5386138558387756,0.7040345072746277,2570.0
9,0.378753662109375,0.4352134168148041,0.45419848,69.39182,0.5440085,51.72956,0.7857045,0.7857084841955276,0.4543718993663788,0.5440084934234619,1639.0
