,rmses,IR_rmses,rater0_sample_top_dice,rater0_sample_best_avd,rater1_sample_top_dice,rater1_sample_best_avd,GED_vol_sorted,GED_dice_sorted,rater0_best_dice_dsorted_ss5,rater1_best_dice_dsorted_ss5,mean_gt_vols
0,0.3296237885951996,0.38996198773384094,0.5052858,0.90978014,0.7432432,20.823244,0.25917616,0.25613799691200245,0.5308112502098083,0.7555212378501892,3177.5
1,0.31512251496315,0.36654162406921387,0.7032389,2.5253718,0.7829465,18.397251,0.21938737,0.2171776235103607,0.7211850881576538,0.7934903502464294,4882.5
2,0.32912683486938477,0.3332560658454895,0.29539952,84.32204,0.5578125,4.7957373,0.22927332,0.2183248370885849,0.35092347860336304,0.631393313407898,399.5
3,0.35700109601020813,0.3895345628261566,0.54584587,2.0,0.6555728,16.86747,0.33175692,0.31958601772785195,0.608364999294281,0.7106471657752991,1280.5
4,0.3564673364162445,0.401705265045166,0.68700635,9.077469,0.6771198,41.04678,0.33287206,0.32835891246795645,0.7206504344940186,0.6820724606513977,4299.0
5,0.3539183735847473,0.41872549057006836,0.56279147,47.161465,0.68117386,24.79888,0.37928438,0.3774574220180512,0.5721223950386047,0.6999592185020447,3464.0
6,0.2979292571544647,0.39988142251968384,0.44813278,6.36833,0.6602972,2.6833632,0.24623162,0.23680664598941814,0.4969199299812317,0.7030784487724304,570.0
7,0.3665032684803009,0.37458527088165283,0.7147323,16.13451,0.69442075,27.211084,0.3626481,0.35977521538734447,0.7368622422218323,0.7056156396865845,3168.0
8,0.3616081476211548,0.4189680814743042,0.5359505,54.350533,0.7133917,23.569199,0.3419182,0.33836666345596317,0.5452567338943481,0.7367777228355408,2570.0
9,0.34705519676208496,0.41081011295318604,0.551265,50.249256,0.6813608,21.54088,0.34903932,0.34299110770225527,0.5676138401031494,0.7195178270339966,1639.0
