,rmses,IR_rmses,rater0_sample_top_dice,rater0_sample_best_avd,rater1_sample_top_dice,rater1_sample_best_avd,GED_vol_sorted,GED_dice_sorted,rater0_best_dice_dsorted_ss25,rater1_best_dice_dsorted_ss25,mean_gt_vols
0,0.3294842541217804,0.39165937900543213,0.53492004,1.2509477,0.7879555,0.1614205,0.10609951,0.09578744381666182,0.569936990737915,0.7958847880363464,3177.5
1,0.30214452743530273,0.37158289551734924,0.71316963,0.99126744,0.8142513,0.45224312,0.10483921,0.09616195589303966,0.7525615096092224,0.8505979776382446,4882.5
2,0.34512394666671753,0.34619075059890747,0.35751295,4.661017,0.641844,0.3552398,0.065116666,0.0524165376275777,0.5061082243919373,0.7626962065696716,399.5
3,0.34008118510246277,0.38002070784568787,0.6106467,0.26086956,0.7545383,0.85046065,0.14801127,0.137202949722608,0.6788991093635559,0.8089292645454407,1280.5
4,0.3281041383743286,0.40069127082824707,0.71336967,0.20697813,0.7467987,11.675613,0.15592435,0.1399868501226108,0.7742406725883484,0.7865331172943115,4299.0
5,0.34301698207855225,0.41693514585494995,0.6491777,8.331285,0.7336996,0.27981812,0.18411504,0.1712015165388583,0.7062661647796631,0.7753756046295166,3464.0
6,0.32863354682922363,0.40419167280197144,0.4820296,2.2375214,0.66450214,5.724508,0.15136664,0.1214088278015456,0.5810810923576355,0.7416173815727234,570.0
7,0.32400184869766235,0.36348941922187805,0.77016973,1.6644021,0.7618478,2.8007076,0.16021372,0.1416152903437614,0.8153113126754761,0.8084779381752014,3168.0
8,0.3332553803920746,0.42075496912002563,0.6398235,8.7010565,0.7345959,0.1560874,0.15215161,0.13704114437103265,0.6813957691192627,0.7921547293663025,2570.0
9,0.3368852138519287,0.4317358136177063,0.64095664,6.430708,0.72450805,1.100629,0.18939698,0.17874133646488183,0.6798659563064575,0.7844935655593872,1639.0
