,rmses,IR_rmses,rater0_sample_top_dice,rater0_sample_best_avd,rater1_sample_top_dice,rater1_sample_best_avd,GED_vol_sorted,GED_dice_sorted,rater0_best_dice_dsorted_ss3,rater1_best_dice_dsorted_ss3,mean_gt_vols
0,0.3708021640777588,0.4168739318847656,0.47064096,30.85671,0.6089153,50.92817,0.34182972,0.3410512258609135,0.49129238724708557,0.6265499591827393,3177.5
1,0.38081079721450806,0.4126603305339813,0.6646948,24.451263,0.6935502,42.09479,0.2918497,0.29163137078285223,0.6682128310203552,0.6948820948600769,4882.5
2,0.35283762216567993,0.43009716272354126,0.37406483,19.915255,0.47281325,49.73357,0.13580295,0.12152924140294397,0.4403669834136963,0.4926108419895172,399.5
3,0.4120500981807709,0.4333858788013458,0.38456973,53.47826,0.4696814,62.083626,0.53314644,0.5357366800308228,0.41296061873435974,0.475495308637619,1280.5
4,0.46009182929992676,0.4460892975330353,0.6065078,43.701954,0.52106744,63.496937,0.41771936,0.4185411979754765,0.6132976412773132,0.5228168964385986,4299.0
5,0.46642762422561646,0.4670698344707489,0.38687393,71.934135,0.50087476,60.055965,0.5790325,0.5785786062479019,0.38958534598350525,0.5082091689109802,3464.0
6,0.44589564204216003,0.45110267400741577,0.33665836,61.962135,0.46666667,60.465115,0.41878676,0.4179751972357433,0.35325366258621216,0.48275861144065857,570.0
7,0.46080464124679565,0.44875210523605347,0.4710764,60.8356,0.4470847,66.008255,0.68795186,0.6855504314104716,0.48362472653388977,0.4581947326660156,3168.0
8,0.4699179232120514,0.4718227684497833,0.36719525,74.58048,0.529927,57.440166,0.54712874,0.545262446006139,0.3707389831542969,0.5457916259765625,2570.0
9,0.4648323059082031,0.4758095443248749,0.37917328,74.57627,0.52300787,59.90566,0.45583284,0.4585066388050715,0.3831999897956848,0.5322763323783875,1639.0
