,rmses,IR_rmses,rater0_sample_top_dice,rater0_sample_best_avd,rater1_sample_top_dice,rater1_sample_best_avd,GED_vol_sorted,GED_dice_sorted,rater0_best_dice_dsorted_ss25,rater1_best_dice_dsorted_ss25,mean_gt_vols
0,0.34032008051872253,0.3978729546070099,0.49627793,0.15163003,0.7385103,13.263385,0.26393056,0.26193903823693593,0.5361503958702087,0.7724659442901611,3177.5
1,0.31610798835754395,0.3789688050746918,0.7035554,0.63724333,0.78730404,13.0607815,0.22168735,0.21999476691087091,0.7477510571479797,0.8154636025428772,4882.5
2,0.3293934762477875,0.3557511866092682,0.35630688,25.423729,0.5973597,0.1776199,0.1580801,0.1506054215629895,0.4522002935409546,0.7241992950439453,399.5
3,0.3621561825275421,0.40207645297050476,0.4810836,1.826087,0.6122941,4.323175,0.33883986,0.32797171657284113,0.603309690952301,0.7299960851669312,1280.5
4,0.3382800817489624,0.4050266444683075,0.70381135,2.6020105,0.70527285,33.473927,0.27750424,0.2750838010509808,0.7472848296165466,0.7272727489471436,4299.0
5,0.3673704266548157,0.4321812391281128,0.5706179,44.08946,0.6831823,20.426723,0.38380232,0.38107065618038166,0.5983836650848389,0.7153284549713135,3464.0
6,0.3205212354660034,0.398192822933197,0.42291668,0.86058515,0.6297376,1.431127,0.24729672,0.23389704162875824,0.5248227119445801,0.7124378085136414,570.0
7,0.3638816177845001,0.3758494555950165,0.7362522,5.8423915,0.7099708,8.136792,0.33779564,0.3311561185121537,0.786344051361084,0.7496185898780823,3168.0
8,0.35384899377822876,0.41477206349372864,0.57028913,39.403355,0.6934199,1.4568158,0.2659019,0.2620418158173562,0.6109963059425354,0.7657605409622192,2570.0
9,0.34450221061706543,0.40460318326950073,0.6123839,38.98305,0.69501084,3.7735848,0.2946591,0.290840698480606,0.637700080871582,0.7436012625694275,1639.0
