,rmses,IR_rmses,rater0_sample_top_dice,rater0_sample_best_avd,rater1_sample_top_dice,rater1_sample_best_avd,GED_vol_sorted,GED_dice_sorted,rater0_best_dice_dsorted_ss20,rater1_best_dice_dsorted_ss20,mean_gt_vols
0,0.3296237885951996,0.38996198773384094,0.5069009,0.83396506,0.74797237,14.689265,0.2721399,0.2682821862007443,0.5548613667488098,0.7782902717590332,3177.5
1,0.31512251496315,0.36654162406921387,0.70859146,0.23601605,0.8010184,11.107091,0.21179801,0.20907774567604062,0.7455663084983826,0.8241909742355347,4882.5
2,0.32912683486938477,0.3332560658454895,0.33043477,30.084747,0.55166054,1.2433393,0.24064007,0.23264350036257192,0.3965517282485962,0.6895368695259094,399.5
3,0.35700109601020813,0.3895345628261566,0.54377025,0.08695652,0.6672045,5.669738,0.3434449,0.32879010356570554,0.644859790802002,0.7539808750152588,1280.5
4,0.3564673364162445,0.401705265045166,0.6879421,4.7900653,0.6847032,32.055214,0.34298542,0.33708739751263667,0.7273017764091492,0.7084853649139404,4299.0
5,0.3539183735847473,0.41872549057006836,0.57151693,41.0666,0.6884273,16.12452,0.3848289,0.3822356413853795,0.6003230810165405,0.7147985696792603,3464.0
6,0.2979292571544647,0.39988142251968384,0.45567206,0.5163511,0.671414,3.3989265,0.25176343,0.2410848617161575,0.5283797979354858,0.7269035577774048,570.0
7,0.3665032684803009,0.37458527088165283,0.7282217,5.978261,0.71103895,18.396227,0.35217187,0.3476455644557351,0.7665531635284424,0.7390039563179016,3168.0
8,0.3616081476211548,0.4189680814743042,0.56007826,41.20572,0.7098856,1.5608741,0.31683263,0.3092814221978187,0.5954421758651733,0.7705499529838562,2570.0
9,0.34705519676208496,0.41081011295318604,0.564257,44.1675,0.6963375,11.949685,0.34551457,0.3407015529118086,0.5874543786048889,0.7547857761383057,1639.0
