,rmses,IR_rmses,rater0_sample_top_dice,rater0_sample_best_avd,rater1_sample_top_dice,rater1_sample_best_avd,GED_vol_sorted,GED_dice_sorted,rater0_best_dice_dsorted_ss5,rater1_best_dice_dsorted_ss5,mean_gt_vols
0,0.3744700253009796,0.40812504291534424,0.64791226,47.941887,0.47058824,26.648977,0.34383255,0.3439288705587388,0.6498579382896423,0.4890109896659851,3177.5
1,0.37874341011047363,0.3998955190181732,0.73147845,34.20767,0.6908814,14.160962,0.30089593,0.30018450617790216,0.7382580041885376,0.7057908773422241,4882.5
2,0.3375653326511383,0.37565192580223083,0.5967742,23.801065,0.37894738,2.1186442,0.18563981,0.1807564705610274,0.625400185585022,0.4535147249698639,399.5
3,0.4146527945995331,0.4121335446834564,0.59990853,45.003544,0.50363445,32.52174,0.46946016,0.4684575706720353,0.6110852360725403,0.52078777551651,1280.5
4,0.4787459075450897,0.45563867688179016,0.48395914,66.73696,0.5557944,48.698994,0.5872011,0.5866012573242188,0.48494452238082886,0.565079391002655,4299.0
5,0.4494054913520813,0.46054714918136597,0.5921393,51.3816,0.45759296,65.83927,0.53745186,0.5371655285358428,0.5966564416885376,0.4629254937171936,3464.0
6,0.35862553119659424,0.4437221884727478,0.5106383,48.658318,0.3548387,50.602413,0.5174028,0.5053032711148262,0.5461254715919495,0.3799999952316284,570.0
7,0.5108183026313782,0.44943174719810486,0.5125108,63.32547,0.5506208,57.744564,0.6757912,0.6755133390426635,0.5142857432365417,0.5531100630760193,3168.0
8,0.49003952741622925,0.4657042324542999,0.5645338,57.700314,0.37509304,74.73586,0.5889894,0.5889195039868353,0.5654565691947937,0.3780154287815094,2570.0
9,0.4729001820087433,0.471647173166275,0.55187887,59.82704,0.38299564,74.52642,0.6332811,0.6330866307020189,0.558060884475708,0.38544583320617676,1639.0
