,rmses,IR_rmses,rater0_sample_top_dice,rater0_sample_best_avd,rater1_sample_top_dice,rater1_sample_best_avd,GED_vol_sorted,GED_dice_sorted,rater0_best_dice_dsorted_ss20,rater1_best_dice_dsorted_ss20,mean_gt_vols
0,0.3464130759239197,0.4026525616645813,0.5296283,0.7581501,0.7842456,8.716707,0.27367592,0.2702322118376431,0.5573212504386902,0.7977983951568604,3177.5
1,0.30198216438293457,0.3813181221485138,0.7250058,0.4484305,0.8240205,2.4602027,0.1945804,0.19080840898187534,0.750562846660614,0.8384371995925903,4882.5
2,0.3428848385810852,0.36124953627586365,0.39014372,6.355932,0.6142857,1.0657194,0.24828511,0.23119394916452862,0.45989304780960083,0.6708295941352844,399.5
3,0.3879440128803253,0.3938189446926117,0.57462686,0.4347826,0.72519875,1.0630759,0.3698742,0.36560339700234556,0.6210705041885376,0.7561327815055847,1280.5
4,0.32885053753852844,0.42828863859176636,0.70597684,7.0668244,0.70271564,39.7431,0.40606463,0.40195734845964526,0.7295041680335999,0.7040250897407532,4299.0
5,0.35950198769569397,0.4368332326412201,0.61321586,32.637012,0.70125425,4.1273174,0.41441917,0.4113632057058184,0.62123042345047,0.7186180353164673,3464.0
6,0.3521445393562317,0.422097384929657,0.41910332,23.407917,0.5907173,20.393559,0.4851287,0.48011667967626925,0.4523809552192688,0.6190476417541504,570.0
7,0.3385361135005951,0.4026400148868561,0.72190475,6.080163,0.7276271,18.48467,0.4226016,0.41697171338294686,0.7510499954223633,0.7446485757827759,3168.0
8,0.3669354021549225,0.4481103718280792,0.5828526,43.784958,0.7340582,5.8792925,0.38815996,0.38477577504358784,0.5991820096969604,0.7637841105461121,2570.0
9,0.3322924077510834,0.4509682357311249,0.58475155,50.648056,0.6890834,22.169811,0.42087802,0.419182070776036,0.5917400121688843,0.7221954464912415,1639.0
