,rmses,IR_rmses,rater0_sample_top_dice,rater0_sample_best_avd,rater1_sample_top_dice,rater1_sample_best_avd,GED_vol_sorted,GED_dice_sorted,rater0_best_dice_dsorted_ss7,rater1_best_dice_dsorted_ss7,mean_gt_vols
0,0.36983317136764526,0.40798184275627136,0.49247313,23.730099,0.67830336,45.870323,0.35681698,0.35631183783213305,0.5055090188980103,0.680538535118103,3177.5
1,0.3768140375614166,0.4010070860385895,0.6819455,14.632996,0.73854566,34.56946,0.3202702,0.31828293062391727,0.6996327638626099,0.7428759932518005,4882.5
2,0.33918851613998413,0.3782542943954468,0.3529412,8.898305,0.577821,17.40675,0.19501354,0.19477824724855863,0.4262295067310333,0.6247334480285645,399.5
3,0.4047084152698517,0.4099849760532379,0.49691358,30.956522,0.59591836,43.727856,0.4809069,0.48218356782481786,0.5233644843101501,0.5998142957687378,1280.5
4,0.4705969989299774,0.45529237389564514,0.5791402,46.629215,0.50163794,65.394936,0.5925344,0.5907293096894308,0.5874043703079224,0.5025684833526611,4299.0
5,0.4528323709964752,0.46018603444099426,0.47018057,65.24945,0.6009829,50.542145,0.547649,0.5471566127879279,0.4722425043582916,0.6064727902412415,3464.0
6,0.3591378927230835,0.44207650423049927,0.3529412,53.70052,0.5024155,51.878357,0.5628473,0.5589199754453842,0.3781725764274597,0.5267175436019897,570.0
7,0.5039761066436768,0.44740280508995056,0.5263409,57.506794,0.49407712,63.119102,0.71766233,0.7174535649163383,0.5320077538490295,0.5004351735115051,3168.0
8,0.4918416440486908,0.46695953607559204,0.3893242,73.088875,0.56456244,54.94277,0.59281963,0.5914359635540416,0.3948730528354645,0.5730783343315125,2570.0
9,0.4681372344493866,0.47073787450790405,0.44419134,68.69392,0.62,50.62893,0.5743593,0.5703087796767552,0.44973137974739075,0.6273258924484253,1639.0
