,rmses,IR_rmses,rater0_sample_top_dice,rater0_sample_best_avd,rater1_sample_top_dice,rater1_sample_best_avd,GED_vol_sorted,GED_dice_sorted,rater0_best_dice_dsorted_ss20,rater1_best_dice_dsorted_ss20,mean_gt_vols
0,0.33635810017585754,0.3899771571159363,0.78127736,15.496368,0.5238178,17.02047,0.38005453,0.38005138423882034,0.7838035225868225,0.5265901684761047,3177.5
1,0.31021422147750854,0.36929017305374146,0.82894987,8.53835,0.70691526,17.748407,0.29860172,0.2986004507855365,0.8316118717193604,0.7086716294288635,4882.5
2,0.33904626965522766,0.3480623662471771,0.57007575,10.657193,0.35228848,103.81357,0.59148103,0.5914747242472674,0.5749525427818298,0.35684648156166077,399.5
3,0.352645605802536,0.3789162337779999,0.6996352,25.15946,0.5724671,8.173913,0.5370951,0.537093073678644,0.7021968960762024,0.5749430656433105,1280.5
4,0.31213492155075073,0.39445966482162476,0.6708307,46.529907,0.7011513,17.534004,0.47558704,0.47558695485717367,0.67149817943573,0.702843189239502,4299.0
5,0.3384440243244171,0.408889502286911,0.701098,27.981812,0.5822454,49.397884,0.5280332,0.5280297243281414,0.7029339671134949,0.584409236907959,3464.0
6,0.32510265707969666,0.39574140310287476,0.6207675,41.502686,0.42511013,43.717728,0.618026,0.6180152488382238,0.6242905855178833,0.42699116468429565,570.0
7,0.3003200590610504,0.3409184515476227,0.78456485,20.459906,0.7767714,8.355978,0.36392862,0.36392743305156106,0.7863726019859314,0.7796368598937988,3168.0
8,0.33203572034835815,0.40287867188453674,0.71643555,23.100937,0.5664395,54.070854,0.48186255,0.4818570218588176,0.7196924686431885,0.5681963562965393,2570.0
9,0.3123646080493927,0.41896605491638184,0.6800937,32.15409,0.5597769,56.97906,0.54798186,0.5479806161240528,0.6826516389846802,0.5614525079727173,1639.0
