,rmses,IR_rmses,rater0_sample_top_dice,rater0_sample_best_avd,rater1_sample_top_dice,rater1_sample_best_avd,GED_vol_sorted,GED_dice_sorted,rater0_best_dice_dsorted_ss15,rater1_best_dice_dsorted_ss15,mean_gt_vols
0,0.340795636177063,0.3976607620716095,0.53929687,5.9514785,0.77908885,19.881626,0.36179763,0.361761083205541,0.5415228009223938,0.7818373441696167,3177.5
1,0.3252488970756531,0.3802197575569153,0.7051324,14.751003,0.8215634,8.393633,0.30538055,0.3053596031098139,0.709656298160553,0.8246030807495117,4882.5
2,0.4162912964820862,0.388014554977417,0.30325815,138.13559,0.6524444,0.1776199,0.5370315,0.5370279507977622,0.3071160912513733,0.6637477874755859,399.5
3,0.3877696096897125,0.39260876178741455,0.5645022,0.08695652,0.697783,16.087881,0.5269505,0.5268804814134327,0.5733041763305664,0.7059282660484314,1280.5
4,0.3040692210197449,0.3916288912296295,0.7283856,3.0455353,0.7175986,37.135735,0.3790099,0.3789819172450475,0.7337494492530823,0.7200756072998047,4299.0
5,0.32893410325050354,0.4117584824562073,0.5991696,46.104694,0.7154569,23.294859,0.4832159,0.48318920958609807,0.6007055640220642,0.7200160622596741,3464.0
6,0.3199070990085602,0.4114643335342407,0.48692152,26.85026,0.66049385,23.971376,0.49738342,0.4973204377151672,0.4953751266002655,0.6687565445899963,570.0
7,0.30884960293769836,0.34856176376342773,0.79084396,4.0081525,0.7770988,16.686321,0.35068968,0.3506629279681615,0.7939680814743042,0.7799128293991089,3168.0
8,0.3102574944496155,0.4054590165615082,0.6180118,47.141083,0.7368421,11.49844,0.399898,0.39984622711227047,0.6206333041191101,0.743783175945282,2570.0
9,0.3032108247280121,0.41698023676872253,0.61300707,44.61615,0.70151186,12.657232,0.4555286,0.4554951562767937,0.6155340075492859,0.7084774971008301,1639.0
