,rmses,IR_rmses,rater0_sample_top_dice,rater0_sample_best_avd,rater1_sample_top_dice,rater1_sample_best_avd,GED_vol_sorted,GED_dice_sorted,rater0_best_dice_dsorted_ss5,rater1_best_dice_dsorted_ss5,mean_gt_vols
0,0.3464130759239197,0.4026525616645813,0.52616066,1.1751326,0.7805315,19.800915,0.26434714,0.26327694654464723,0.5455235242843628,0.7845320701599121,3177.5
1,0.30198216438293457,0.3813181221485138,0.7201317,0.70804816,0.8077345,10.039798,0.19591412,0.19384328126907352,0.7426832318305969,0.8246803283691406,4882.5
2,0.3428848385810852,0.36124953627586365,0.3699248,26.271185,0.6115288,10.124334,0.23788476,0.23634836375713347,0.4000000059604645,0.6551724076271057,399.5
3,0.3879440128803253,0.3938189446926117,0.576974,2.0869565,0.7216418,2.9057405,0.3620368,0.360535991191864,0.6058772802352905,0.7420814633369446,1280.5
4,0.32885053753852844,0.42828863859176636,0.6993188,17.681845,0.66875,46.625767,0.4209562,0.4184055507183076,0.711216390132904,0.6692500114440918,4299.0
5,0.35950198769569397,0.4368332326412201,0.6066759,40.231018,0.7027027,14.935292,0.39971817,0.39875245094299316,0.6076496243476868,0.7092688679695129,3464.0
6,0.3521445393562317,0.422097384929657,0.39461884,40.10327,0.570115,37.74597,0.5068434,0.5034858793020248,0.4154929518699646,0.586448609828949,570.0
7,0.3385361135005951,0.4026400148868561,0.7227298,17.83288,0.70968854,28.68514,0.42079264,0.41752368211746216,0.7365601658821106,0.7191519141197205,3168.0
8,0.3669354021549225,0.4481103718280792,0.5630094,51.305157,0.72227,18.470345,0.37712842,0.3760216891765595,0.5672650337219238,0.7441307306289673,2570.0
9,0.3322924077510834,0.4509682357311249,0.576143,54.985046,0.68505746,29.009434,0.4225584,0.42154867649078376,0.5777317881584167,0.703071653842926,1639.0
