,rmses,IR_rmses,rater0_sample_top_dice,rater0_sample_best_avd,rater1_sample_top_dice,rater1_sample_best_avd,GED_vol_sorted,GED_dice_sorted,rater0_best_dice_dsorted_ss15,rater1_best_dice_dsorted_ss15,mean_gt_vols
0,0.34677812457084656,0.40230023860931396,0.7753633,1.9639494,0.53172415,0.34116757,0.20242396,0.19154895771117436,0.7976041436195374,0.5485694408416748,3177.5
1,0.3319384455680847,0.3873897194862366,0.8120383,1.646165,0.69231594,0.5428369,0.20385723,0.19788823808942518,0.8283568024635315,0.7364045977592468,4882.5
2,0.3291253447532654,0.3535999655723572,0.6431798,3.374778,0.39927405,7.6271186,0.17164113,0.14943898589838112,0.7157313823699951,0.4848484992980957,399.5
3,0.3645308017730713,0.39210227131843567,0.74241304,1.4883062,0.59647614,2.347826,0.25809422,0.24062363278298154,0.7667819857597351,0.6531440019607544,1280.5
4,0.34051504731178284,0.42172083258628845,0.7190352,23.542946,0.6845787,2.927262,0.35056525,0.3439592543102446,0.7385948896408081,0.7305667400360107,4299.0
5,0.3514646291732788,0.4349914491176605,0.7216573,1.9587269,0.6348797,28.360779,0.36764935,0.35670535479273113,0.7402697205543518,0.6420760750770569,3464.0
6,0.3320509195327759,0.42914581298828125,0.59574467,31.842577,0.4199584,27.022377,0.41793755,0.37225198816685456,0.6397306323051453,0.4830699861049652,570.0
7,0.33413174748420715,0.3845527172088623,0.7598401,4.3632073,0.75297225,2.9211957,0.30180785,0.29198150861830935,0.7801553606987,0.7789288759231567,3168.0
8,0.34733617305755615,0.4366491734981537,0.7293801,0.3121748,0.63803905,31.385956,0.2758056,0.2612671162400927,0.7661111354827881,0.6470146179199219,2570.0
9,0.38438519835472107,0.45219382643699646,0.6323024,16.981133,0.54800785,47.357925,0.53702503,0.5251623895906266,0.6778398752212524,0.5654379725456238,1639.0
