,rmses,IR_rmses,rater0_sample_top_dice,rater0_sample_best_avd,rater1_sample_top_dice,rater1_sample_best_avd,GED_vol_sorted,GED_dice_sorted,rater0_best_dice_dsorted_ss3,rater1_best_dice_dsorted_ss3,mean_gt_vols
0,0.3574718236923218,0.4054044187068939,0.72942287,29.37853,0.5245002,0.49279755,0.39166206,0.39161893725395197,0.7303743362426758,0.528205156326294,3177.5
1,0.3211180865764618,0.38782837986946106,0.79569674,21.761938,0.7060936,2.0769413,0.29299957,0.2928235133488973,0.7975046038627625,0.7122861742973328,4882.5
2,0.368241548538208,0.39495959877967834,0.5045872,45.11545,0.30458716,6.355932,0.5031679,0.5022671024004619,0.512338399887085,0.3347107470035553,399.5
3,0.3792518675327301,0.40587204694747925,0.6475694,36.71155,0.5521292,22.347826,0.5433352,0.5428864657878876,0.6501089334487915,0.5624060034751892,1280.5
4,0.3120063245296478,0.41030576825141907,0.6778025,45.05368,0.70842123,15.257244,0.42456067,0.4244997104008993,0.678327739238739,0.7124979496002197,4299.0
5,0.3558086156845093,0.43579748272895813,0.6550237,37.775444,0.5372777,56.279182,0.5612332,0.5609140197436014,0.6566840410232544,0.5375385880470276,3464.0
6,0.3458203673362732,0.4048554003238678,0.6160616,32.73703,0.46185997,35.283993,0.46492738,0.46513423323631287,0.6190999150276184,0.47021275758743286,570.0
7,0.3354845643043518,0.38926032185554504,0.71948004,32.163914,0.7279314,21.841032,0.46097544,0.4609269499778748,0.7201125025749207,0.7301037907600403,3168.0
8,0.3494550585746765,0.4339022636413574,0.671289,34.91155,0.5048109,61.12492,0.5228883,0.5225767989953359,0.6769033670425415,0.5054895877838135,2570.0
9,0.3288029730319977,0.4327647089958191,0.6866828,37.657234,0.5330475,60.468597,0.49722576,0.4965817133585611,0.6904296875,0.5330474972724915,1639.0
