,rmses,IR_rmses,rater0_sample_top_dice,rater0_sample_best_avd,rater1_sample_top_dice,rater1_sample_best_avd,GED_vol_sorted,GED_dice_sorted,rater0_best_dice_dsorted_ss7,rater1_best_dice_dsorted_ss7,mean_gt_vols
0,0.35743248462677,0.409683495759964,0.51233613,2.7293406,0.7279962,30.965832,0.46185172,0.46184865349815013,0.5137897729873657,0.7295317053794861,3177.5
1,0.3290058970451355,0.3970317244529724,0.69423646,1.0384706,0.7758461,24.149782,0.3901805,0.39017833698363535,0.6953524351119995,0.7766110897064209,4882.5
2,0.40100929141044617,0.39097651839256287,0.30697674,73.305084,0.52307695,26.287743,0.6752071,0.675208391887801,0.3069767355918884,0.5245901346206665,399.5
3,0.39714694023132324,0.41013091802597046,0.462022,33.391304,0.5852535,45.71226,0.76121086,0.7612095858369555,0.46387434005737305,0.5862862467765808,1280.5
4,0.34160906076431274,0.4169199466705322,0.6544653,25.517447,0.6223659,51.70629,0.5827932,0.5827907834734236,0.6554593443870544,0.6226878762245178,4299.0
5,0.4044807553291321,0.4471879005432129,0.48618785,62.054558,0.601227,45.995106,0.7272715,0.7272729305993942,0.48671776056289673,0.6023657917976379,3464.0
6,0.3371703624725342,0.43419569730758667,0.34679335,54.38898,0.5339806,52.593918,0.76289344,0.7628808525346574,0.3472056984901428,0.5346294045448303,570.0
7,0.36187246441841125,0.3940366208553314,0.696756,31.216032,0.6845117,40.30071,0.59141463,0.5914082300095331,0.6982463002204895,0.6855136752128601,3168.0
8,0.36130291223526,0.44617217779159546,0.5181859,61.591053,0.6839772,35.69199,0.5711847,0.5711855675492968,0.5186516642570496,0.6852791905403137,2570.0
9,0.33173975348472595,0.4431267976760864,0.52903223,60.917248,0.6935798,38.36478,0.5621697,0.5621632323378608,0.5296016931533813,0.6945932507514954,1639.0
