,rmses,IR_rmses,rater0_sample_top_dice,rater0_sample_best_avd,rater1_sample_top_dice,rater1_sample_best_avd,GED_vol_sorted,GED_dice_sorted,rater0_best_dice_dsorted_ss20,rater1_best_dice_dsorted_ss20,mean_gt_vols
0,0.3708021640777588,0.4168739318847656,0.48385727,14.708112,0.6696833,39.46731,0.32500085,0.3240156974839537,0.5157732367515564,0.6913326382637024,3177.5
1,0.38081079721450806,0.4126603305339813,0.69103926,9.629455,0.7408357,30.734444,0.29958302,0.29826128161267235,0.7158778309822083,0.7501627802848816,4882.5
2,0.35283762216567993,0.43009716272354126,0.40285206,2.5423727,0.5067568,25.932507,0.25001463,0.23471416654065247,0.5054945349693298,0.5630841255187988,399.5
3,0.4120500981807709,0.4333858788013458,0.46482542,33.130436,0.5678899,45.499645,0.54504323,0.5433261638409213,0.5282799005508423,0.5933014154434204,1280.5
4,0.46009182929992676,0.4460892975330353,0.68554497,20.402128,0.63935256,48.389572,0.40790397,0.4043686600892167,0.7100409865379333,0.6474727988243103,4299.0
5,0.46642762422561646,0.4670698344707489,0.43852013,64.48759,0.5669145,49.45785,0.5601108,0.5588075001969148,0.44608840346336365,0.5860266089439392,3464.0
6,0.44589564204216003,0.45110267400741577,0.38445377,36.144577,0.53763443,33.631485,0.4168888,0.4075032746713413,0.4401451051235199,0.6138855218887329,570.0
7,0.46080464124679565,0.44875210523605347,0.58750266,41.813858,0.57394713,49.49882,0.66445965,0.6609956417036683,0.6148330569267273,0.596258282661438,3168.0
8,0.4699179232120514,0.4718227684497833,0.41563785,64.077065,0.56010395,39.854317,0.5361734,0.5308165395730421,0.4445495307445526,0.6181818246841431,2570.0
9,0.4648323059082031,0.4758095443248749,0.43233222,65.55334,0.5843534,45.6761,0.4926565,0.4924615280506641,0.445288747549057,0.5977742671966553,1639.0
