,rmses,IR_rmses,rater0_sample_top_dice,rater0_sample_best_avd,rater1_sample_top_dice,rater1_sample_best_avd,GED_vol_sorted,GED_dice_sorted,rater0_best_dice_dsorted_ss3,rater1_best_dice_dsorted_ss3,mean_gt_vols
0,0.37552574276924133,0.4101215600967407,0.7424587,22.51816,0.5063571,0.6065201,0.40679443,0.406688004732132,0.7443631887435913,0.5109758377075195,3177.5
1,0.33193114399909973,0.38804513216018677,0.7897898,19.283646,0.69962066,0.118008025,0.33789513,0.33785974979400635,0.791010320186615,0.7040092945098877,4882.5
2,0.40096619725227356,0.3824070692062378,0.6594399,1.4209592,0.3515313,118.220345,0.44787842,0.44779985149701446,0.6666666865348816,0.35931307077407837,399.5
3,0.37275272607803345,0.39309442043304443,0.7175872,19.064493,0.5837696,0.6956522,0.46142176,0.4614402155081431,0.7205360531806946,0.5920354127883911,1280.5
4,0.3097555935382843,0.41061264276504517,0.679941,44.018406,0.7067791,13.660556,0.43327814,0.43326869606971746,0.6804530024528503,0.7103403806686401,4299.0
5,0.3350307047367096,0.41616714000701904,0.7134786,26.652676,0.5783328,48.463997,0.48751324,0.48745340108871454,0.7169888019561768,0.5787676572799683,3464.0
6,0.34250524640083313,0.4292033910751343,0.52606636,49.0161,0.38106236,50.94664,0.68576133,0.6857963502407075,0.5279428958892822,0.3827304542064667,570.0
7,0.32485321164131165,0.3706970810890198,0.7599868,21.403303,0.7793226,9.442935,0.37788954,0.3779043356577555,0.7610062956809998,0.7825148701667786,3168.0
8,0.31924012303352356,0.4250624179840088,0.7218722,26.586887,0.5638367,56.152893,0.4470437,0.44690912961959844,0.7257384061813354,0.5643243193626404,2570.0
9,0.3292209804058075,0.42322003841400146,0.6666667,34.198112,0.5346465,58.275177,0.52454793,0.5244545638561248,0.6714628338813782,0.5363444089889526,1639.0
