,rmses,IR_rmses,rater0_sample_top_dice,rater0_sample_best_avd,rater1_sample_top_dice,rater1_sample_best_avd,GED_vol_sorted,GED_dice_sorted,rater0_best_dice_dsorted_ss7,rater1_best_dice_dsorted_ss7,mean_gt_vols
0,0.33538973331451416,0.39921852946281433,0.52325374,0.037907507,0.77720207,6.5106263,0.12640628,0.11772934737659624,0.5534034371376038,0.811119019985199,3177.5
1,0.2969593405723572,0.3770439922809601,0.7094462,3.0210054,0.81576926,5.0470333,0.10351254,0.09965134234655476,0.7409537434577942,0.8372359871864319,4882.5
2,0.33466798067092896,0.3463045358657837,0.37995824,2.9661016,0.63628393,2.6642983,0.06706209,0.0645878808129402,0.4345146417617798,0.6982055306434631,399.5
3,0.34080931544303894,0.3820571005344391,0.61076236,2.9565217,0.7444886,3.897945,0.13312082,0.12470828635351999,0.6583369374275208,0.7766854166984558,1280.5
4,0.3287014067173004,0.413594514131546,0.70108044,2.9568303,0.73277456,23.868864,0.19797654,0.18923364792551312,0.7477588653564453,0.7512304186820984,4299.0
5,0.344918429851532,0.4254280924797058,0.63614595,25.534529,0.7179394,5.9811125,0.20573369,0.20003695573125568,0.6622883677482605,0.7433466911315918,3464.0
6,0.3322816789150238,0.4098989963531494,0.4893204,2.2375214,0.64484125,1.6100179,0.12132642,0.09964410038221438,0.5518553853034973,0.7043314576148987,570.0
7,0.328398734331131,0.373092383146286,0.7629602,1.4605979,0.7786947,3.508255,0.1240639,0.11521702011426288,0.8035052418708801,0.8031041026115417,3168.0
8,0.3461371958255768,0.43269777297973633,0.63377273,25.543816,0.7257058,3.7981267,0.12427185,0.11674108533632177,0.6635722517967224,0.7847747206687927,2570.0
9,0.3091095983982086,0.4352037310600281,0.6078858,39.431705,0.7237636,4.481132,0.22161937,0.2166782177629924,0.6226896047592163,0.7615626454353333,1639.0
