,rmses,IR_rmses,rater0_sample_top_dice,rater0_sample_best_avd,rater1_sample_top_dice,rater1_sample_best_avd,GED_vol_sorted,GED_dice_sorted,rater0_best_dice_dsorted_ss3,rater1_best_dice_dsorted_ss3,mean_gt_vols
0,0.33635810017585754,0.3899771571159363,0.78013146,15.846112,0.523511,17.664898,0.38019755,0.38019655148188264,0.7808660268783569,0.5239171981811523,3177.5
1,0.31021422147750854,0.36929017305374146,0.82823306,8.809696,0.7058824,18.267641,0.29862884,0.2986283500989278,0.8294162154197693,0.7066450715065002,4882.5
2,0.33904626965522766,0.3480623662471771,0.56707895,11.900533,0.352459,106.779655,0.59051245,0.5904994557301203,0.5698005557060242,0.35537189245224,399.5
3,0.352645605802536,0.3789162337779999,0.69947135,25.513819,0.5732484,8.608696,0.53765494,0.5376562476158142,0.6994713544845581,0.5737704634666443,1280.5
4,0.31213492155075073,0.39445966482162476,0.66975117,46.68328,0.7006328,17.77055,0.47395402,0.47395366430282587,0.6701688766479492,0.7016574740409851,4299.0
5,0.3384440243244171,0.408889502286911,0.6992466,28.226652,0.58193105,49.56992,0.5279681,0.5279637177785238,0.7005304098129272,0.5821212530136108,3464.0
6,0.32510265707969666,0.39574140310287476,0.6199095,41.860466,0.42163354,44.061962,0.61964315,0.6196282307306925,0.6213151812553406,0.42256638407707214,570.0
7,0.3003200590610504,0.3409184515476227,0.78395265,20.695755,0.7769861,8.627717,0.36316934,0.3631705045700074,0.7847850918769836,0.7780938744544983,3168.0
8,0.33203572034835815,0.40287867188453674,0.71601295,23.569199,0.5653936,54.350533,0.48251736,0.48251108328501385,0.7166469693183899,0.5659410953521729,2570.0
9,0.3123646080493927,0.41896605491638184,0.67920977,32.468555,0.5591623,57.178467,0.5491043,0.5491028924783071,0.6792097687721252,0.5597484111785889,1639.0
