,rmses,IR_rmses,rater0_sample_top_dice,rater0_sample_best_avd,rater1_sample_top_dice,rater1_sample_best_avd,GED_vol_sorted,GED_dice_sorted,rater0_best_dice_dsorted_ss3,rater1_best_dice_dsorted_ss3,mean_gt_vols
0,0.3378898501396179,0.3975111246109009,0.7058459,26.499865,0.47858474,3.5633054,0.28162137,0.2808826168378194,0.7261146306991577,0.5061532258987427,3177.5
1,0.31565022468566895,0.379581481218338,0.77692306,21.273516,0.69600654,2.7141845,0.20074026,0.19985013206799826,0.785440981388092,0.7147015929222107,4882.5
2,0.3321229815483093,0.35427767038345337,0.5577236,15.808171,0.33239436,100.84746,0.16903894,0.16968559722105658,0.6274510025978088,0.36036035418510437,399.5
3,0.35868361592292786,0.4032747447490692,0.6328725,15.450035,0.50277424,3.7391305,0.33268273,0.32432789107163756,0.6819109916687012,0.5528380274772644,1280.5
4,0.33689847588539124,0.4077000916004181,0.64444166,45.302917,0.6726544,15.641633,0.31692556,0.31539732217788696,0.654339611530304,0.696204662322998,4299.0
5,0.36255666613578796,0.4313466250896454,0.6545909,32.0042,0.5451522,52.224136,0.3970323,0.39577128489812224,0.6639641523361206,0.5552560687065125,3464.0
6,0.31862565875053406,0.3988882005214691,0.5690608,5.724508,0.3736462,9.29432,0.22189787,0.2130869925022124,0.6578680276870728,0.4620320796966553,570.0
7,0.36589717864990234,0.3758922815322876,0.701396,26.82783,0.75746405,15.692934,0.28335688,0.28016414244969684,0.7156966328620911,0.7699867486953735,3168.0
8,0.3479642868041992,0.4132896363735199,0.67278796,13.007285,0.5464213,48.042263,0.25358853,0.2505894899368286,0.7206572890281677,0.5721518993377686,2570.0
9,0.3406207859516144,0.4071846902370453,0.65261227,28.45912,0.5486968,54.63609,0.29821557,0.2961905896663665,0.6731612086296082,0.5531325936317444,1639.0
