,rmses,IR_rmses,rater0_sample_top_dice,rater0_sample_best_avd,rater1_sample_top_dice,rater1_sample_best_avd,GED_vol_sorted,GED_dice_sorted,rater0_best_dice_dsorted_ss15,rater1_best_dice_dsorted_ss15,mean_gt_vols
0,0.3372386395931244,0.39462023973464966,0.52937037,1.7816527,0.78235126,2.12537,0.13430832,0.12822583913803093,0.5629603862762451,0.8138747811317444,3177.5
1,0.29972708225250244,0.37171268463134766,0.71536887,0.4248289,0.8190636,2.170767,0.10046807,0.09691639343897501,0.7435355186462402,0.8428758978843689,4882.5
2,0.35484379529953003,0.3541627526283264,0.35735735,5.0847454,0.64500403,2.3090587,0.09645615,0.08328295147844733,0.47095760703086853,0.7522281408309937,399.5
3,0.34191033244132996,0.37617620825767517,0.60153085,0.0,0.7608401,0.9922041,0.16722335,0.15687354888234828,0.6644379496574402,0.7988485097885132,1280.5
4,0.313824862241745,0.3963405191898346,0.70932925,1.0644588,0.74626863,0.9010736,0.16036847,0.14796595686957942,0.7575199604034424,0.7845244407653809,4299.0
5,0.3273036777973175,0.4091462790966034,0.67905855,16.220201,0.72034043,2.378454,0.20780136,0.20268889041174032,0.6985049843788147,0.7616279125213623,3464.0
6,0.30512335896492004,0.38484102487564087,0.4908759,0.5163511,0.6401591,4.472272,0.14978066,0.11410917462337589,0.5706421732902527,0.7217473983764648,570.0
7,0.3022221624851227,0.3538573384284973,0.77947044,0.54347825,0.7824307,0.029481132,0.12486639,0.1138652415502639,0.8074179887771606,0.8088033199310303,3168.0
8,0.321051687002182,0.41430291533470154,0.6743594,16.873835,0.7481255,2.0811656,0.13693339,0.1314084803774243,0.6948575377464294,0.7875066995620728,2570.0
9,0.28912216424942017,0.4131244421005249,0.6457317,5.9820538,0.71446645,0.1572327,0.17288265,0.15862890808355246,0.672977089881897,0.7649092674255371,1639.0
