,rmses,IR_rmses,rater0_sample_top_dice,rater0_sample_best_avd,rater1_sample_top_dice,rater1_sample_best_avd,GED_vol_sorted,GED_dice_sorted,rater0_best_dice_dsorted_ss15,rater1_best_dice_dsorted_ss15,mean_gt_vols
0,0.33363077044487,0.39977550506591797,0.79357296,2.4213076,0.5424231,1.1372252,0.16941798,0.16125146604719617,0.8092533349990845,0.5681326389312744,3177.5
1,0.30958932638168335,0.3813796639442444,0.8134176,1.4652677,0.71333575,1.6285107,0.16589549,0.15754725450561163,0.8441000580787659,0.7350078225135803,4882.5
2,0.3842426538467407,0.37586623430252075,0.626151,2.3090587,0.39349595,60.593216,0.26597103,0.26193836004961096,0.6569468379020691,0.43971630930900574,399.5
3,0.349806547164917,0.3887668550014496,0.7487104,2.4096384,0.5961123,1.3043478,0.25958946,0.24685203773634773,0.7790654301643372,0.6510416865348816,1280.5
4,0.304578572511673,0.4014745056629181,0.7509823,8.991564,0.71516687,0.50266117,0.22880456,0.21905424907093962,0.7703959941864014,0.742173969745636,4299.0
5,0.3252749443054199,0.41504162549972534,0.72180176,5.036726,0.6527652,10.248219,0.27948356,0.26333483031817845,0.7413485646247864,0.6718061566352844,3464.0
6,0.3229139447212219,0.3872927129268646,0.65035677,2.1466906,0.48220065,1.7211703,0.27312157,0.2397040523233867,0.7128157019615173,0.5806451439857483,570.0
7,0.3229963481426239,0.3551139235496521,0.772118,2.0636792,0.773631,4.347826,0.24599124,0.23357288326535908,0.7856268882751465,0.788151741027832,3168.0
8,0.3159046769142151,0.4157398045063019,0.7492861,4.890739,0.65411764,15.102549,0.20192353,0.18491755269822624,0.7816030383110046,0.6670145988464355,2570.0
9,0.292387992143631,0.4181104004383087,0.7311151,0.4716981,0.64792174,20.438684,0.24085256,0.22861659214610153,0.7781690359115601,0.6730196475982666,1639.0
