,rmses,IR_rmses,rater0_sample_top_dice,rater0_sample_best_avd,rater1_sample_top_dice,rater1_sample_best_avd,GED_vol_sorted,GED_dice_sorted,rater0_best_dice_dsorted_ss3,rater1_best_dice_dsorted_ss3,mean_gt_vols
0,0.340795636177063,0.3976607620716095,0.53612715,8.529188,0.7769092,21.038471,0.3656493,0.365626444419225,0.5383502244949341,0.7780292630195618,3177.5
1,0.3252488970756531,0.3802197575569153,0.70393014,16.1907,0.8198258,9.099132,0.3055552,0.3055522441864013,0.7061765789985657,0.8223069310188293,4882.5
2,0.4162912964820862,0.388014554977417,0.30136988,140.25424,0.65132743,0.7104796,0.5242486,0.5242285281419755,0.3044554591178894,0.6567164063453674,399.5
3,0.3877696096897125,0.39260876178741455,0.5643045,1.1304348,0.69650567,17.576187,0.5250324,0.5249373217423756,0.5679228901863098,0.7005472779273987,1280.5
4,0.3040692210197449,0.3916288912296295,0.72782505,3.9621525,0.71597356,37.73006,0.38026765,0.3802451888720194,0.7299513816833496,0.7171956300735474,4299.0
5,0.32893410325050354,0.4117584824562073,0.5959223,46.915703,0.71308184,24.449108,0.48443747,0.48440642158190417,0.5967508554458618,0.7156331539154053,3464.0
6,0.3199070990085602,0.4114643335342407,0.4828283,28.055079,0.65495867,25.223614,0.5073936,0.5073806544144948,0.4883485436439514,0.659772515296936,570.0
7,0.30884960293769836,0.34856176376342773,0.78977567,4.6535325,0.77560896,17.246462,0.35056922,0.3505374987920125,0.791535496711731,0.7772389054298401,3168.0
8,0.3102574944496155,0.4054590165615082,0.61324614,47.98011,0.73421276,12.903225,0.3969336,0.3969226777553558,0.6146281361579895,0.7382286787033081,2570.0
9,0.3032108247280121,0.41698023676872253,0.6081606,46.061813,0.6988686,14.937107,0.45045915,0.4504503806432089,0.6093446016311646,0.7055771946907043,1639.0
