,rmses,IR_rmses,rater0_sample_top_dice,rater0_sample_best_avd,rater1_sample_top_dice,rater1_sample_best_avd,GED_vol_sorted,GED_dice_sorted,rater0_best_dice_dsorted_ss3,rater1_best_dice_dsorted_ss3,mean_gt_vols
0,0.33363077044487,0.39977550506591797,0.77549195,1.4527845,0.5336876,0.26535255,0.18573955,0.18157411615053812,0.795513391494751,0.5514507293701172,3177.5
1,0.30958932638168335,0.3813796639442444,0.7963316,0.7778582,0.7054863,4.366297,0.14878553,0.14383578300476071,0.8226101994514465,0.7224475741386414,4882.5
2,0.3842426538467407,0.37586623430252075,0.5980198,17.22913,0.36896047,89.406784,0.19441754,0.19487370053927094,0.6320346593856812,0.39402174949645996,399.5
3,0.349806547164917,0.3887668550014496,0.7368421,3.4018426,0.5963061,2.2608695,0.252741,0.24811511238416045,0.7513307929039001,0.624567449092865,1280.5
4,0.304578572511673,0.4014745056629181,0.7277735,25.97776,0.7031949,8.426967,0.21583547,0.21299362182617193,0.736531674861908,0.721418559551239,4299.0
5,0.3252749443054199,0.41504162549972534,0.7301994,8.779293,0.6407069,35.90563,0.27876395,0.27597449223200476,0.7335200905799866,0.6410794854164124,3464.0
6,0.3229139447212219,0.3872927129268646,0.6073019,0.8944544,0.47510916,2.9259896,0.22272693,0.20170515775680542,0.6589716672897339,0.505859375,570.0
7,0.3229963481426239,0.3551139235496521,0.7350016,16.214622,0.7435188,3.4646738,0.27346256,0.2679367065429688,0.7439334988594055,0.7631237506866455,3168.0
8,0.3159046769142151,0.4157398045063019,0.74050075,0.6243496,0.625195,40.646366,0.1961117,0.1887370248635611,0.7576868534088135,0.6267299056053162,2570.0
9,0.292387992143631,0.4181104004383087,0.70080405,0.0,0.62416106,36.59023,0.24090314,0.23866537213325506,0.750653862953186,0.6413881778717041,1639.0
