,rmses,IR_rmses,rater0_sample_top_dice,rater0_sample_best_avd,rater1_sample_top_dice,rater1_sample_best_avd,GED_vol_sorted,GED_dice_sorted,rater0_best_dice_dsorted_ss25,rater1_best_dice_dsorted_ss25,mean_gt_vols
0,0.35743248462677,0.409683495759964,0.5129194,2.6535254,0.72845995,30.912027,0.46222848,0.4622273945808411,0.5152333378791809,0.7302851676940918,3177.5
1,0.3290058970451355,0.3970317244529724,0.69421685,0.87325937,0.7765214,24.023155,0.38984638,0.38984449863433834,0.6962311267852783,0.7780522704124451,4882.5
2,0.40100929141044617,0.39097651839256287,0.30769232,73.305084,0.5261003,25.577265,0.67308956,0.6730871284008026,0.30911901593208313,0.5281473994255066,399.5
3,0.39714694023132324,0.41013091802597046,0.4629049,33.217392,0.58601654,45.57052,0.76068324,0.7606830529371897,0.46509185433387756,0.5876383781433105,1280.5
4,0.34160906076431274,0.4169199466705322,0.6542373,25.42874,0.62289995,51.648773,0.5828613,0.5828599874178568,0.6559157967567444,0.6231415867805481,4299.0
5,0.4044807553291321,0.4471879005432129,0.4872753,61.9071,0.60285777,45.78524,0.7260971,0.7260951203107834,0.4878831207752228,0.6042282581329346,3464.0
6,0.3371703624725342,0.43419569730758667,0.34834123,54.044754,0.535109,52.236134,0.76217586,0.7621678761641185,0.34958383440971375,0.5370595455169678,570.0
7,0.36187246441841125,0.3940366208553314,0.69728094,31.114132,0.6846481,40.212265,0.59177923,0.5917754946152369,0.6995967626571655,0.6859992742538452,3168.0
8,0.36130291223526,0.44617217779159546,0.5181696,61.466747,0.6843938,35.48387,0.5707044,0.5707043214639028,0.5189844965934753,0.6861128807067871,2570.0
9,0.33173975348472595,0.4431267976760864,0.52903223,60.917248,0.6935798,38.36478,0.56331986,0.5633149836460748,0.5296016931533813,0.6945932507514954,1639.0
