,rmses,IR_rmses,rater0_sample_top_dice,rater0_sample_best_avd,rater1_sample_top_dice,rater1_sample_best_avd,GED_vol_sorted,GED_dice_sorted,rater0_best_dice_dsorted_ss7,rater1_best_dice_dsorted_ss7,mean_gt_vols
0,0.37552574276924133,0.4101215600967407,0.506784,1.4025776,0.743919,21.926285,0.4115423,0.41148333322434205,0.5144873857498169,0.747035562992096,3177.5
1,0.33193114399909973,0.38804513216018677,0.70158285,0.4484305,0.7904371,19.157019,0.33381557,0.333709804784684,0.708093523979187,0.793586790561676,4882.5
2,0.40096619725227356,0.3824070692062378,0.35138705,97.0339,0.66,0.7104796,0.44199145,0.44185055863289596,0.3645970821380615,0.6684931516647339,399.5
3,0.37275272607803345,0.39309442043304443,0.585702,0.26086956,0.72473866,16.938343,0.45648855,0.4563040974594298,0.5947368144989014,0.727629542350769,1280.5
4,0.3097555935382843,0.41061264276504517,0.70680296,11.85689,0.68659264,42.848927,0.42850694,0.4284305231911796,0.7138253450393677,0.687721848487854,4299.0
5,0.3350307047367096,0.41616714000701904,0.58313173,47.603832,0.7156882,25.42847,0.48065105,0.48053226158732465,0.5854922533035278,0.7213248610496521,3464.0
6,0.34250524640083313,0.4292033910751343,0.3846154,47.848537,0.53828305,45.796062,0.6774274,0.6775218553486324,0.3915592133998871,0.5420560836791992,570.0
7,0.32485321164131165,0.3706970810890198,0.77603984,8.899456,0.75930196,20.931604,0.37326965,0.3731197487740289,0.7816546559333801,0.7622203826904297,3168.0
8,0.31924012303352356,0.4250624179840088,0.5642241,55.811066,0.7209443,26.01457,0.44894135,0.44882591423534207,0.5660540461540222,0.7265034914016724,2570.0
9,0.3292209804058075,0.42322003841400146,0.5518441,56.729813,0.6691589,31.761005,0.52606857,0.5260372757911681,0.5526132583618164,0.6762314438819885,1639.0
