,rmses,IR_rmses,rater0_sample_top_dice,rater0_sample_best_avd,rater1_sample_top_dice,rater1_sample_best_avd,GED_vol_sorted,GED_dice_sorted,rater0_best_dice_dsorted_ss20,rater1_best_dice_dsorted_ss20,mean_gt_vols
0,0.33420178294181824,0.3972427546977997,0.5332618,1.4025776,0.79188246,2.6096315,0.13073568,0.12359295950124133,0.5685172080993652,0.8140380382537842,3177.5
1,0.29974251985549927,0.3756134510040283,0.7100389,0.5428369,0.820387,0.8863965,0.10571118,0.1007683428494554,0.75458824634552,0.8537818193435669,4882.5
2,0.34040725231170654,0.3475561738014221,0.37974682,0.84745765,0.6594259,1.0657194,0.05226846,0.041534999640364445,0.511883020401001,0.7497893571853638,399.5
3,0.34455612301826477,0.3816736936569214,0.594573,1.9130435,0.75918657,1.3465627,0.16271725,0.1570356968202088,0.6688879728317261,0.7972533702850342,1280.5
4,0.31864506006240845,0.4069594740867615,0.7065536,1.5966883,0.74997646,3.4317486,0.1808478,0.16855806002491397,0.7662534117698669,0.797373354434967,4299.0
5,0.3434194028377533,0.42139679193496704,0.66782194,15.630377,0.7341582,0.48968172,0.2061743,0.2010072869297705,0.6902158856391907,0.7731689214706421,3464.0
6,0.32543402910232544,0.41148680448532104,0.47071353,3.786575,0.6652452,1.9677997,0.18318932,0.1575073654714383,0.5552560687065125,0.7208619117736816,570.0
7,0.3176043927669525,0.3684350550174713,0.78749573,1.1548913,0.7873691,4.3632073,0.15739591,0.14587028316761325,0.8146468997001648,0.824999988079071,3168.0
8,0.33393096923828125,0.4253884553909302,0.6523921,14.232442,0.7408257,0.1560874,0.15156282,0.14333028291401112,0.6876436471939087,0.7863430380821228,2570.0
9,0.3148795962333679,0.43273165822029114,0.6242003,20.787638,0.72328246,2.672956,0.22125176,0.2116798762035998,0.6586175560951233,0.7730061411857605,1639.0
