,rmses,IR_rmses,rater0_sample_top_dice,rater0_sample_best_avd,rater1_sample_top_dice,rater1_sample_best_avd,GED_vol_sorted,GED_dice_sorted,rater0_best_dice_dsorted_ss25,rater1_best_dice_dsorted_ss25,mean_gt_vols
0,0.3574718236923218,0.4054044187068939,0.52646464,0.037907507,0.7462869,24.293785,0.391865,0.39134029567241657,0.5409054756164551,0.7491122484207153,3177.5
1,0.3211180865764618,0.38782837986946106,0.70732003,0.33042246,0.80328846,17.366137,0.29781288,0.2973500289519627,0.722162663936615,0.8076691627502441,4882.5
2,0.368241548538208,0.39495959877967834,0.3073593,0.84745765,0.5167568,35.7016,0.5409518,0.5397675907611847,0.35930734872817993,0.5479768514633179,399.5
3,0.3792518675327301,0.40587204694747925,0.5452706,16.869566,0.6573722,32.246635,0.5449822,0.5443131780624391,0.5817626118659973,0.6623766422271729,1280.5
4,0.3120063245296478,0.41030576825141907,0.7118644,10.585453,0.692233,42.02454,0.41727573,0.4170043494304021,0.7257986068725586,0.693827748298645,4299.0
5,0.3558086156845093,0.43579748272895813,0.550812,53.207176,0.66848624,33.40329,0.56364864,0.5632233436902363,0.5531986355781555,0.670192539691925,3464.0
6,0.3458203673362732,0.4048554003238678,0.46916077,29.776249,0.62931037,27.012522,0.48160106,0.48136311213175453,0.49306297302246094,0.6404371857643127,570.0
7,0.3354845643043518,0.38926032185554504,0.7290549,16.338316,0.7282664,27.38797,0.46423256,0.463231697678566,0.7377554774284363,0.7318665981292725,3168.0
8,0.3494550585746765,0.4339022636413574,0.52562416,58.11063,0.67863774,29.864725,0.53423995,0.5341496966282527,0.5274725556373596,0.6913657784461975,2570.0
9,0.3288029730319977,0.4327647089958191,0.5517483,57.427715,0.7055503,32.861633,0.5143519,0.5142285611232122,0.5518207550048828,0.712302565574646,1639.0
