,rmses,IR_rmses,rater0_sample_top_dice,rater0_sample_best_avd,rater1_sample_top_dice,rater1_sample_best_avd,GED_vol_sorted,GED_dice_sorted,rater0_best_dice_dsorted_ss25,rater1_best_dice_dsorted_ss25,mean_gt_vols
0,0.3459763824939728,0.3905329406261444,0.5373299,0.30326006,0.7666435,1.614205,0.22318265,0.21559994180997202,0.56504887342453,0.783199667930603,3177.5
1,0.3119882345199585,0.3734773099422455,0.71536887,0.04720321,0.7999623,1.7185239,0.20188405,0.19620779275894165,0.7384089827537537,0.8260869383811951,4882.5
2,0.3549536168575287,0.37207087874412537,0.3320158,5.9322033,0.6330366,1.4209592,0.2745904,0.26459362472097087,0.42181816697120667,0.6789883375167847,399.5
3,0.33481940627098083,0.3703557252883911,0.6110351,0.6956522,0.74557525,0.92133236,0.25665095,0.2486712269981703,0.6605981588363647,0.774444043636322,1280.5
4,0.33465147018432617,0.40445268154144287,0.7028653,0.08870491,0.74781495,20.130367,0.32001168,0.30983121514320383,0.7488815784454346,0.7625529766082764,4299.0
5,0.34792765974998474,0.4160586893558502,0.6533964,23.445564,0.7178338,0.06995453,0.3237336,0.3201756090919176,0.6622838377952576,0.744886577129364,3464.0
6,0.3272393047809601,0.4020934998989105,0.44295302,1.0327022,0.6170421,2.1466906,0.31351608,0.2916728033622106,0.49142858386039734,0.6646706461906433,570.0
7,0.35678139328956604,0.37340080738067627,0.7623521,1.6983695,0.7605634,3.2429245,0.3072551,0.29560899416605635,0.792689323425293,0.7808510661125183,3168.0
8,0.3395693600177765,0.4246746897697449,0.6491014,21.908018,0.71757376,3.3818939,0.30510145,0.3004146001736323,0.6604617834091187,0.7485215663909912,2570.0
9,0.30675968527793884,0.42281559109687805,0.6433646,24.576271,0.7107369,1.0220126,0.30475983,0.29910517652829494,0.6575829386711121,0.746631920337677,1639.0
