,rmses,IR_rmses,rater0_sample_top_dice,rater0_sample_best_avd,rater1_sample_top_dice,rater1_sample_best_avd,GED_vol_sorted,GED_dice_sorted,rater0_best_dice_dsorted_ss20,rater1_best_dice_dsorted_ss20,mean_gt_vols
0,0.33538973331451416,0.39921852946281433,0.78195274,0.1614205,0.5265734,0.68233514,0.13684753,0.12729926815158438,0.8190962076187134,0.5690315365791321,3177.5
1,0.2969593405723572,0.3770439922809601,0.8250094,0.30752534,0.72038835,0.5900401,0.102351874,0.0989539987946812,0.8521820902824402,0.7547438144683838,4882.5
2,0.33466798067092896,0.3463045358657837,0.64748204,2.4866786,0.3938224,19.491526,0.06806409,0.06449131595068847,0.7375527620315552,0.49050086736679077,399.5
3,0.34080931544303894,0.3820571005344391,0.750838,1.0630759,0.6009427,1.0434783,0.15484256,0.14575345218181612,0.8085735440254211,0.6841171383857727,1280.5
4,0.3287014067173004,0.413594514131546,0.76626706,12.902607,0.7108363,0.8279125,0.19529016,0.19103619875876532,0.787344753742218,0.7701637148857117,4299.0
5,0.344918429851532,0.4254280924797058,0.72871697,2.5533404,0.65962565,16.171051,0.22290534,0.21270197535816,0.7650232315063477,0.6797422766685486,3464.0
6,0.3322816789150238,0.4098989963531494,0.682,0.53667265,0.48818898,3.2702236,0.17639902,0.1462675344395009,0.7267497777938843,0.5688976645469666,570.0
7,0.328398734331131,0.373092383146286,0.7963571,2.5353775,0.7817746,1.6983695,0.1523211,0.141665428484741,0.8108869194984436,0.8143025636672974,3168.0
8,0.3461371958255768,0.43269777297973633,0.7469459,0.93652445,0.6432616,7.9241767,0.15682851,0.13842914120147098,0.802754819393158,0.6812112331390381,2570.0
9,0.3091095983982086,0.4352037310600281,0.7277752,8.097484,0.6240757,31.455633,0.24170558,0.23144035849132039,0.7724260091781616,0.6421508193016052,1639.0
