,rater0_sample_top_dice,rater0_sample_best_avd,rater1_sample_top_dice,rater1_sample_best_avd,GED_vol_sorted,GED_dice_sorted,rater0_best_dice_dsorted_ss25,rater1_best_dice_dsorted_ss25
0,0.76577073,0.3497444,0.53619015,0.79605764,0.22302686,0.21451557099819182,0.7845860719680786,0.5599120259284973
1,0.79844964,0.54269177,0.7132798,0.16521123,0.1971228,0.1922902748982111,0.8253673315048218,0.74119633436203
2,0.6296651,2.1314387,0.33648393,6.779661,0.26027963,0.2531632253527641,0.6769527196884155,0.4246824085712433
3,0.7461065,1.1339475,0.61123204,0.26086956,0.2697174,0.26365229050318406,0.7730796337127686,0.6537132859230042
4,0.73561776,17.04371,0.7030622,0.8279125,0.3161985,0.30868950774272286,0.7620846629142761,0.7450980544090271
5,0.71820354,3.7425675,0.63619745,25.239616,0.34631538,0.33866686979929606,0.7383314967155457,0.6484732031822205
6,0.62801933,0.7155635,0.44465467,3.0981069,0.33757615,0.31520422965288164,0.6660118103027344,0.49954915046691895
7,0.7577584,2.3879716,0.761415,0.5774456,0.3051254,0.29612666338682175,0.7749577164649963,0.7878158688545227
8,0.7160763,0.83246624,0.63602215,26.258547,0.32102942,0.30855563382307694,0.7441604733467102,0.6500183343887329
9,0.7105478,0.23584905,0.6397229,27.318045,0.2930742,0.28268387297789266,0.7422319650650024,0.6583206057548523
