,rmses,IR_rmses,rater0_sample_top_dice,rater0_sample_best_avd,rater1_sample_top_dice,rater1_sample_best_avd,GED_vol_sorted,GED_dice_sorted,rater0_best_dice_dsorted_ss20,rater1_best_dice_dsorted_ss20,mean_gt_vols
0,0.3459763824939728,0.3905329406261444,0.5362685,0.6444276,0.76655895,0.1614205,0.22455974,0.2176209132138052,0.5591282844543457,0.7826794981956482,3177.5
1,0.3119882345199585,0.3734773099422455,0.71656126,0.9204626,0.8015717,1.121563,0.20114523,0.19608769432494516,0.7357437610626221,0.8247538805007935,4882.5
2,0.3549536168575287,0.37207087874412537,0.32921812,5.9322033,0.630597,0.1776199,0.27254742,0.2617861176595876,0.4202898442745209,0.6792097687721252,399.5
3,0.33481940627098083,0.3703557252883911,0.60958034,1.2173914,0.74705017,0.07087172,0.25594857,0.24840387505920306,0.6597222089767456,0.7733238935470581,1280.5
4,0.33465147018432617,0.40445268154144287,0.7030981,2.720284,0.7483954,20.782207,0.32479364,0.31496396425523254,0.7483581900596619,0.7608914971351624,4299.0
5,0.34792765974998474,0.4160586893558502,0.64753866,25.26419,0.7186212,3.2179084,0.32200202,0.31852660790870063,0.6593469977378845,0.7440907955169678,3464.0
6,0.3272393047809601,0.4020934998989105,0.44362292,3.958692,0.6166166,2.1466906,0.30871785,0.28782162025178726,0.4914610981941223,0.6598984599113464,570.0
7,0.35678139328956604,0.37340080738067627,0.76175326,0.13586956,0.7569757,3.4787736,0.2980526,0.28612376514234045,0.7905124425888062,0.7748264670372009,3168.0
8,0.3395693600177765,0.4246746897697449,0.6376504,24.362959,0.71706265,3.2778356,0.3035389,0.2994536017901019,0.6495293378829956,0.7469606995582581,2570.0
9,0.30675968527793884,0.42281559109687805,0.64234823,25.074778,0.7104247,2.3584907,0.30046067,0.2945959127263019,0.6561757922172546,0.7456027269363403,1639.0
