,rmses,IR_rmses,rater0_sample_top_dice,rater0_sample_best_avd,rater1_sample_top_dice,rater1_sample_best_avd,GED_vol_sorted,GED_dice_sorted,rater0_best_dice_dsorted_ss25,rater1_best_dice_dsorted_ss25,mean_gt_vols
0,0.33538973331451416,0.39921852946281433,0.53467935,0.5686126,0.79196185,1.3989776,0.12989876,0.11864926666021341,0.5678210854530334,0.8283225893974304,3177.5
1,0.2969593405723572,0.3770439922809601,0.7183401,0.70804816,0.82305074,1.2301013,0.10747015,0.10151241997877752,0.7582352161407471,0.8568203449249268,4882.5
2,0.33466798067092896,0.3463045358657837,0.3700565,1.6949153,0.6465364,0.0,0.075088754,0.06517529532313349,0.47376787662506104,0.7451327443122864,399.5
3,0.34080931544303894,0.3820571005344391,0.60626876,0.17391305,0.75786394,2.1970234,0.15784734,0.14451709200938534,0.6792939901351929,0.8135964870452881,1280.5
4,0.3287014067173004,0.413594514131546,0.707934,2.8089888,0.7568778,5.233896,0.20433244,0.19206064502398168,0.7577311396598816,0.7838174104690552,4299.0
5,0.344918429851532,0.4254280924797058,0.65002,15.949864,0.729304,1.5389997,0.22450179,0.21732126216093695,0.6753358244895935,0.7704917788505554,3464.0
6,0.3322816789150238,0.4098989963531494,0.50912106,0.68846816,0.6645702,3.2200358,0.16688064,0.13921437467137976,0.577903687953949,0.7313432693481445,570.0
7,0.328398734331131,0.373092383146286,0.7763785,0.4076087,0.7820456,0.32429245,0.17309973,0.15905044188102085,0.816248893737793,0.8175865411758423,3168.0
8,0.3461371958255768,0.43269777297973633,0.65594506,4.008701,0.7592539,1.144641,0.16981417,0.1586243609587351,0.6906681060791016,0.7936772108078003,2570.0
9,0.3091095983982086,0.4352037310600281,0.6212741,29.411766,0.7375566,2.279874,0.2386343,0.2321231230099996,0.6539055109024048,0.7846975326538086,1639.0
