,rmses,IR_rmses,rater0_sample_top_dice,rater0_sample_best_avd,rater1_sample_top_dice,rater1_sample_best_avd,GED_vol_sorted,GED_dice_sorted,rater0_best_dice_dsorted_ss3,rater1_best_dice_dsorted_ss3,mean_gt_vols
0,0.3586542010307312,0.4033588171005249,0.5207776,7.922669,0.7636853,20.123756,0.388723,0.3887173334757486,0.525004506111145,0.7654913663864136,3177.5
1,0.32003453373908997,0.3886003792285919,0.7056876,0.40122727,0.79049367,22.648336,0.3412381,0.34121431907018024,0.7082394957542419,0.7917007207870483,4882.5
2,0.40014877915382385,0.3772362470626831,0.29890645,148.7288,0.6340206,4.2628775,0.5500249,0.5500089327494304,0.3009708821773529,0.6373815536499023,399.5
3,0.3677537143230438,0.3994027078151703,0.5308235,15.217391,0.6722548,30.90007,0.5983499,0.5983009139696757,0.5330812931060791,0.6742424368858337,1280.5
4,0.3106386661529541,0.40687474608421326,0.7101752,16.055588,0.6723774,45.57132,0.45588338,0.45586341619491577,0.711820662021637,0.6727927327156067,4299.0
5,0.363614946603775,0.4305112957954407,0.5318036,54.337673,0.6737333,35.01224,0.5965981,0.5965912242730459,0.5321627259254456,0.6747294664382935,3464.0
6,0.3654363453388214,0.42451950907707214,0.38232043,41.30809,0.5762332,38.99821,0.6686787,0.6686110099156698,0.38410595059394836,0.5797752737998962,570.0
7,0.34171563386917114,0.374380499124527,0.72812444,18.716032,0.71944684,29.45165,0.49835846,0.4983498454093933,0.7297348380088806,0.720180332660675,3168.0
8,0.35984283685684204,0.43658581376075745,0.5091887,61.34245,0.68035376,35.275753,0.5706138,0.5706037382284801,0.5093028545379639,0.6814579963684082,2570.0
9,0.3278537094593048,0.43283945322036743,0.5469671,56.181454,0.6954905,30.896225,0.52604216,0.526030033826828,0.5482304096221924,0.6980867981910706,1639.0
