,rmses,IR_rmses,rater0_sample_top_dice,rater0_sample_best_avd,rater1_sample_top_dice,rater1_sample_best_avd,GED_vol_sorted,GED_dice_sorted,rater0_best_dice_dsorted_ss20,rater1_best_dice_dsorted_ss20,mean_gt_vols
0,0.33538973331451416,0.39921852946281433,0.53023756,1.2509477,0.79465055,2.4751143,0.12939386,0.11841211660127898,0.5642498135566711,0.8273941874504089,3177.5
1,0.2969593405723572,0.3770439922809601,0.71905607,0.023601605,0.8232275,2.243126,0.106051065,0.10056230653273429,0.7527551651000977,0.8556420803070068,4882.5
2,0.33466798067092896,0.3463045358657837,0.3483871,2.9661016,0.637751,0.3552398,0.07417664,0.06329802598216039,0.466988742351532,0.7326202988624573,399.5
3,0.34080931544303894,0.3820571005344391,0.61266446,1.1304348,0.76940215,0.77958894,0.15324818,0.14062745610350058,0.6687036156654358,0.8119099736213684,1280.5
4,0.3287014067173004,0.413594514131546,0.71029806,0.56179774,0.75841904,6.7101226,0.19540216,0.18247131564115227,0.7569326162338257,0.7831950187683105,4299.0
5,0.344918429851532,0.4254280924797058,0.6384356,17.768494,0.7324876,2.8331585,0.22505136,0.2180629494943117,0.6736479997634888,0.7692879438400269,3464.0
6,0.3322816789150238,0.4098989963531494,0.50427353,1.3769363,0.6707317,2.5044723,0.15960523,0.13057302899266532,0.577903687953949,0.7271062135696411,570.0
7,0.328398734331131,0.373092383146286,0.782345,1.6304348,0.7830493,3.8620281,0.16467544,0.1502516830438062,0.8159806132316589,0.8164099454879761,3168.0
8,0.3461371958255768,0.43269777297973633,0.6435481,6.774394,0.7532393,2.5494277,0.1588635,0.1467353111819218,0.6893221139907837,0.792682945728302,2570.0
9,0.3091095983982086,0.4352037310600281,0.62911355,31.854435,0.7377655,4.8742137,0.2289821,0.2238726642178861,0.6530738472938538,0.7809862494468689,1639.0
