,rmses,IR_rmses,rater0_sample_top_dice,rater0_sample_best_avd,rater1_sample_top_dice,rater1_sample_best_avd,GED_vol_sorted,GED_dice_sorted,rater0_best_dice_dsorted_ss25,rater1_best_dice_dsorted_ss25,mean_gt_vols
0,0.3464130759239197,0.4026525616645813,0.52983296,0.45489007,0.78810614,6.37611,0.27074242,0.2668203920125962,0.5592130422592163,0.8010284304618835,3177.5
1,0.30198216438293457,0.3813181221485138,0.7257039,0.25961766,0.8247777,1.6642547,0.19351286,0.19014614919821418,0.752136766910553,0.8389261960983276,4882.5
2,0.3428848385810852,0.36124953627586365,0.39583334,3.3898306,0.61870503,1.598579,0.25108054,0.23467507561047873,0.46830984950065613,0.6737967729568481,399.5
3,0.3879440128803253,0.3938189446926117,0.57575756,0.3478261,0.7250177,0.0,0.37198842,0.3676099532842636,0.6210705041885376,0.7565813064575195,1280.5
4,0.32885053753852844,0.42828863859176636,0.7061027,5.677114,0.70687604,38.842026,0.40283117,0.3986302208900453,0.7311020493507385,0.7084932923316956,4299.0
5,0.35950198769569397,0.4368332326412201,0.6131494,32.538708,0.6987678,3.9874082,0.42384186,0.4207259229818979,0.6218335628509521,0.7188339233398438,3464.0
6,0.3521445393562317,0.422097384929657,0.41910332,23.407917,0.59275055,20.393559,0.4841107,0.478902184665203,0.45633187890052795,0.6200873255729675,570.0
7,0.3385361135005951,0.4026400148868561,0.7245908,3.8043478,0.7342545,16.509434,0.41813025,0.4124285181363424,0.7577570080757141,0.7549757361412048,3168.0
8,0.3669354021549225,0.4481103718280792,0.5875124,43.22561,0.7387592,4.942768,0.3818152,0.37831916232903795,0.6054186224937439,0.7676709294319153,2570.0
9,0.3322924077510834,0.4509682357311249,0.5880768,49.700897,0.6891635,20.6761,0.4242944,0.42240836878617605,0.5971053242683411,0.7261390686035156,1639.0
