,rmses,IR_rmses,rater0_sample_top_dice,rater0_sample_best_avd,rater1_sample_top_dice,rater1_sample_best_avd,GED_vol_sorted,GED_dice_sorted,rater0_best_dice_dsorted_ss20,rater1_best_dice_dsorted_ss20,mean_gt_vols
0,0.340795636177063,0.3976607620716095,0.53929687,5.9514785,0.7789222,19.774012,0.36128092,0.3612419330760052,0.5417574644088745,0.7826347947120667,3177.5
1,0.3252488970756531,0.3802197575569153,0.7055451,14.090158,0.8218093,8.230824,0.30478147,0.30475911827463853,0.7098819613456726,0.824748158454895,4882.5
2,0.4162912964820862,0.388014554977417,0.30517024,136.01695,0.6535714,0.7104796,0.53504467,0.5350377538486532,0.308270663022995,0.6643295288085938,399.5
3,0.3877696096897125,0.39260876178741455,0.56536794,0.0,0.6993388,15.946138,0.52631265,0.5262346287306986,0.5735551714897156,0.7059282660484314,1280.5
4,0.3040692210197449,0.3916288912296295,0.7287487,2.8089888,0.71856993,36.98236,0.3787057,0.37867229659306373,0.7347931861877441,0.7209439277648926,4299.0
5,0.32893410325050354,0.4117584824562073,0.5994255,46.00639,0.71428573,23.15495,0.4831702,0.4831326374097874,0.6015399694442749,0.7210938930511475,3464.0
6,0.3199070990085602,0.4114643335342407,0.48697394,26.506025,0.66049385,23.613596,0.49772435,0.4976451433802905,0.4953751266002655,0.6701461672782898,570.0
7,0.30884960293769836,0.34856176376342773,0.79124695,3.9741848,0.7773123,16.65684,0.34999612,0.34997209420329645,0.7940350770950317,0.7803140878677368,3168.0
8,0.3102574944496155,0.4054590165615082,0.61913466,47.01678,0.73678386,11.290322,0.3999208,0.39986334388193334,0.6217595338821411,0.7441340684890747,2570.0
9,0.3032108247280121,0.41698023676872253,0.6126126,44.61615,0.70242214,12.657232,0.45414227,0.4540958421010721,0.6155340075492859,0.7091460824012756,1639.0
