,rmses,IR_rmses,rater0_sample_top_dice,rater0_sample_best_avd,rater1_sample_top_dice,rater1_sample_best_avd,GED_vol_sorted,GED_dice_sorted,rater0_best_dice_dsorted_ss25,rater1_best_dice_dsorted_ss25,mean_gt_vols
0,0.3372386395931244,0.39462023973464966,0.53069717,0.37907505,0.7832638,0.026903417,0.13658719,0.13042587409416823,0.5687806606292725,0.8191184997558594,3177.5
1,0.29972708225250244,0.37171268463134766,0.7201524,0.63724333,0.8240828,0.7054993,0.102682665,0.09910317202409102,0.7463605403900146,0.8479689359664917,4882.5
2,0.35484379529953003,0.3541627526283264,0.39908257,15.254237,0.6612171,0.7104796,0.10226232,0.09072875862320273,0.4906249940395355,0.7515472769737244,399.5
3,0.34191033244132996,0.37617620825767517,0.6066145,0.17391305,0.7648925,1.0630759,0.16747876,0.1574133320649464,0.6703250408172607,0.8007117509841919,1280.5
4,0.313824862241745,0.3963405191898346,0.7152034,0.70963925,0.75449103,7.707055,0.15852353,0.14391069899002717,0.7672860026359558,0.7970660328865051,4299.0
5,0.3273036777973175,0.4091462790966034,0.6767716,10.297371,0.73228484,2.0636587,0.19911227,0.19343816369771966,0.7021850347518921,0.760725200176239,3464.0
6,0.30512335896492004,0.38484102487564087,0.49602824,0.68846816,0.65356773,1.2522361,0.15612383,0.11626644859711333,0.5852782726287842,0.7271045446395874,570.0
7,0.3022221624851227,0.3538573384284973,0.7859495,0.95108694,0.7807229,2.0636792,0.13113745,0.12014312843481695,0.8170167207717896,0.8175830841064453,3168.0
8,0.321051687002182,0.41430291533470154,0.6821323,11.124923,0.7557503,1.9771072,0.13746567,0.13166314840316778,0.7086034417152405,0.7902751564979553,2570.0
9,0.28912216424942017,0.4131244421005249,0.65009207,0.7976072,0.72206575,1.5723271,0.16462654,0.15188637991746273,0.6862919926643372,0.7799490094184875,1639.0
