,rmses,IR_rmses,rater0_sample_top_dice,rater0_sample_best_avd,rater1_sample_top_dice,rater1_sample_best_avd,GED_vol_sorted,GED_dice_sorted,rater0_best_dice_dsorted_ss5,rater1_best_dice_dsorted_ss5,mean_gt_vols
0,0.3529653549194336,0.4053090214729309,0.5253816,12.8127365,0.7767019,19.343557,0.3858111,0.3858093619346618,0.5267460346221924,0.7776452898979187,3177.5
1,0.30237051844596863,0.3831969201564789,0.7229793,0.896861,0.8047145,21.960926,0.3146481,0.31464633345603943,0.7242228984832764,0.8058212995529175,4882.5
2,0.3845650851726532,0.3701036274433136,0.31905782,195.76271,0.6430818,23.978687,0.5400193,0.5400173425674439,0.3205128312110901,0.6471980810165405,399.5
3,0.3565276265144348,0.3859277367591858,0.5827465,1.4782609,0.717726,19.70234,0.50208336,0.5020690023899079,0.5850220322608948,0.7198106050491333,1280.5
4,0.3354594111442566,0.42314639687538147,0.6867159,27.942047,0.61622894,53.278374,0.55062467,0.5506213784217834,0.6875538229942322,0.6164705753326416,4299.0
5,0.36131027340888977,0.43271350860595703,0.5311598,55.271564,0.66766405,36.341377,0.6140818,0.6140776276588441,0.5319510698318481,0.6690940260887146,3464.0
6,0.30942612886428833,0.4099670946598053,0.445629,38.037865,0.6376496,35.599285,0.58182216,0.5818361759185791,0.4456290006637573,0.6390403509140015,570.0
7,0.33772334456443787,0.37877899408340454,0.7277467,17.59511,0.735648,28.478775,0.49250036,0.49249700307846067,0.7291044592857361,0.7369145750999451,3168.0
8,0.3195461332798004,0.4306408166885376,0.5475467,56.86762,0.7407855,27.783558,0.47282147,0.47281900048255915,0.5480226278305054,0.7423554062843323,2570.0
9,0.3164251148700714,0.4276277720928192,0.5560254,58.474575,0.68726236,34.51258,0.5439294,0.5439292728900909,0.5560253858566284,0.6879162788391113,1639.0
