,rmses,IR_rmses,rater0_sample_top_dice,rater0_sample_best_avd,rater1_sample_top_dice,rater1_sample_best_avd,GED_vol_sorted,GED_dice_sorted,rater0_best_dice_dsorted_ss20,rater1_best_dice_dsorted_ss20,mean_gt_vols
0,0.36983317136764526,0.40798184275627136,0.5106642,13.38135,0.7020993,38.525692,0.3497732,0.34829173691962895,0.5257217288017273,0.709469735622406,3177.5
1,0.3768140375614166,0.4010070860385895,0.6908642,8.827,0.7498669,30.119392,0.32417268,0.32229255955470243,0.7228033542633057,0.7595698833465576,4882.5
2,0.33918851613998413,0.3782542943954468,0.35964912,3.3898306,0.59489053,5.3285966,0.20177925,0.19571295469803252,0.49673202633857727,0.6518518328666687,399.5
3,0.4047084152698517,0.4099849760532379,0.50321305,24.086956,0.63660246,38.128986,0.4867192,0.48612841859852,0.5526601672172546,0.6461126208305359,1280.5
4,0.4705969989299774,0.45529237389564514,0.6135283,38.261383,0.55284774,59.969322,0.58237976,0.5817798262167917,0.6276635527610779,0.5548847317695618,4299.0
5,0.4528323709964752,0.46018603444099426,0.48459885,62.767265,0.6204847,47.009445,0.5424649,0.5421613229144561,0.4964921772480011,0.6304849982261658,3464.0
6,0.3591378927230835,0.44207650423049927,0.4143167,41.30809,0.5888889,38.99821,0.5105841,0.5040214948944356,0.4571428596973419,0.6266195774078369,570.0
7,0.5039761066436768,0.44740280508995056,0.56717104,51.834236,0.53388774,58.19575,0.71190447,0.7107542360299512,0.572892427444458,0.5462202429771423,3168.0
8,0.4918416440486908,0.46695953607559204,0.42461833,69.73276,0.605663,49.32362,0.5823006,0.5812137331813574,0.43261390924453735,0.6212647557258606,2570.0
9,0.4681372344493866,0.47073787450790405,0.4763663,65.00499,0.662614,44.81132,0.54673135,0.5454577310304892,0.48098433017730713,0.6745501160621643,1639.0
