,rmses,IR_rmses,rater0_sample_top_dice,rater0_sample_best_avd,rater1_sample_top_dice,rater1_sample_best_avd,GED_vol_sorted,GED_dice_sorted,rater0_best_dice_dsorted_ss15,rater1_best_dice_dsorted_ss15,mean_gt_vols
0,0.39886781573295593,0.4144574999809265,0.5057394,24.564064,0.753478,3.2015066,0.41506585,0.41500012902986444,0.5121910572052002,0.7587164640426636,3177.5
1,0.32937464118003845,0.3892466127872467,0.71055645,6.1364174,0.81067586,11.577424,0.31155884,0.31154354015986124,0.7144620418548584,0.813405454158783,4882.5
2,0.43622735142707825,0.39401471614837646,0.25570777,171.18643,0.5802161,13.676731,0.62283236,0.6227264319147383,0.2688888907432556,0.5889864563941956,399.5
3,0.3919297456741333,0.40005379915237427,0.5674769,2.0869565,0.71503365,10.489015,0.50941926,0.5093590554736909,0.5767285227775574,0.7206048965454102,1280.5
4,0.3169652223587036,0.3930349051952362,0.72331417,0.17740981,0.71975183,33.148006,0.3848131,0.3847189721607026,0.7295485138893127,0.7213265895843506,4299.0
5,0.3460177481174469,0.4194917380809784,0.60316455,44.67928,0.70215267,21.266178,0.49204516,0.4919541574659802,0.6060220003128052,0.7058358192443848,3464.0
6,0.37161019444465637,0.4011143743991852,0.46197182,0.5163511,0.6155321,0.17889087,0.56546193,0.5653384489672525,0.46796658635139465,0.6262814402580261,570.0
7,0.3382878601551056,0.3627481460571289,0.76822525,2.6834238,0.76902294,3.1839623,0.38547954,0.38543791146505446,0.7705570459365845,0.7734588384628296,3168.0
8,0.32261180877685547,0.4048193395137787,0.6228856,43.84711,0.7251274,5.9833508,0.40628767,0.40624148703756785,0.624900221824646,0.7327539324760437,2570.0
9,0.29349467158317566,0.4057648777961731,0.6466308,42.422733,0.71303624,9.198113,0.408097,0.40804787987754454,0.6473583579063416,0.7213804721832275,1639.0
