,rmses,IR_rmses,rater0_sample_top_dice,rater0_sample_best_avd,rater1_sample_top_dice,rater1_sample_best_avd,GED_vol_sorted,GED_dice_sorted,rater0_best_dice_dsorted_ss3,rater1_best_dice_dsorted_ss3,mean_gt_vols
0,0.340459942817688,0.3989121913909912,0.5180812,4.9279757,0.7688296,24.616627,0.38770542,0.38770050803820283,0.5203761458396912,0.7699631452560425,3177.5
1,0.31201353669166565,0.3778369128704071,0.7081921,1.9589332,0.79935306,21.038351,0.32998863,0.32998198270797724,0.7098354697227478,0.8006479740142822,4882.5
2,0.3162021040916443,0.3552775979042053,0.36552748,85.169495,0.68,19.715809,0.44820434,0.44822674492994946,0.369276225566864,0.6832669377326965,399.5
3,0.3449877202510834,0.3807527720928192,0.5926581,2.7826087,0.7446471,20.765415,0.44554195,0.44553427894910175,0.5951219797134399,0.7489091753959656,1280.5
4,0.3245145082473755,0.4046950042247772,0.67776144,18.775873,0.6695969,47.335125,0.49264103,0.49263964096705115,0.6800850629806519,0.6699334383010864,4299.0
5,0.3516782820224762,0.425157368183136,0.5491899,52.86311,0.69541556,32.91361,0.5508267,0.5508212248484293,0.5494983196258545,0.6968173980712891,3464.0
6,0.32649070024490356,0.40930578112602234,0.42334095,48.70912,0.6011834,46.690517,0.6103951,0.6104431649049123,0.42791762948036194,0.6054181456565857,570.0
7,0.33006465435028076,0.37546998262405396,0.7401065,21.46739,0.73702663,31.839624,0.45889625,0.45889149109522503,0.7419416308403015,0.7388937473297119,3168.0
8,0.36047786474227905,0.44118979573249817,0.49626443,62.740833,0.68183273,37.617065,0.583512,0.5834851463635763,0.4967142641544342,0.6827231645584106,2570.0
9,0.33155035972595215,0.4393475353717804,0.51938814,59.870384,0.72219545,36.713837,0.52607745,0.52608056863149,0.5202847123146057,0.7238554358482361,1639.0
