,rmses,IR_rmses,rater0_sample_top_dice,rater0_sample_best_avd,rater1_sample_top_dice,rater1_sample_best_avd,GED_vol_sorted,GED_dice_sorted,rater0_best_dice_dsorted_ss15,rater1_best_dice_dsorted_ss15,mean_gt_vols
0,0.34684130549430847,0.3903988003730774,0.7442221,26.553673,0.51766026,2.0090978,0.43514672,0.43514391212236314,0.7464263439178467,0.5192811489105225,3177.5
1,0.34725120663642883,0.3858930766582489,0.7260126,32.95948,0.6606198,12.532452,0.4918323,0.4918305093333835,0.7270953059196472,0.663133978843689,4882.5
2,0.35531970858573914,0.38121190667152405,0.5858987,21.136766,0.3183183,82.203384,0.6068242,0.6068277725151607,0.5905905961990356,0.31831830739974976,399.5
3,0.38085997104644775,0.3911500573158264,0.6050347,36.21545,0.47772884,21.73913,0.7262906,0.7262827961217789,0.6079027652740479,0.48035362362861633,1280.5
4,0.35530349612236023,0.40569084882736206,0.61729354,51.667946,0.68643063,25.45831,0.5517197,0.5517181484472184,0.6177117228507996,0.6877014636993408,4299.0
5,0.35387900471687317,0.4190989136695862,0.68802,31.82931,0.5779329,52.101254,0.54868466,0.5486819976852053,0.6893102526664734,0.5787460207939148,3464.0
6,0.34907445311546326,0.41008514165878296,0.519389,46.153847,0.33906072,48.192772,0.7745659,0.7745401034752528,0.5247058868408203,0.33983927965164185,570.0
7,0.32943785190582275,0.35765206813812256,0.75535625,22.376179,0.76560533,10.563859,0.41944513,0.4194429601941789,0.7568196654319763,0.76754230260849,3168.0
8,0.3436933159828186,0.42330390214920044,0.70396554,30.541103,0.5398638,58.514606,0.5296894,0.5296865315664382,0.7050138711929321,0.5401010513305664,2570.0
9,0.378753662109375,0.4352134168148041,0.5437202,51.65094,0.45478824,69.34197,0.7856347,0.7856330196062723,0.5440084934234619,0.4549618363380432,1639.0
