,rmses,IR_rmses,rater0_sample_top_dice,rater0_sample_best_avd,rater1_sample_top_dice,rater1_sample_best_avd,GED_vol_sorted,GED_dice_sorted,rater0_best_dice_dsorted_ss7,rater1_best_dice_dsorted_ss7,mean_gt_vols
0,0.3346969783306122,0.3934301733970642,0.52952516,4.7763457,0.7683235,7.828894,0.13818863,0.13141102734066196,0.5590438842773438,0.7707182168960571,3177.5
1,0.30028611421585083,0.3721223771572113,0.72182935,0.23601605,0.81670743,0.3437048,0.11580534,0.10940290065038777,0.7435277700424194,0.8439670205116272,4882.5
2,0.3814103603363037,0.37101277709007263,0.3767313,3.8135593,0.6313088,7.6376557,0.19246234,0.19138207357554204,0.430416077375412,0.6539735198020935,399.5
3,0.34804168343544006,0.383989155292511,0.57717603,8.521739,0.74701333,1.7009213,0.19820464,0.1941296209891638,0.6435601115226746,0.7827019095420837,1280.5
4,0.299478143453598,0.37985050678253174,0.7152919,3.0751035,0.7449002,3.5084355,0.17232177,0.16268029950913931,0.7364834547042847,0.7625628113746643,4299.0
5,0.3416813910007477,0.41224491596221924,0.6040438,1.1059228,0.7084759,2.7981813,0.24717605,0.2378176578453609,0.6550398468971252,0.7513055801391602,3464.0
6,0.33550822734832764,0.403909295797348,0.42261904,0.5163511,0.5983773,3.3989265,0.24448232,0.2280762380077725,0.4752066135406494,0.6292548179626465,570.0
7,0.3199598491191864,0.3586387634277344,0.7718414,2.173913,0.7709375,3.6261792,0.19885965,0.18762525348436265,0.7854048609733582,0.7942954301834106,3168.0
8,0.3295411765575409,0.42204007506370544,0.565,13.548788,0.6958309,6.65973,0.26495126,0.2504880307685762,0.6295462846755981,0.7459129691123962,2570.0
9,0.3056918680667877,0.42386797070503235,0.59370315,33.748756,0.71629447,4.481132,0.28564543,0.2810707943780081,0.6086956262588501,0.7654213905334473,1639.0
