,rmses,IR_rmses,rater0_sample_top_dice,rater0_sample_best_avd,rater1_sample_top_dice,rater1_sample_best_avd,GED_vol_sorted,GED_dice_sorted,rater0_best_dice_dsorted_ss20,rater1_best_dice_dsorted_ss20,mean_gt_vols
0,0.3346969783306122,0.3934301733970642,0.5411682,0.22744504,0.78325605,1.937046,0.13955668,0.13267003117423304,0.5655322074890137,0.7777326107025146,3177.5
1,0.30028611421585083,0.3721223771572113,0.72602904,0.28321928,0.81619936,1.6642547,0.12397161,0.11790226282257776,0.7554866671562195,0.8504355549812317,4882.5
2,0.3814103603363037,0.37101277709007263,0.35643566,37.711864,0.64942014,0.88809943,0.20675299,0.20080642956063938,0.46666666865348816,0.6886633038520813,399.5
3,0.34804168343544006,0.383989155292511,0.59404254,2.6086955,0.75603217,1.1339475,0.19637547,0.18778335350124453,0.6672574281692505,0.7911460399627686,1280.5
4,0.299478143453598,0.37985050678253174,0.7242066,2.9863985,0.76614743,3.815184,0.15830272,0.14502650899322406,0.7637322545051575,0.7926304936408997,4299.0
5,0.3416813910007477,0.41224491596221924,0.62970823,11.796511,0.7186403,0.27981812,0.25685072,0.24662620221313675,0.6605554819107056,0.7581722736358643,3464.0
6,0.33550822734832764,0.403909295797348,0.42842638,3.0981069,0.6139818,0.7155635,0.24984105,0.2387982899617207,0.505836546421051,0.6449207663536072,570.0
7,0.3199598491191864,0.3586387634277344,0.77439445,0.61141306,0.7748876,3.9209907,0.21407363,0.19842372936637775,0.7933208346366882,0.7986922264099121,3168.0
8,0.3295411765575409,0.42204007506370544,0.5819209,7.862026,0.7058502,1.925078,0.23412631,0.21563308905614054,0.6583039164543152,0.6970236301422119,2570.0
9,0.3056918680667877,0.42386797070503235,0.6185089,15.353937,0.73698145,2.5943396,0.26303345,0.25305315738445827,0.6432889699935913,0.7707358598709106,1639.0
