,rmses,IR_rmses,rater0_sample_top_dice,rater0_sample_best_avd,rater1_sample_top_dice,rater1_sample_best_avd,GED_vol_sorted,GED_dice_sorted,rater0_best_dice_dsorted_ss15,rater1_best_dice_dsorted_ss15,mean_gt_vols
0,0.3378898501396179,0.3975111246109009,0.7255466,12.967446,0.48268157,0.15163003,0.27435353,0.2724534713086629,0.7608597874641418,0.5287797451019287,3177.5
1,0.31565022468566895,0.379581481218338,0.7875398,12.427642,0.7050427,0.49563372,0.21753903,0.21623297872997463,0.8109412789344788,0.7347185015678406,4882.5
2,0.3321229815483093,0.35427767038345337,0.59566444,1.4209592,0.36033058,56.35593,0.16563417,0.1595999889430546,0.7199341058731079,0.4309392273426056,399.5
3,0.35868361592292786,0.4032747447490692,0.621455,6.449327,0.49631676,2.9565217,0.3351355,0.32403316710676466,0.7384369969367981,0.5952380895614624,1280.5
4,0.33689847588539124,0.4077000916004181,0.695297,35.717026,0.70147383,0.8574808,0.2911807,0.2898350639002665,0.7169404029846191,0.7465063333511353,4299.0
5,0.36255666613578796,0.4313466250896454,0.6784831,22.035677,0.5703398,45.219955,0.39941502,0.3965846896171569,0.7031025290489197,0.5935567617416382,3464.0
6,0.31862565875053406,0.3988882005214691,0.6190976,1.0733453,0.40410256,4.819277,0.24496494,0.23189268672750107,0.6925498247146606,0.5029940009117126,570.0
7,0.36589717864990234,0.3758922815322876,0.71087706,13.649765,0.74542546,0.5095109,0.32479197,0.3193883402006966,0.7548572421073914,0.7877228260040283,3168.0
8,0.3479642868041992,0.4132896363735199,0.69220096,5.567117,0.5633803,36.948414,0.2542839,0.24798530879474828,0.7547925710678101,0.6080032587051392,2570.0
9,0.3406207859516144,0.4071846902370453,0.6693157,14.072328,0.59503067,45.51346,0.30962938,0.3058478735742114,0.7242026329040527,0.6152819395065308,1639.0
