,rmses,IR_rmses,rater0_sample_top_dice,rater0_sample_best_avd,rater1_sample_top_dice,rater1_sample_best_avd,GED_vol_sorted,GED_dice_sorted,rater0_best_dice_dsorted_ss7,rater1_best_dice_dsorted_ss7,mean_gt_vols
0,0.3294842541217804,0.39165937900543213,0.7812544,0.8071025,0.53206915,3.904473,0.11035956,0.10611813125156222,0.814367949962616,0.5562282204627991,3177.5
1,0.30214452743530273,0.37158289551734924,0.8000776,4.269175,0.7093869,4.1538825,0.106603846,0.10394742659160067,0.8333022594451904,0.7381147742271423,4882.5
2,0.34512394666671753,0.34619075059890747,0.6703704,8.170515,0.33739838,8.474577,0.06224419,0.06665053963661205,0.732876718044281,0.44748857617378235,399.5
3,0.34008118510246277,0.38002070784568787,0.73612684,2.05528,0.5879651,7.652174,0.11335824,0.10550335830166224,0.7767128348350525,0.6588946580886841,1280.5
4,0.3281041383743286,0.40069127082824707,0.7423139,10.429448,0.7041641,3.4594915,0.14005119,0.1317537107637951,0.7606592178344727,0.7553945779800415,4299.0
5,0.34301698207855225,0.41693514585494995,0.7126115,0.034977265,0.63711613,15.925288,0.18227153,0.17217384207816355,0.7470145225524902,0.6772060990333557,3464.0
6,0.32863354682922363,0.40419167280197144,0.6405229,8.407871,0.48673376,11.876076,0.14132439,0.09538034456116817,0.6958333253860474,0.5450901985168457,570.0
7,0.32400184869766235,0.36348941922187805,0.7759349,4.481132,0.7745796,1.9021739,0.1385973,0.12570855163392564,0.7951844930648804,0.7985624074935913,3168.0
8,0.3332553803920746,0.42075496912002563,0.7255113,6.65973,0.60174614,14.916097,0.11946632,0.0999081262520381,0.7495361566543579,0.6374932527542114,2570.0
9,0.3368852138519287,0.4317358136177063,0.7184615,4.402516,0.6094781,33.798607,0.17621998,0.16685706802776878,0.7684391140937805,0.6244117021560669,1639.0
