,rmses,IR_rmses,rater0_sample_top_dice,rater0_sample_best_avd,rater1_sample_top_dice,rater1_sample_best_avd,GED_vol_sorted,GED_dice_sorted,rater0_best_dice_dsorted_ss25,rater1_best_dice_dsorted_ss25,mean_gt_vols
0,0.3346969783306122,0.3934301733970642,0.78292716,0.5111649,0.53515065,1.0993177,0.15070184,0.13937095433473584,0.7539713382720947,0.5520757436752319,3177.5
1,0.30028611421585083,0.3721223771572113,0.819832,0.30752534,0.72323334,0.25961766,0.1215506,0.1149119954307874,0.8505510687828064,0.7527086734771729,4882.5
2,0.3814103603363037,0.37101277709007263,0.6417021,2.6642983,0.35523978,13.559322,0.17806008,0.18850571038822328,0.684684693813324,0.47668394446372986,399.5
3,0.34804168343544006,0.383989155292511,0.7564534,2.7639973,0.6093064,1.9130435,0.20891777,0.20587148338556288,0.7961715459823608,0.6594324111938477,1280.5
4,0.299478143453598,0.37985050678253174,0.7759641,4.179448,0.7231936,0.50266117,0.16816919,0.16092570016781482,0.7984440326690674,0.7646176815032959,4299.0
5,0.3416813910007477,0.41224491596221924,0.71779597,1.4340678,0.61627746,8.232981,0.26979986,0.25582229624191927,0.7592658996582031,0.666756808757782,3464.0
6,0.33550822734832764,0.403909295797348,0.60764587,0.7155635,0.4375,0.0,0.2645594,0.24288303419947627,0.6332404613494873,0.5082443952560425,570.0
7,0.3199598491191864,0.3586387634277344,0.7689447,0.23584905,0.7705175,0.4076087,0.20639284,0.18895127594470973,0.7997500896453857,0.7949324250221252,3168.0
8,0.3295411765575409,0.42204007506370544,0.71339387,1.2486992,0.59175897,1.3051585,0.2426527,0.22398343731959652,0.7237945199012756,0.6541956067085266,2570.0
9,0.3056918680667877,0.42386797070503235,0.73583263,1.100629,0.6040428,8.624127,0.26079598,0.24184651186068845,0.7770034670829773,0.65546715259552,1639.0
