,rmses,IR_rmses,rater0_sample_top_dice,rater0_sample_best_avd,rater1_sample_top_dice,rater1_sample_best_avd,GED_vol_sorted,GED_dice_sorted,rater0_best_dice_dsorted_ss15,rater1_best_dice_dsorted_ss15,mean_gt_vols
0,0.34677812457084656,0.40230023860931396,0.52744806,0.037907507,0.779439,4.008609,0.19952247,0.18953482991173148,0.5554344058036804,0.7953656911849976,3177.5
1,0.3319384455680847,0.3873897194862366,0.6952476,1.8645267,0.80411613,3.1114328,0.22146443,0.21010326799892248,0.7365928888320923,0.825514554977417,4882.5
2,0.3291253447532654,0.3535999655723572,0.41142857,2.5423727,0.6487026,0.3552398,0.13693903,0.11753784574213477,0.4991452991962433,0.7145389914512634,399.5
3,0.3645308017730713,0.39210227131843567,0.60438085,0.6956522,0.7333593,2.9766123,0.27177748,0.25928223416918794,0.6514382362365723,0.7700496912002563,1280.5
4,0.34051504731178284,0.42172083258628845,0.6928839,0.14784151,0.71260357,24.156443,0.33020598,0.3212605964569818,0.7154247164726257,0.7244588732719421,4299.0
5,0.3514646291732788,0.4349914491176605,0.6357998,29.614157,0.727241,0.17488633,0.36181545,0.3581485044388544,0.6448038220405579,0.7534272074699402,3464.0
6,0.3320509195327759,0.42914581298828125,0.4407767,2.9259896,0.6130952,6.9767447,0.41536605,0.3869991748105913,0.49494948983192444,0.6639090180397034,570.0
7,0.33413174748420715,0.3845527172088623,0.73677045,0.3736413,0.7446001,2.0047169,0.31315145,0.3033405987989335,0.7643606662750244,0.7763029932975769,3168.0
8,0.34733617305755615,0.4366491734981537,0.6339461,25.885645,0.72884095,6.9719048,0.29796395,0.2869519659451075,0.6530225276947021,0.7601683139801025,2570.0
9,0.38438519835472107,0.45219382643699646,0.5693244,44.317047,0.64545834,12.1855345,0.46680734,0.46327716041178935,0.5872649550437927,0.6900045871734619,1639.0
