,rmses,IR_rmses,rater0_sample_top_dice,rater0_sample_best_avd,rater1_sample_top_dice,rater1_sample_best_avd,GED_vol_sorted,GED_dice_sorted,rater0_best_dice_dsorted_ss7,rater1_best_dice_dsorted_ss7,mean_gt_vols
0,0.3375224769115448,0.40117838978767395,0.7712117,1.5065913,0.5272323,4.510993,0.12512691,0.11573728351365958,0.7956284284591675,0.5571653246879578,3177.5
1,0.2923450171947479,0.3773047924041748,0.81625986,11.125181,0.72564495,0.35402408,0.09537533,0.08928442427090238,0.8392512798309326,0.7503209710121155,4882.5
2,0.34428727626800537,0.357657253742218,0.6606983,1.598579,0.3846154,6.355932,0.036939718,0.0308248429071335,0.7157129645347595,0.4896661341190338,399.5
3,0.341398149728775,0.38646388053894043,0.73945606,1.9844083,0.60281193,2.0869565,0.16773273,0.16186661947341202,0.7949694991111755,0.6620749235153198,1280.5
4,0.31543922424316406,0.4109047055244446,0.730548,23.332054,0.7063668,4.5239506,0.20194358,0.19821784326008396,0.743541419506073,0.7385453581809998,4299.0
5,0.33907172083854675,0.4205331802368164,0.73889685,4.6869535,0.6561672,33.03023,0.20414564,0.199573197535106,0.7611184120178223,0.6658660769462585,3464.0
6,0.31885987520217896,0.3984162211418152,0.6289809,13.953489,0.48826292,17.211704,0.1673527,0.13643208571842735,0.7080366015434265,0.5415549874305725,570.0
7,0.322952002286911,0.3718413710594177,0.765154,5.424528,0.78067976,8.967391,0.20436645,0.19851588209470106,0.7829760313034058,0.7874728441238403,3168.0
8,0.3365345299243927,0.43002259731292725,0.7450425,7.804371,0.63265306,32.50466,0.15084447,0.1405328171593802,0.7763569355010986,0.6546352505683899,2570.0
9,0.29978418350219727,0.428875207901001,0.71769476,5.6603775,0.5932626,40.179462,0.23601185,0.22680892972719097,0.7423256039619446,0.6126598715782166,1639.0
