,rmses,IR_rmses,rater0_sample_top_dice,rater0_sample_best_avd,rater1_sample_top_dice,rater1_sample_best_avd,GED_vol_sorted,GED_dice_sorted,rater0_best_dice_dsorted_ss25,rater1_best_dice_dsorted_ss25,mean_gt_vols
0,0.37552574276924133,0.4101215600967407,0.5063109,0.49279755,0.74805737,19.962334,0.4126499,0.41250039160251617,0.5169992446899414,0.7518457174301147,3177.5
1,0.33193114399909973,0.38804513216018677,0.70155126,0.118008025,0.79500645,17.420404,0.33536604,0.33518864214420324,0.7126734256744385,0.7990019917488098,4882.5
2,0.40096619725227356,0.3824070692062378,0.35638297,84.32204,0.6593407,0.1776199,0.44562876,0.44536376257737464,0.3817427456378937,0.6740331649780273,399.5
3,0.37275272607803345,0.39309442043304443,0.58640105,0.5217391,0.72347015,14.245216,0.451249,0.45106811920801787,0.6116071343421936,0.7315727472305298,1280.5
4,0.3097555935382843,0.41061264276504517,0.70741516,10.526316,0.6910944,41.9862,0.42864007,0.42850839873154956,0.7179570198059082,0.6932067275047302,4299.0
5,0.3350307047367096,0.41616714000701904,0.58986616,45.760628,0.7224635,22.805176,0.47896695,0.47878523389498384,0.5931277871131897,0.7272358536720276,3464.0
6,0.34250524640083313,0.4292033910751343,0.38914028,46.471603,0.54022986,44.364937,0.670722,0.6707239548365276,0.40236687660217285,0.5467289686203003,570.0
7,0.32485321164131165,0.3706970810890198,0.77807343,6.9293475,0.7625571,19.221697,0.3757496,0.37549099226792654,0.7863432168960571,0.7691290974617004,3168.0
8,0.31924012303352356,0.4250624179840088,0.57702965,54.164078,0.7265234,23.257025,0.44682354,0.4466939922173817,0.5781383514404297,0.7342531681060791,2570.0
9,0.3292209804058075,0.42322003841400146,0.55401665,56.031906,0.6722377,30.660376,0.5339426,0.5338867725928624,0.5561348795890808,0.6851145029067993,1639.0
