,rmses,IR_rmses,rater0_sample_top_dice,rater0_sample_best_avd,rater1_sample_top_dice,rater1_sample_best_avd,GED_vol_sorted,GED_dice_sorted,rater0_best_dice_dsorted_ss20,rater1_best_dice_dsorted_ss20,mean_gt_vols
0,0.3294842541217804,0.39165937900543213,0.5305647,1.4025776,0.7853539,3.3091202,0.110997535,0.09928117610122028,0.5683157444000244,0.7914219498634338,3177.5
1,0.30214452743530273,0.37158289551734924,0.714415,0.23601605,0.81398183,0.90448624,0.10139921,0.09307725570703806,0.7518145442008972,0.8497704267501831,4882.5
2,0.34512394666671753,0.34619075059890747,0.35986158,6.355932,0.6362153,3.0195382,0.064240016,0.050914421854050484,0.5061082243919373,0.7582417726516724,399.5
3,0.34008118510246277,0.38002070784568787,0.60217,1.0434783,0.7407695,1.5591779,0.1488194,0.13655658548599786,0.678633987903595,0.8027313947677612,1280.5
4,0.3281041383743286,0.40069127082824707,0.715653,1.0940273,0.7486117,8.071319,0.1573321,0.14011596323628167,0.7733100056648254,0.7807154059410095,4299.0
5,0.34301698207855225,0.41693514585494995,0.66018903,3.4406488,0.7310522,3.567681,0.17883737,0.16752997048591323,0.7044314742088318,0.7681810259819031,3464.0
6,0.32863354682922363,0.40419167280197144,0.48526523,4.475043,0.65586275,3.2200358,0.14768334,0.11709876719274026,0.5818521976470947,0.7416413426399231,570.0
7,0.32400184869766235,0.36348941922187805,0.76912546,1.5285326,0.7645843,2.7417452,0.16387263,0.14637238387214507,0.8099523782730103,0.8041894435882568,3168.0
8,0.3332553803920746,0.42075496912002563,0.6325867,1.8023617,0.73899204,2.4453695,0.16037649,0.14750971470616364,0.6706327795982361,0.7891156673431396,2570.0
9,0.3368852138519287,0.4317358136177063,0.63569105,8.374875,0.71920365,1.1792454,0.19185324,0.18202400834936855,0.6640412211418152,0.7844935655593872,1639.0
