,rmses,IR_rmses,rater0_sample_top_dice,rater0_sample_best_avd,rater1_sample_top_dice,rater1_sample_best_avd,GED_vol_sorted,GED_dice_sorted,rater0_best_dice_dsorted_ss15,rater1_best_dice_dsorted_ss15,mean_gt_vols
0,0.3529653549194336,0.4053090214729309,0.5255682,12.471569,0.77733153,19.128328,0.38642794,0.38642387787501026,0.5276641249656677,0.7786054611206055,3177.5
1,0.30237051844596863,0.3831969201564789,0.723229,0.56643856,0.8056035,21.798119,0.3144453,0.31444082203365514,0.7254579663276672,0.8069568872451782,4882.5
2,0.3845650851726532,0.3701036274433136,0.3204301,194.0678,0.64364207,23.268206,0.53891957,0.5389101106496084,0.32403433322906494,0.6482213735580444,399.5
3,0.3565276265144348,0.3859277367591858,0.5830031,1.0434783,0.7185156,19.34798,0.50238,0.5023699536210015,0.5861613154411316,0.7211045622825623,1280.5
4,0.3354594111442566,0.42314639687538147,0.68682355,27.88291,0.61659044,53.240032,0.55157965,0.5515778164068857,0.6882535219192505,0.6168321967124939,4299.0
5,0.36131027340888977,0.43271350860595703,0.5319762,55.12411,0.66766274,36.13151,0.61358625,0.6135827291579473,0.5331294536590576,0.6699507236480713,3464.0
6,0.30942612886428833,0.4099670946598053,0.44750795,37.69363,0.6391304,35.2415,0.5792228,0.5792208961078099,0.4489361643791199,0.6412213444709778,570.0
7,0.33772334456443787,0.37877899408340454,0.72879463,17.391304,0.73660713,28.301886,0.491776,0.49177191598074776,0.731270968914032,0.7378740906715393,3168.0
8,0.3195461332798004,0.4306408166885376,0.5484921,56.774395,0.74071836,27.627472,0.47336566,0.4733656023229872,0.548968493938446,0.7427361011505127,2570.0
9,0.3164251148700714,0.4276277720928192,0.5583685,58.225323,0.68815166,34.119495,0.5425821,0.5425811960583641,0.5585649013519287,0.6897861957550049,1639.0
