,rmses,IR_rmses,rater0_sample_top_dice,rater0_sample_best_avd,rater1_sample_top_dice,rater1_sample_best_avd,GED_vol_sorted,GED_dice_sorted,rater0_best_dice_dsorted_ss15,rater1_best_dice_dsorted_ss15,mean_gt_vols
0,0.3459763824939728,0.3905329406261444,0.5333085,0.30326006,0.7633053,2.3675005,0.22933044,0.22198203944024583,0.5569342970848083,0.7816806435585022,3177.5
1,0.3119882345199585,0.3734773099422455,0.7153535,0.21241444,0.8005621,2.0622287,0.20332615,0.19920756419499713,0.7350817918777466,0.8247247934341431,4882.5
2,0.3549536168575287,0.37207087874412537,0.3220676,13.135592,0.6226964,0.3552398,0.2817899,0.2707454934006645,0.4121863842010498,0.6740947365760803,399.5
3,0.33481940627098083,0.3703557252883911,0.61300045,1.7391304,0.738255,1.9844083,0.2520182,0.24527385887645542,0.658884584903717,0.7732952237129211,1280.5
4,0.33465147018432617,0.40445268154144287,0.7025521,1.5966883,0.74731475,23.29371,0.33337864,0.324492702313832,0.746090829372406,0.7595873475074768,4299.0
5,0.34792765974998474,0.4160586893558502,0.647812,25.33792,0.71900356,3.4277718,0.3151572,0.3112596767289299,0.6593469977378845,0.7433035969734192,3464.0
6,0.3272393047809601,0.4020934998989105,0.43205574,2.4096384,0.60470086,1.431127,0.3256566,0.30579062742846347,0.48617732524871826,0.6680498123168945,570.0
7,0.35678139328956604,0.37340080738067627,0.7596953,0.3396739,0.7557775,3.8620281,0.29525727,0.28313245489483785,0.7892640829086304,0.7724757194519043,3168.0
8,0.3395693600177765,0.4246746897697449,0.6375779,25.51274,0.70843506,2.237253,0.29059458,0.2867690659704662,0.648353636264801,0.7436264753341675,2570.0
9,0.30675968527793884,0.42281559109687805,0.63743377,30.608173,0.71205074,0.7075472,0.31542546,0.3116478355157944,0.6484184861183167,0.7388092279434204,1639.0
