,rmses,IR_rmses,rater0_sample_top_dice,rater0_sample_best_avd,rater1_sample_top_dice,rater1_sample_best_avd,GED_vol_sorted,GED_dice_sorted,rater0_best_dice_dsorted_ss25,rater1_best_dice_dsorted_ss25,mean_gt_vols
0,0.3408088982105255,0.39101025462150574,0.5149772,2.1607277,0.73947567,20.419693,0.27315217,0.27037598788738254,0.5590470433235168,0.7652254700660706,3177.5
1,0.32333770394325256,0.3820450007915497,0.7139228,1.8645267,0.7903869,18.596237,0.24483062,0.2427824294567108,0.7461346387863159,0.8090185523033142,4882.5
2,0.299129843711853,0.3524412512779236,0.40490797,0.84745765,0.5890411,1.598579,0.19751458,0.19097123960653928,0.4881209433078766,0.6837944388389587,399.5
3,0.3683624267578125,0.39056554436683655,0.56843865,3.1304348,0.7033962,12.189936,0.32935873,0.32373553742965067,0.6426880955696106,0.7486847639083862,1280.5
4,0.43503537774086,0.4363923966884613,0.682243,22.826729,0.63659596,49.961655,0.47028178,0.4674141026536624,0.7033501267433167,0.643592357635498,4299.0
5,0.3929622173309326,0.4442570209503174,0.5258398,47.825016,0.663377,25.743267,0.4775344,0.4735546001791955,0.5517126321792603,0.698627233505249,3464.0
6,0.3848913609981537,0.42628639936447144,0.42543858,22.030981,0.6080925,18.962433,0.40153924,0.38489059994618086,0.482100248336792,0.6921348571777344,570.0
7,0.40821734070777893,0.405691534280777,0.70237863,16.711956,0.68019223,27.712265,0.44760826,0.443548460106055,0.7350797653198242,0.7160582542419434,3168.0
8,0.4256751537322998,0.44887295365333557,0.5065161,56.929768,0.6825877,27.887619,0.46193826,0.4579809239506722,0.5200977325439453,0.720200777053833,2570.0
9,0.4420703053474426,0.4564419984817505,0.52627844,59.621136,0.6753122,36.320755,0.46321437,0.4633579781154792,0.5343953371047974,0.6908548474311829,1639.0
