,rmses,IR_rmses,rater0_sample_top_dice,rater0_sample_best_avd,rater1_sample_top_dice,rater1_sample_best_avd,GED_vol_sorted,GED_dice_sorted,rater0_best_dice_dsorted_ss7,rater1_best_dice_dsorted_ss7,mean_gt_vols
0,0.34032008051872253,0.3978729546070099,0.4854811,0.26535255,0.7197273,18.482647,0.26745152,0.2657542278369267,0.5181588530540466,0.7569965124130249,3177.5
1,0.31610798835754395,0.3789688050746918,0.7032501,0.4248289,0.7795025,18.198263,0.2194501,0.21780830195971898,0.7264894247055054,0.7978442311286926,4882.5
2,0.3293934762477875,0.3557511866092682,0.3371105,53.81356,0.5762712,0.88809943,0.15423107,0.14656386843749458,0.4218512773513794,0.6787564754486084,399.5
3,0.3621561825275421,0.40207645297050476,0.47297296,4.956522,0.6070133,0.7087172,0.34993032,0.34054341344606315,0.5521885752677917,0.6875763535499573,1280.5
4,0.3382800817489624,0.4050266444683075,0.69628435,8.101715,0.68212396,40.41411,0.28857177,0.28719278744288845,0.7253324389457703,0.6910420656204224,4299.0
5,0.3673704266548157,0.4321812391281128,0.5514621,51.241093,0.6562048,30.605108,0.4005689,0.398404273248854,0.5690235495567322,0.6862157583236694,3464.0
6,0.3205212354660034,0.398192822933197,0.41257367,11.359724,0.6325301,7.8711987,0.24676064,0.23312831350735258,0.4702320992946625,0.7004048824310303,570.0
7,0.3638816177845001,0.3758494555950165,0.7139922,7.9823365,0.67988276,20.135612,0.33475837,0.33031549198286875,0.7460257411003113,0.7038000822067261,3168.0
8,0.35384899377822876,0.41477206349372864,0.5718304,45.33872,0.6883999,8.480749,0.2601575,0.25803212963399424,0.5922853350639343,0.7440353631973267,2570.0
9,0.34450221061706543,0.40460318326950073,0.5811075,46.95912,0.67962044,16.352201,0.32121274,0.3179040089959191,0.6072272658348083,0.7089797854423523,1639.0
