,rmses,IR_rmses,rater0_sample_top_dice,rater0_sample_best_avd,rater1_sample_top_dice,rater1_sample_best_avd,GED_vol_sorted,GED_dice_sorted,rater0_best_dice_dsorted_ss5,rater1_best_dice_dsorted_ss5,mean_gt_vols
0,0.32484278082847595,0.38046178221702576,0.52888733,9.249432,0.7822441,13.935969,0.33170843,0.33149243593215943,0.5376420617103577,0.7868660092353821,3177.5
1,0.3028511106967926,0.35125118494033813,0.72409886,8.213358,0.82331717,9.460926,0.2537764,0.2536889016628265,0.7285954356193542,0.8289777040481567,4882.5
2,0.3324730098247528,0.34314048290252686,0.32376578,136.44069,0.6748166,0.88809943,0.40421304,0.40426281690597526,0.34088200330734253,0.7029288411140442,399.5
3,0.3256939947605133,0.37738436460494995,0.59554416,2.9565217,0.75118744,6.0240965,0.40668678,0.4065429508686066,0.6089150309562683,0.7590316534042358,1280.5
4,0.2982998192310333,0.35994499921798706,0.7227117,0.44352454,0.738706,31.096626,0.33437222,0.33416191339492796,0.7300878167152405,0.7410449385643005,4299.0
5,0.33753058314323425,0.3909652829170227,0.5955848,43.032684,0.7204945,18.9227,0.45610565,0.45597555041313165,0.5977011322975159,0.724863588809967,3464.0
6,0.30853405594825745,0.3704175651073456,0.45240176,2.9259896,0.6576923,0.8944544,0.45445538,0.4546802997589112,0.4731574058532715,0.6723324060440063,570.0
7,0.2976968586444855,0.3153538703918457,0.7903001,0.47554347,0.7839291,13.620283,0.30900407,0.30882229208946227,0.7938904762268066,0.7874442338943481,3168.0
8,0.30122846364974976,0.3814850449562073,0.60629284,45.92915,0.74986345,9.469303,0.36311257,0.3630028903484344,0.6100040674209595,0.7583098411560059,2570.0
9,0.2999092936515808,0.38948649168014526,0.61563206,45.014957,0.7253142,13.286163,0.39396206,0.3940066993236541,0.6181229948997498,0.7318584322929382,1639.0
