,rmses,IR_rmses,rater0_sample_top_dice,rater0_sample_best_avd,rater1_sample_top_dice,rater1_sample_best_avd,GED_vol_sorted,GED_dice_sorted,rater0_best_dice_dsorted_ss25,rater1_best_dice_dsorted_ss25,mean_gt_vols
0,0.33420178294181824,0.3972427546977997,0.5347652,1.2888552,0.788765,1.2644606,0.12884343,0.12073472052812573,0.5701165795326233,0.8171600699424744,3177.5
1,0.29974251985549927,0.3756134510040283,0.70899224,0.896861,0.81850535,1.97178,0.10900473,0.10340326905250552,0.7546858191490173,0.85394287109375,4882.5
2,0.34040725231170654,0.3475561738014221,0.3803419,1.6949153,0.6732075,2.3090587,0.050066166,0.03996729815999667,0.511883020401001,0.7596235871315002,399.5
3,0.34455612301826477,0.3816736936569214,0.6011419,0.95652175,0.7605027,0.85046065,0.1569368,0.15044367015361793,0.6769230961799622,0.8054558634757996,1280.5
4,0.31864506006240845,0.4069594740867615,0.7069432,0.7687759,0.7523851,3.6234663,0.18032806,0.16763548582792287,0.7672151327133179,0.7992056012153625,4299.0
5,0.3434194028377533,0.42139679193496704,0.6724752,13.836323,0.7336212,1.2941588,0.20912021,0.20317434161901465,0.6959676146507263,0.7743379473686218,3464.0
6,0.32543402910232544,0.41148680448532104,0.4735376,1.5490534,0.6660482,2.3255813,0.19680874,0.16879627500971162,0.5552560687065125,0.7221134901046753,570.0
7,0.3176043927669525,0.3684350550174713,0.79307956,0.3736413,0.7927273,0.029481132,0.15822159,0.1464868623018265,0.8157067894935608,0.8251025676727295,3168.0
8,0.33393096923828125,0.4253884553909302,0.6583348,10.845245,0.73948634,0.20811656,0.15592997,0.14771139125029248,0.693217396736145,0.7863430380821228,2570.0
9,0.3148795962333679,0.43273165822029114,0.6307898,13.808574,0.72009766,6.132076,0.2232205,0.2128107065955797,0.6847114562988281,0.7822616696357727,1639.0
