,rmses,IR_rmses,rater0_sample_top_dice,rater0_sample_best_avd,rater1_sample_top_dice,rater1_sample_best_avd,GED_vol_sorted,GED_dice_sorted,rater0_best_dice_dsorted_ss7,rater1_best_dice_dsorted_ss7,mean_gt_vols
0,0.33363077044487,0.39977550506591797,0.538032,3.1463227,0.7920681,5.165456,0.17328781,0.16933250711077732,0.5574937462806702,0.8110625147819519,3177.5
1,0.30958932638168335,0.3813796639442444,0.7125031,1.014869,0.81204027,1.4833574,0.14732857,0.1434989145823887,0.7290628552436829,0.8333333134651184,4882.5
2,0.3842426538467407,0.37586623430252075,0.3809524,13.559322,0.6204311,1.0657194,0.20472717,0.20337709855465652,0.4433656930923462,0.6539130210876465,399.5
3,0.349806547164917,0.3887668550014496,0.59903806,1.1304348,0.7401008,3.1183558,0.24936165,0.24444936286835445,0.6477225422859192,0.7805059552192688,1280.5
4,0.304578572511673,0.4014745056629181,0.70046544,1.360142,0.72990805,22.7569,0.2563461,0.24735154424394876,0.7317692041397095,0.7453991174697876,4299.0
5,0.3252749443054199,0.41504162549972534,0.6615322,18.112558,0.72198427,3.9874082,0.24641901,0.2405097143990652,0.6734148859977722,0.7427735328674316,3464.0
6,0.3229139447212219,0.3872927129268646,0.4701422,8.0895,0.6391534,4.472272,0.24697557,0.23649015738850537,0.529644250869751,0.6897274851799011,570.0
7,0.3229963481426239,0.3551139235496521,0.75242895,2.4796195,0.7491617,2.5943396,0.25279433,0.24108433297702242,0.7891608476638794,0.7812352180480957,3168.0
8,0.3159046769142151,0.4157398045063019,0.65872043,22.715973,0.7329486,1.6649325,0.20487069,0.19732539000965288,0.6672720909118652,0.7763941287994385,2570.0
9,0.292387992143631,0.4181104004383087,0.6410491,23.878365,0.71827114,0.07861635,0.23336177,0.22619620533216572,0.6550165414810181,0.7624405026435852,1639.0
