,rmses,IR_rmses,rater0_sample_top_dice,rater0_sample_best_avd,rater1_sample_top_dice,rater1_sample_best_avd,GED_vol_sorted,GED_dice_sorted,rater0_best_dice_dsorted_ss7,rater1_best_dice_dsorted_ss7,mean_gt_vols
0,0.3305045962333679,0.39825552701950073,0.51375073,1.3646703,0.74072915,28.060263,0.30014628,0.29907223582267767,0.5356570482254028,0.7524217963218689,3177.5
1,0.30106794834136963,0.3748469948768616,0.70689446,1.250885,0.7860737,20.224312,0.20448512,0.20382452153024222,0.7368679642677307,0.8007800579071045,4882.5
2,0.3114396333694458,0.34147942066192627,0.39411765,20.762712,0.638961,5.1509767,0.12837139,0.12422189116477972,0.44983819127082825,0.7228003740310669,399.5
3,0.4097415506839752,0.4085831642150879,0.53552395,4.173913,0.678074,21.899363,0.36983445,0.3627896138599941,0.5820158123970032,0.7037191987037659,1280.5
4,0.3949308395385742,0.42810457944869995,0.6451505,23.18155,0.6119785,50.19172,0.42989475,0.42844545983132853,0.6723836064338684,0.6208512187004089,4299.0
5,0.39887869358062744,0.44192609190940857,0.5449011,54.681744,0.6736126,35.501923,0.44822657,0.4478215461685544,0.5562372207641602,0.677509069442749,3464.0
6,0.3607865273952484,0.4097515642642975,0.39405206,14.802066,0.5891142,11.449016,0.36048886,0.3497397942202432,0.46019628643989563,0.655773401260376,570.0
7,0.40569189190864563,0.39956575632095337,0.7111977,25.577446,0.692101,35.40684,0.41213164,0.4092994275547209,0.7258548140525818,0.7050254940986633,3168.0
8,0.3946247696876526,0.4419894814491272,0.50323445,60.689865,0.67335707,34.18314,0.43098345,0.4294190839642571,0.5094339847564697,0.6905222535133362,2570.0
9,0.3502129316329956,0.44187283515930176,0.5524862,55.6331,0.70582795,30.031446,0.38111228,0.3799147251106444,0.5610353350639343,0.7236467003822327,1639.0
