,rmses,IR_rmses,rater0_sample_top_dice,rater0_sample_best_avd,rater1_sample_top_dice,rater1_sample_best_avd,GED_vol_sorted,GED_dice_sorted,rater0_best_dice_dsorted_ss20,rater1_best_dice_dsorted_ss20,mean_gt_vols
0,0.34677812457084656,0.40230023860931396,0.5288581,0.9476877,0.7783169,0.10761367,0.19621821,0.18547897958441778,0.5570507049560547,0.7980474233627319,3177.5
1,0.3319384455680847,0.3873897194862366,0.6956326,0.4720321,0.80720264,1.0853835,0.21428317,0.20164362584289752,0.7377630472183228,0.8291139006614685,4882.5
2,0.3291253447532654,0.3535999655723572,0.40963855,2.5423727,0.6548507,0.5328597,0.1438132,0.12508418248280107,0.5087719559669495,0.718638002872467,399.5
3,0.3645308017730713,0.39210227131843567,0.59165615,0.7826087,0.73203593,0.56697375,0.27856997,0.26563812760930305,0.6534066796302795,0.7752048373222351,1280.5
4,0.34051504731178284,0.42172083258628845,0.6915057,2.069781,0.7149644,22.430983,0.33295202,0.3244773678873715,0.7179882526397705,0.7296634912490845,4299.0
5,0.3514646291732788,0.4349914491176605,0.6509157,24.207422,0.73010063,7.8698845,0.35089064,0.34519137622494456,0.6611037850379944,0.7558441758155823,3464.0
6,0.3320509195327759,0.42914581298828125,0.43494776,6.712565,0.62075657,10.912343,0.407131,0.3748000759043192,0.4969939887523651,0.6680412292480469,570.0
7,0.33413174748420715,0.3845527172088623,0.7394927,0.95108694,0.7482715,3.3018868,0.32454652,0.31441895977446904,0.7653964161872864,0.7768275141716003,3168.0
8,0.34733617305755615,0.4366491734981537,0.6391243,23.990055,0.7270806,3.069719,0.30611774,0.2960862536179392,0.6580427289009094,0.765251636505127,2570.0
9,0.38438519835472107,0.45219382643699646,0.60575193,33.599205,0.6344086,4.7169814,0.46073708,0.45670398520795924,0.6265802979469299,0.6981651186943054,1639.0
