,rmses,IR_rmses,rater0_sample_top_dice,rater0_sample_best_avd,rater1_sample_top_dice,rater1_sample_best_avd,GED_vol_sorted,GED_dice_sorted,rater0_best_dice_dsorted_ss15,rater1_best_dice_dsorted_ss15,mean_gt_vols
0,0.36983317136764526,0.40798184275627136,0.51112473,14.29113,0.70291066,39.171375,0.34827298,0.3470225283077786,0.5233362317085266,0.7077856659889221,3177.5
1,0.3768140375614166,0.4010070860385895,0.6869089,10.337503,0.74343306,31.277136,0.3181548,0.3164272067092715,0.7141736149787903,0.7528978586196899,4882.5
2,0.33918851613998413,0.3782542943954468,0.3800322,4.661017,0.57884616,15.275311,0.21729334,0.2146718130225227,0.47533631324768066,0.6326087117195129,399.5
3,0.4047084152698517,0.4099849760532379,0.50024813,24.782608,0.6344464,38.69596,0.47035182,0.4703249856120063,0.5491266250610352,0.6433063745498657,1280.5
4,0.4705969989299774,0.45529237389564514,0.5981975,42.519222,0.5282123,62.73006,0.58647573,0.5857056233854521,0.6108129024505615,0.5300294160842896,4299.0
5,0.4528323709964752,0.46018603444099426,0.48252374,62.89014,0.62027925,47.18433,0.5520875,0.551674199884846,0.49225783348083496,0.6283471584320068,3464.0
6,0.3591378927230835,0.44207650423049927,0.40352812,43.889843,0.58531076,41.681572,0.521363,0.5143282913735935,0.44043320417404175,0.6135553121566772,570.0
7,0.5039761066436768,0.44740280508995056,0.55791414,52.785324,0.530322,59.02123,0.7076734,0.7068383995975768,0.5628658533096313,0.5406091213226318,3168.0
8,0.4918416440486908,0.46695953607559204,0.41460484,70.633934,0.59853506,50.83247,0.59360355,0.5924101478996731,0.42061954736709595,0.6092761754989624,2570.0
9,0.4681372344493866,0.47073787450790405,0.46485683,65.95215,0.6526854,46.30503,0.5673924,0.5651239195749873,0.4696570038795471,0.6614826321601868,1639.0
