,rmses,IR_rmses,rater0_sample_top_dice,rater0_sample_best_avd,rater1_sample_top_dice,rater1_sample_best_avd,GED_vol_sorted,GED_dice_sorted,rater0_best_dice_dsorted_ss7,rater1_best_dice_dsorted_ss7,mean_gt_vols
0,0.3464130759239197,0.4026525616645813,0.52592456,1.4025776,0.7854096,17.08367,0.26160556,0.2598232016676948,0.5500855445861816,0.7910714149475098,3177.5
1,0.30198216438293457,0.3813181221485138,0.7266858,2.5961766,0.81603307,9.24385,0.19456343,0.1914947856040228,0.7448687553405762,0.8278120160102844,4882.5
2,0.3428848385810852,0.36124953627586365,0.36899224,20.762712,0.6377325,0.5328597,0.2523715,0.24578436357634414,0.4027072787284851,0.6771799921989441,399.5
3,0.3879440128803253,0.3938189446926117,0.5737977,1.1304348,0.7305808,2.551382,0.35896513,0.3560172560669127,0.6097152233123779,0.7490720152854919,1280.5
4,0.32885053753852844,0.42828863859176636,0.70231444,14.754583,0.67613286,44.72776,0.41354853,0.4110467873868489,0.7179144620895386,0.6768315434455872,4299.0
5,0.35950198769569397,0.4368332326412201,0.6073171,38.781025,0.7046729,12.871634,0.4068582,0.4041958976359595,0.6093918681144714,0.711375892162323,3464.0
6,0.3521445393562317,0.422097384929657,0.40082645,33.390705,0.5856237,30.769232,0.49857086,0.49247565155937567,0.4252873659133911,0.6047032475471497,570.0
7,0.3385361135005951,0.4026400148868561,0.72469115,15.794838,0.71640265,26.916275,0.42813674,0.42363238334655756,0.7412964105606079,0.7260839939117432,3168.0
8,0.3669354021549225,0.4481103718280792,0.56596005,49.005596,0.72246957,14.620188,0.37394097,0.3717912492297945,0.5736369490623474,0.7445603609085083,2570.0
9,0.3322924077510834,0.4509682357311249,0.5806892,53.888332,0.6827492,27.279875,0.41769224,0.41628847803388314,0.5815554261207581,0.707198441028595,1639.0
