,rmses,IR_rmses,rater0_sample_top_dice,rater0_sample_best_avd,rater1_sample_top_dice,rater1_sample_best_avd,GED_vol_sorted,GED_dice_sorted,rater0_best_dice_dsorted_ss5,rater1_best_dice_dsorted_ss5,mean_gt_vols
0,0.34677812457084656,0.40230023860931396,0.525884,5.761941,0.75861174,6.9679847,0.2022397,0.19133281111717226,0.5425160527229309,0.7783512473106384,3177.5
1,0.3319384455680847,0.3873897194862366,0.6833542,3.8706632,0.7765169,7.109262,0.23273103,0.2287428498268127,0.7157134413719177,0.795447826385498,4882.5
2,0.3291253447532654,0.3535999655723572,0.3939394,23.728813,0.6615905,9.946714,0.13107873,0.12154012322425839,0.4375,0.696394681930542,399.5
3,0.3645308017730713,0.39210227131843567,0.5964109,5.478261,0.74444443,4.11056,0.26414347,0.25859386920928956,0.641697883605957,0.7636761665344238,1280.5
4,0.34051504731178284,0.42172083258628845,0.6875191,6.209344,0.69909394,39.187115,0.361643,0.3577283143997193,0.7153449654579163,0.7017249464988708,4299.0
5,0.3514646291732788,0.4349914491176605,0.63267463,37.08528,0.7215353,10.458202,0.32750493,0.3258713364601136,0.6329036951065063,0.7378489375114441,3464.0
6,0.3320509195327759,0.42914581298828125,0.39091808,25.645437,0.56508577,22.719141,0.42217806,0.4047537982463837,0.4293537735939026,0.5950782895088196,570.0
7,0.33413174748420715,0.3845527172088623,0.73803216,7.7105975,0.7451301,19.899765,0.3453845,0.34389122724533083,0.7487437129020691,0.7559134364128113,3168.0
8,0.34733617305755615,0.4366491734981537,0.6038561,43.66066,0.71925753,5.671176,0.282827,0.2790990412235259,0.612700343132019,0.7482718825340271,2570.0
9,0.38438519835472107,0.45219382643699646,0.5475793,50.697906,0.6448474,22.248428,0.43645144,0.43209949135780323,0.5586440563201904,0.6710650324821472,1639.0
