,rmses,IR_rmses,rater0_sample_top_dice,rater0_sample_best_avd,rater1_sample_top_dice,rater1_sample_best_avd,GED_vol_sorted,GED_dice_sorted,rater0_best_dice_dsorted_ss20,rater1_best_dice_dsorted_ss20,mean_gt_vols
0,0.33106669783592224,0.40270164608955383,0.5342067,0.79605764,0.7863662,2.259887,0.21420227,0.20683963824259607,0.5661736726760864,0.8050332069396973,3177.5
1,0.32157954573631287,0.3886125683784485,0.71130013,0.6844466,0.80922014,1.447178,0.22425762,0.22204449866947373,0.730893075466156,0.8295271396636963,4882.5
2,0.3609873354434967,0.3857770562171936,0.3951613,10.169491,0.655706,0.0,0.24716304,0.2408434429451039,0.44680851697921753,0.6842105388641357,399.5
3,0.3679131865501404,0.39974382519721985,0.57523966,0.17391305,0.7452114,0.9922041,0.32868463,0.3222273461128537,0.6252143979072571,0.7841539978981018,1280.5
4,0.32314178347587585,0.42366811633110046,0.71227914,2.0402129,0.72158766,33.838192,0.35289824,0.3463149177400689,0.7437348365783691,0.7318670749664307,4299.0
5,0.34686097502708435,0.4298383295536041,0.63095236,30.72008,0.71290195,1.3990906,0.36631763,0.362316500905313,0.6434004306793213,0.7340118885040283,3464.0
6,0.3330109119415283,0.3992212414741516,0.49577466,4.302926,0.65388304,0.53667265,0.32023284,0.3073102254224451,0.5558739304542542,0.6992031931877136,570.0
7,0.34667035937309265,0.38893425464630127,0.7581812,2.7853262,0.7607931,2.8301888,0.32072806,0.31279091238975526,0.7976653575897217,0.7896857261657715,3168.0
8,0.3390958905220032,0.43327829241752625,0.62713146,35.985085,0.75162107,6.8158174,0.2969561,0.2941313568306598,0.6342405080795288,0.7704590559005737,2570.0
9,0.3307780921459198,0.4450840651988983,0.61493504,46.46062,0.73657286,15.566037,0.39063567,0.38898465194200216,0.6188753843307495,0.7630375027656555,1639.0
