,rmses,IR_rmses,rater0_sample_top_dice,rater0_sample_best_avd,rater1_sample_top_dice,rater1_sample_best_avd,GED_vol_sorted,GED_dice_sorted,rater0_best_dice_dsorted_ss25,rater1_best_dice_dsorted_ss25,mean_gt_vols
0,0.3375224769115448,0.40117838978767395,0.53039074,0.6065201,0.7835405,1.7487221,0.15602595,0.14801467289527254,0.568272054195404,0.8205128312110901,3177.5
1,0.2923450171947479,0.3773047924041748,0.72389096,0.30682087,0.82190996,0.6874096,0.11241965,0.10672094404697419,0.7555816769599915,0.8548150658607483,4882.5
2,0.34428727626800537,0.357657253742218,0.40074906,9.322034,0.6570946,0.1776199,0.0684989,0.05783853535850836,0.5041736364364624,0.7559893727302551,399.5
3,0.341398149728775,0.38646388053894043,0.6165228,0.4347826,0.7728285,2.3387668,0.17576653,0.16576705922683083,0.6821905970573425,0.8078712224960327,1280.5
4,0.31543922424316406,0.4109047055244446,0.7255559,0.14784151,0.77398765,7.7837424,0.20500644,0.19331379046042757,0.7712418437004089,0.791140615940094,4299.0
5,0.33907172083854675,0.4205331802368164,0.6667568,18.28459,0.7257384,2.238545,0.21708213,0.21257480204105383,0.6938307285308838,0.7629906535148621,3464.0
6,0.31885987520217896,0.3984162211418152,0.4939551,0.68846816,0.66734076,3.2200358,0.17255835,0.1455759479602179,0.5730443000793457,0.7302231192588806,570.0
7,0.322952002286911,0.3718413710594177,0.78682613,1.6983695,0.7874461,1.798349,0.17029862,0.15782985448837283,0.8147248029708862,0.8216863870620728,3168.0
8,0.3365345299243927,0.43002259731292725,0.6476613,17.961466,0.74370456,0.05202914,0.17810851,0.17101869970560074,0.6875802874565125,0.7855936884880066,2570.0
9,0.29978418350219727,0.428875207901001,0.63550836,23.330011,0.72896403,1.336478,0.22223169,0.21461463451385487,0.658868134021759,0.7833547592163086,1639.0
