,rmses,IR_rmses,rater0_sample_top_dice,rater0_sample_best_avd,rater1_sample_top_dice,rater1_sample_best_avd,GED_vol_sorted,GED_dice_sorted,rater0_best_dice_dsorted_ss5,rater1_best_dice_dsorted_ss5,mean_gt_vols
0,0.340459942817688,0.3989121913909912,0.5184641,4.3214555,0.76847595,24.535917,0.3893363,0.38932512998580926,0.5210487246513367,0.7709102034568787,3177.5
1,0.31201353669166565,0.3778369128704071,0.7084698,1.7465187,0.7996357,20.857452,0.32918134,0.32917536497116084,0.7107688784599304,0.8021466135978699,4882.5
2,0.3162021040916443,0.3552775979042053,0.3658171,82.62712,0.68209255,18.827707,0.44521397,0.4451455146074294,0.3762962818145752,0.688622772693634,399.5
3,0.3449877202510834,0.3807527720928192,0.59285396,2.2608695,0.74477315,20.340185,0.4463117,0.44628810882568365,0.5965379476547241,0.749603807926178,1280.5
4,0.3245145082473755,0.4046950042247772,0.67768323,18.657598,0.6700138,47.25844,0.4918724,0.4918687760829926,0.6807327270507812,0.6705173254013062,4299.0
5,0.3516782820224762,0.425157368183136,0.5498832,52.69108,0.6956522,32.668766,0.5517485,0.5517337918281555,0.5507779717445374,0.6976743936538696,3464.0
6,0.32649070024490356,0.40930578112602234,0.4231214,48.364887,0.6014151,46.332737,0.6112241,0.6112898528575896,0.4293915033340454,0.6061320900917053,570.0
7,0.33006465435028076,0.37546998262405396,0.7406137,21.36549,0.7370644,31.751179,0.46094275,0.4609388649463653,0.7427045702934265,0.7388937473297119,3168.0
8,0.36047786474227905,0.44118979573249817,0.4963801,62.647606,0.6818182,37.460976,0.5818097,0.5818033277988434,0.49807387590408325,0.6842105388641357,2570.0
9,0.33155035972595215,0.4393475353717804,0.5200996,59.870384,0.7222758,36.713837,0.5274459,0.5274459302425384,0.5204699039459229,0.7245537638664246,1639.0
