,rmses,IR_rmses,rater0_sample_top_dice,rater0_sample_best_avd,rater1_sample_top_dice,rater1_sample_best_avd,GED_vol_sorted,GED_dice_sorted,rater0_best_dice_dsorted_ss15,rater1_best_dice_dsorted_ss15,mean_gt_vols
0,0.33538973331451416,0.39921852946281433,0.5287901,2.236543,0.78677636,1.9639494,0.12538996,0.11524974945045663,0.5622560977935791,0.824940025806427,3177.5
1,0.2969593405723572,0.3770439922809601,0.71582735,0.5428369,0.8183787,1.8089725,0.10358599,0.09810910537129358,0.7508121728897095,0.8501610159873962,4882.5
2,0.33466798067092896,0.3463045358657837,0.3538961,12.288136,0.6301587,2.1314387,0.06547795,0.055887843952292404,0.45906901359558105,0.7296819686889648,399.5
3,0.34080931544303894,0.3820571005344391,0.61130434,0.0,0.75517374,2.7639973,0.15144251,0.1395652094057629,0.6672376990318298,0.8025797009468079,1280.5
4,0.3287014067173004,0.413594514131546,0.70909375,0.08870491,0.7540731,15.049847,0.19950475,0.18814018283571526,0.7533354163169861,0.7771013379096985,4299.0
5,0.344918429851532,0.4254280924797058,0.64151967,18.874416,0.7229046,3.952431,0.21852396,0.21225059117589673,0.6740157604217529,0.7643998265266418,3464.0
6,0.3322816789150238,0.4098989963531494,0.4979525,3.6144576,0.6738159,0.17889087,0.15801342,0.1319294604517165,0.5740740895271301,0.7271062135696411,570.0
7,0.328398734331131,0.373092383146286,0.7858188,2.2758152,0.7849022,1.326651,0.15937072,0.14685376031058178,0.8124572038650513,0.815488338470459,3168.0
8,0.3461371958255768,0.43269777297973633,0.6483535,17.868242,0.744198,1.7689906,0.15046716,0.14207410315672564,0.6826992034912109,0.7914823293685913,2570.0
9,0.3091095983982086,0.4352037310600281,0.6305448,32.552345,0.7355623,6.3679247,0.23488013,0.2284346566313789,0.6429705023765564,0.7762393951416016,1639.0
