,rmses,IR_rmses,rater0_sample_top_dice,rater0_sample_best_avd,rater1_sample_top_dice,rater1_sample_best_avd,GED_vol_sorted,GED_dice_sorted,rater0_best_dice_dsorted_ss15,rater1_best_dice_dsorted_ss15,mean_gt_vols
0,0.33374837040901184,0.38851413130760193,0.5251275,5.799848,0.76932424,22.841,0.38264793,0.3826412464891162,0.5301116704940796,0.772256076335907,3177.5
1,0.2946653664112091,0.35825276374816895,0.7260413,8.496578,0.8251639,14.887844,0.270573,0.2705632442519778,0.7293614149093628,0.8285602331161499,4882.5
2,0.3407239019870758,0.3629182279109955,0.35947713,52.54237,0.51970184,30.017763,0.61011297,0.6100773985896792,0.3669421374797821,0.5304812788963318,399.5
3,0.34311848878860474,0.375228613615036,0.59770113,9.043478,0.7198364,25.868177,0.46957552,0.4695461818150112,0.6038603186607361,0.7247443795204163,1280.5
4,0.3711255192756653,0.4007568955421448,0.6505939,33.205204,0.5864883,56.69095,0.6015479,0.6015275327932268,0.6540790796279907,0.5876840949058533,4299.0
5,0.34164997935295105,0.41807129979133606,0.5541729,51.68346,0.7029271,31.234697,0.542173,0.5421639712083908,0.5572735071182251,0.7071294784545898,3464.0
6,0.3226722776889801,0.42550405859947205,0.36626506,55.421684,0.53333336,53.667267,0.71927625,0.7192756462664832,0.37288135290145874,0.5396039485931396,570.0
7,0.3247113823890686,0.33851397037506104,0.7661276,11.379076,0.74878824,23.083727,0.4044437,0.40442719062169397,0.7701795697212219,0.7533165216445923,3168.0
8,0.3364969789981842,0.4176323115825653,0.53992563,57.830956,0.7105825,29.396461,0.49833122,0.4983241558074951,0.5415936708450317,0.7161250710487366,2570.0
9,0.42347851395606995,0.43143829703330994,0.3937864,71.63509,0.51819664,55.2673,0.8245104,0.8244959344466528,0.3954846262931824,0.5230262875556946,1639.0
