,rmses,IR_rmses,rater0_sample_top_dice,rater0_sample_best_avd,rater1_sample_top_dice,rater1_sample_best_avd,GED_vol_sorted,GED_dice_sorted,rater0_best_dice_dsorted_ss15,rater1_best_dice_dsorted_ss15,mean_gt_vols
0,0.35743248462677,0.409683495759964,0.51272166,2.691433,0.72834396,30.938929,0.46228907,0.46228777681078237,0.5146604776382446,0.7298804521560669,3177.5
1,0.3290058970451355,0.3970317244529724,0.69407153,0.9204626,0.7758585,24.059334,0.39003554,0.39003353743326097,0.6959210634231567,0.7773429751396179,4882.5
2,0.40100929141044617,0.39097651839256287,0.30769232,73.305084,0.5259939,25.754885,0.6735645,0.6735578884681065,0.30911901593208313,0.5276073813438416,399.5
3,0.39714694023132324,0.41013091802597046,0.4629049,33.217392,0.58563536,45.57052,0.76053935,0.7605377583276658,0.4648478627204895,0.5873674750328064,1280.5
4,0.34160906076431274,0.4169199466705322,0.6541328,25.42874,0.62289995,51.648773,0.5825457,0.5825445126919521,0.6559157967567444,0.6231415867805481,4299.0
5,0.4044807553291321,0.4471879005432129,0.48682335,61.98083,0.60154474,45.89017,0.7266363,0.7266355190958296,0.48752671480178833,0.6033189296722412,3464.0
6,0.3371703624725342,0.43419569730758667,0.34679335,54.044754,0.535109,52.236134,0.761463,0.7614458902960731,0.34916865825653076,0.5370595455169678,570.0
7,0.36187246441841125,0.3940366208553314,0.69629925,31.114132,0.6841522,40.212265,0.59169424,0.5916896161578951,0.6995967626571655,0.6855136752128601,3168.0
8,0.36130291223526,0.44617217779159546,0.5181859,61.528896,0.6841772,35.58793,0.57121915,0.571220456418537,0.5186516642570496,0.6856961846351624,2570.0
9,0.33173975348472595,0.4431267976760864,0.52903223,60.917248,0.6935798,38.36478,0.5629251,0.5629184788181667,0.5296016931533813,0.6945932507514954,1639.0
