,rmses,IR_rmses,rater0_sample_top_dice,rater0_sample_best_avd,rater1_sample_top_dice,rater1_sample_best_avd,GED_vol_sorted,GED_dice_sorted,rater0_best_dice_dsorted_ss20,rater1_best_dice_dsorted_ss20,mean_gt_vols
0,0.37552574276924133,0.4101215600967407,0.50652647,0.075815015,0.7477585,19.962334,0.41196257,0.4117887391071571,0.5166174173355103,0.7518457174301147,3177.5
1,0.33193114399909973,0.38804513216018677,0.70181525,0.04720321,0.79460746,17.510853,0.33483708,0.33465970189947836,0.7115656137466431,0.7981945872306824,4882.5
2,0.40096619725227356,0.3824070692062378,0.35694823,87.71187,0.66118723,0.3552398,0.44721028,0.4469195122781553,0.37365591526031494,0.6727941036224365,399.5
3,0.37275272607803345,0.39309442043304443,0.5844827,0.6086957,0.7237505,14.245216,0.4513848,0.451156351283977,0.6107142567634583,0.7307844161987305,1280.5
4,0.3097555935382843,0.41061264276504517,0.70720357,10.644589,0.6907016,42.062885,0.4294579,0.4293333517877679,0.7177249789237976,0.6927483081817627,4299.0
5,0.3350307047367096,0.41616714000701904,0.58953434,46.424183,0.7207779,23.749563,0.47979724,0.4796791053132007,0.5923423171043396,0.7256457209587097,3464.0
6,0.34250524640083313,0.4292033910751343,0.3860045,47.504303,0.5399061,45.438282,0.67127705,0.6712319372123793,0.4009546637535095,0.5452408790588379,570.0
7,0.32485321164131165,0.3706970810890198,0.7779544,7.7105975,0.7641185,19.899765,0.37543094,0.37520390921517427,0.7862787246704102,0.7686962485313416,3168.0
8,0.31924012303352356,0.4250624179840088,0.5761194,54.257305,0.72539777,23.41311,0.44874257,0.44861029229666066,0.5777778029441833,0.7333333492279053,2570.0
9,0.3292209804058075,0.42322003841400146,0.55351573,56.081753,0.67162097,30.738995,0.53458065,0.5345085594214891,0.555323600769043,0.6841602921485901,1639.0
