,rmses,IR_rmses,rater0_sample_top_dice,rater0_sample_best_avd,rater1_sample_top_dice,rater1_sample_best_avd,GED_vol_sorted,GED_dice_sorted,rater0_best_dice_dsorted_ss25,rater1_best_dice_dsorted_ss25,mean_gt_vols
0,0.36983317136764526,0.40798184275627136,0.51267606,11.599696,0.7098694,37.261234,0.35040286,0.34878547261158627,0.5282528400421143,0.7168796062469482,3177.5
1,0.3768140375614166,0.4010070860385895,0.69084203,8.000944,0.75175047,29.486252,0.32796475,0.3260732070604961,0.7229261994361877,0.7604390978813171,4882.5
2,0.33918851613998413,0.3782542943954468,0.39175257,2.5423727,0.5863596,0.5328597,0.20861974,0.2026096644997596,0.5195876359939575,0.6590436697006226,399.5
3,0.4047084152698517,0.4099849760532379,0.5095286,19.391304,0.63558596,34.301914,0.4742678,0.4733626460035643,0.5674065947532654,0.6605664491653442,1280.5
4,0.4705969989299774,0.45529237389564514,0.6200364,37.670017,0.5587111,59.585888,0.5889562,0.587968080441157,0.6302489638328552,0.5599343180656433,4299.0
5,0.4528323709964752,0.46018603444099426,0.4866988,62.349476,0.626281,46.414833,0.54273903,0.5423840369780858,0.5004481077194214,0.6342923045158386,3464.0
6,0.3591378927230835,0.44207650423049927,0.40943193,39.414803,0.5751921,37.03041,0.5110374,0.5051981070637703,0.45768773555755615,0.6323184967041016,570.0
7,0.5039761066436768,0.44740280508995056,0.573778,51.290764,0.5370908,57.72406,0.71112895,0.7103345827261607,0.582044780254364,0.5536912679672241,3168.0
8,0.4918416440486908,0.46695953607559204,0.43056542,68.64512,0.6223132,47.5026,0.5772595,0.5761041169365246,0.44327932596206665,0.6391468644142151,2570.0
9,0.4681372344493866,0.47073787450790405,0.47675276,64.90529,0.66295546,44.65409,0.5464612,0.5450592758258184,0.4819366931915283,0.6748844385147095,1639.0
