,rmses,IR_rmses,rater0_sample_top_dice,rater0_sample_best_avd,rater1_sample_top_dice,rater1_sample_best_avd,GED_vol_sorted,GED_dice_sorted,rater0_best_dice_dsorted_ss15,rater1_best_dice_dsorted_ss15,mean_gt_vols
0,0.3294842541217804,0.39165937900543213,0.5279243,1.3646703,0.7962989,4.3583536,0.108154185,0.09573682645956683,0.5703139305114746,0.7918712496757507,3177.5
1,0.30214452743530273,0.37158289551734924,0.7102266,1.7229172,0.81531066,3.0571635,0.103774026,0.09736123482386277,0.7490002512931824,0.8465107679367065,4882.5
2,0.34512394666671753,0.34619075059890747,0.35019454,17.79661,0.6414763,2.1314387,0.0803208,0.07090545623075395,0.49367088079452515,0.7511312365531921,399.5
3,0.34008118510246277,0.38002070784568787,0.58859384,0.26086956,0.75170326,1.7717931,0.14275247,0.13023438524632236,0.6779367327690125,0.7996982336044312,1280.5
4,0.3281041383743286,0.40069127082824707,0.71865535,0.6505026,0.74880487,0.32592025,0.149795,0.1358128289381662,0.7672180533409119,0.7794510126113892,4299.0
5,0.34301698207855225,0.41693514585494995,0.6497913,2.777095,0.72539794,0.38474992,0.16690502,0.15526582797368366,0.6971642374992371,0.7638737559318542,3464.0
6,0.32863354682922363,0.40419167280197144,0.47145188,1.0327022,0.6461794,2.862254,0.13980585,0.11092442536637903,0.5681818127632141,0.7095516324043274,570.0
7,0.32400184869766235,0.36348941922187805,0.7722976,2.34375,0.7627254,0.5011792,0.15590625,0.13989685461634688,0.8079007267951965,0.799704372882843,3168.0
8,0.3332553803920746,0.42075496912002563,0.6212032,7.7377253,0.738114,1.925078,0.15399167,0.14099851406755914,0.6646928191184998,0.7881286144256592,2570.0
9,0.3368852138519287,0.4317358136177063,0.63414633,12.512464,0.73670095,6.6037736,0.18437357,0.17474440847124362,0.663840115070343,0.7830508351325989,1639.0
