,rmses,IR_rmses,rater0_sample_top_dice,rater0_sample_best_avd,rater1_sample_top_dice,rater1_sample_best_avd,GED_vol_sorted,GED_dice_sorted,rater0_best_dice_dsorted_ss5,rater1_best_dice_dsorted_ss5,mean_gt_vols
0,0.39886781573295593,0.4144574999809265,0.7535348,4.654291,0.50568944,26.535255,0.41427183,0.4142608046531676,0.7568545341491699,0.5090430974960327,3177.5
1,0.32937464118003845,0.3892466127872467,0.80990463,12.246743,0.7087521,8.992211,0.31226346,0.3122609972953796,0.8116838932037354,0.7107142806053162,4882.5
2,0.43622735142707825,0.39401471614837646,0.5745342,16.16341,0.2539326,177.11865,0.6088943,0.6087533116340637,0.5844461917877197,0.2668136656284332,399.5
3,0.3919297456741333,0.40005379915237427,0.7148232,11.622962,0.5673158,4.2608695,0.5122155,0.5121907532215119,0.7180650234222412,0.5702270865440369,1280.5
4,0.3169652223587036,0.3930349051952362,0.7166936,33.934048,0.7223307,0.118273206,0.38339767,0.38338544368743893,0.7181744575500488,0.7271379828453064,4299.0
5,0.3460177481174469,0.4194917380809784,0.7008648,22.035677,0.60114324,45.219955,0.49186385,0.4917909562587738,0.7036449909210205,0.6032556891441345,3464.0
6,0.37161019444465637,0.4011143743991852,0.6095061,0.8944544,0.45296803,0.17211704,0.57067496,0.5705370366573332,0.6170799136161804,0.4575045108795166,570.0
7,0.3382878601551056,0.3627481460571289,0.7679415,3.979953,0.76324505,5.1630435,0.39097172,0.3909541070461273,0.7707064747810364,0.7641338109970093,3168.0
8,0.32261180877685547,0.4048193395137787,0.72341585,7.440166,0.6167701,44.717216,0.41020647,0.4101241290569305,0.7286652326583862,0.6186559796333313,2570.0
9,0.29349467158317566,0.4057648777961731,0.71103764,9.827044,0.64446557,42.821537,0.4039873,0.4038415312767029,0.7173637747764587,0.6454081535339355,1639.0
