,rmses,IR_rmses,rater0_sample_top_dice,rater0_sample_best_avd,rater1_sample_top_dice,rater1_sample_best_avd,GED_vol_sorted,GED_dice_sorted,rater0_best_dice_dsorted_ss7,rater1_best_dice_dsorted_ss7,mean_gt_vols
0,0.33635810017585754,0.3899771571159363,0.52484745,17.399546,0.78072995,15.711596,0.37868905,0.378684530655543,0.5265171527862549,0.7833089232444763,3177.5
1,0.31021422147750854,0.36929017305374146,0.70655704,17.960821,0.8291852,8.664978,0.29890823,0.29890641712007066,0.7077788710594177,0.8302708864212036,4882.5
2,0.33904626965522766,0.3480623662471771,0.35228848,105.50847,0.5687023,11.900533,0.59301317,0.5930152904419672,0.3535911738872528,0.5703421831130981,399.5
3,0.352645605802536,0.3789162337779999,0.572599,8.347826,0.6997559,25.301207,0.53708583,0.5370851301011584,0.5735093355178833,0.7013832330703735,1280.5
4,0.31213492155075073,0.39445966482162476,0.7010376,17.622707,0.67108226,46.58742,0.4752548,0.4752517825081235,0.7026324272155762,0.671333909034729,4299.0
5,0.3384440243244171,0.408889502286911,0.5817826,49.44704,0.6997559,28.051767,0.5272583,0.5272578526110876,0.5826797485351562,0.7017543911933899,3464.0
6,0.32510265707969666,0.39574140310287476,0.42337376,43.889843,0.61920905,41.681572,0.6140855,0.6141010423501332,0.4257206320762634,0.6227272748947144,570.0
7,0.3003200590610504,0.3409184515476227,0.77673346,8.45788,0.78462297,20.54835,0.36277652,0.362771783556257,0.7785879373550415,0.7863726019859314,3168.0
8,0.33203572034835815,0.40287867188453674,0.56594926,54.164078,0.7165146,23.257025,0.4815843,0.4815864449455625,0.567100465297699,0.7190082669258118,2570.0
9,0.3123646080493927,0.41896605491638184,0.55927473,57.028915,0.6798122,32.232704,0.54693544,0.5469367844717843,0.5605584383010864,0.6813910007476807,1639.0
