,rmses,IR_rmses,rater0_sample_top_dice,rater0_sample_best_avd,rater1_sample_top_dice,rater1_sample_best_avd,GED_vol_sorted,GED_dice_sorted,rater0_best_dice_dsorted_ss15,rater1_best_dice_dsorted_ss15,mean_gt_vols
0,0.3574718236923218,0.4054044187068939,0.74084336,25.181597,0.5223368,0.5686126,0.39624792,0.3960313737392425,0.744994580745697,0.5356379747390747,3177.5
1,0.3211180865764618,0.38782837986946106,0.8020719,18.397251,0.70783275,0.30682087,0.30256298,0.3023604211353121,0.8063607215881348,0.7189667820930481,4882.5
2,0.368241548538208,0.39495959877967834,0.52324325,35.7016,0.30508474,2.1186442,0.52497655,0.5234605664298648,0.5437997579574585,0.3472803235054016,399.5
3,0.3792518675327301,0.40587204694747925,0.65300894,33.947556,0.5523535,18.956522,0.55480874,0.5541263849962326,0.6600086688995361,0.5721468329429626,1280.5
4,0.3120063245296478,0.41030576825141907,0.6885446,42.848927,0.7100424,11.85689,0.41899937,0.4188844689301082,0.6896551847457886,0.7229970693588257,4299.0
5,0.3558086156845093,0.43579748272895813,0.66285956,34.62749,0.54732233,54.067337,0.5723407,0.5719266905671073,0.6676602363586426,0.549172043800354,3464.0
6,0.3458203673362732,0.4048554003238678,0.6234568,26.118067,0.47686118,28.91566,0.4852462,0.481900443917229,0.6363636255264282,0.4941921830177307,570.0
7,0.3354845643043518,0.38926032185554504,0.7288048,28.567215,0.7341159,17.69701,0.4626924,0.4623500296047755,0.7299774885177612,0.737730085849762,3168.0
8,0.3494550585746765,0.4339022636413574,0.68349755,31.009365,0.52288735,58.794285,0.5300929,0.5297836329255785,0.6927444934844971,0.524387538433075,2570.0
9,0.3288029730319977,0.4327647089958191,0.69818527,35.377357,0.5473833,59.022934,0.5177151,0.5174595654010772,0.7037215828895569,0.5480905175209045,1639.0
