,rater0_sample_top_dice,rater0_sample_best_avd,rater1_sample_top_dice,rater1_sample_best_avd,GED_vol_sorted,GED_dice_sorted,rater0_best_dice_dsorted_ss20,rater1_best_dice_dsorted_ss20
0,0.69818056,41.781006,0.5068721,17.968159,0.36231962,0.3619718528107593,0.702684223651886,0.5204170346260071
1,0.7535241,30.607813,0.7015979,9.464244,0.31873772,0.31743000157569584,0.7625257968902588,0.7330033779144287
2,0.56850713,11.722913,0.3838384,0.84745765,0.22855404,0.22284530671803582,0.6501614451408386,0.48510637879371643
3,0.6688991,30.687454,0.556391,14.956522,0.45738518,0.45430794381781625,0.6898047924041748,0.6088773012161255
4,0.5276262,62.94095,0.5971778,42.84447,0.61149436,0.610979211977438,0.5291807055473328,0.6098260283470154
5,0.6150393,44.176285,0.486143,60.776604,0.5418292,0.5409751703472514,0.6261426210403442,0.49337154626846313
6,0.5826772,40.96601,0.39297476,43.201378,0.55380964,0.5452908670039553,0.6233766078948975,0.4326328933238983
7,0.5802243,55.39505,0.6134171,48.607338,0.667935,0.667794212640116,0.583777129650116,0.6209076642990112
8,0.6185211,49.42768,0.42816228,69.79491,0.5942146,0.5929237535517466,0.623603343963623,0.43069544434547424
9,0.65223956,43.78931,0.46821022,64.356926,0.54935455,0.5473387559581744,0.6687148213386536,0.47643980383872986
