,rmses,IR_rmses,rater0_sample_top_dice,rater0_sample_best_avd,rater1_sample_top_dice,rater1_sample_best_avd,GED_vol_sorted,GED_dice_sorted,rater0_best_dice_dsorted_ss7,rater1_best_dice_dsorted_ss7,mean_gt_vols
0,0.39886781573295593,0.4144574999809265,0.75300366,4.492871,0.5056516,25.625473,0.4147431,0.4147417545318603,0.7574243545532227,0.5095332264900208,3177.5
1,0.32937464118003845,0.3892466127872467,0.8103166,12.029667,0.70875764,8.590984,0.31389835,0.31389109009788146,0.8117874264717102,0.7112699747085571,4882.5
2,0.43622735142707825,0.39401471614837646,0.57651824,15.45293,0.255079,175.42374,0.611232,0.6110834550289881,0.5855572819709778,0.26769912242889404,399.5
3,0.3919297456741333,0.40005379915237427,0.7147689,11.410347,0.5660859,4.173913,0.5125036,0.5124697259494237,0.719364583492279,0.5713083744049072,1280.5
4,0.3169652223587036,0.3930349051952362,0.716955,33.780678,0.72245634,0.44352454,0.38467163,0.3846523052170163,0.718619704246521,0.7274343967437744,4299.0
5,0.3460177481174469,0.4194917380809784,0.7011245,21.790834,0.6011102,45.047924,0.49272895,0.4926253386906216,0.7042979001998901,0.6041467189788818,3464.0
6,0.37161019444465637,0.4011143743991852,0.61105907,0.17889087,0.45179063,0.34423408,0.5724627,0.5722112783363889,0.6208791136741638,0.45874887704849243,570.0
7,0.3382878601551056,0.3627481460571289,0.7678435,3.39033,0.7654609,3.7703805,0.3867823,0.38679604303269155,0.7719458341598511,0.7673143744468689,3168.0
8,0.32261180877685547,0.4048193395137787,0.7235198,7.2840786,0.618,44.62399,0.41076604,0.41071937339646475,0.7286652326583862,0.6197352409362793,2570.0
9,0.29349467158317566,0.4057648777961731,0.71248955,9.669811,0.644691,42.721836,0.40790874,0.4078042748428526,0.7177966237068176,0.6458399891853333,1639.0
