,rmses,IR_rmses,rater0_sample_top_dice,rater0_sample_best_avd,rater1_sample_top_dice,rater1_sample_best_avd,GED_vol_sorted,GED_dice_sorted,rater0_best_dice_dsorted_ss5,rater1_best_dice_dsorted_ss5,mean_gt_vols
0,0.3346969783306122,0.3934301733970642,0.7657671,8.205542,0.5326515,7.278241,0.12767947,0.11772102713584892,0.7797824144363403,0.5417255759239197,3177.5
1,0.30028611421585083,0.3721223771572113,0.8134608,7.0188136,0.7185339,4.7675242,0.117583126,0.11466257274150848,0.8377652168273926,0.7410146594047546,4882.5
2,0.3814103603363037,0.37101277709007263,0.6442831,4.2628775,0.35870966,10.593221,0.12953305,0.1486392617225647,0.6645768284797668,0.4108843505382538,399.5
3,0.34804168343544006,0.383989155292511,0.74517226,0.0,0.6016807,6.9565215,0.22204247,0.22068291902542103,0.7779751420021057,0.6369947195053101,1280.5
4,0.299478143453598,0.37985050678253174,0.7676235,10.98543,0.70685506,3.31165,0.15982223,0.15228035449981686,0.7806225419044495,0.7506631016731262,4299.0
5,0.3416813910007477,0.41224491596221924,0.7084871,0.62959075,0.62053394,14.966822,0.26632884,0.25913999676704397,0.7441349029541016,0.6447179913520813,3464.0
6,0.33550822734832764,0.403909295797348,0.60793805,15.205725,0.43981043,12.048193,0.23330699,0.23130623400211336,0.6254681944847107,0.47920793294906616,570.0
7,0.3199598491191864,0.3586387634277344,0.7689698,8.844339,0.76344854,5.027174,0.17008542,0.1587901055812836,0.788750171661377,0.781244695186615,3168.0
8,0.3295411765575409,0.42204007506370544,0.70205975,2.4973984,0.57776904,17.246737,0.21982981,0.201533156633377,0.7050703763961792,0.6266793012619019,2570.0
9,0.3056918680667877,0.42386797070503235,0.7359232,8.097484,0.5933156,31.455633,0.26578945,0.24719048738479615,0.7660130858421326,0.6032248139381409,1639.0
