,rmses,IR_rmses,rater0_sample_top_dice,rater0_sample_best_avd,rater1_sample_top_dice,rater1_sample_best_avd,GED_vol_sorted,GED_dice_sorted,rater0_best_dice_dsorted_ss15,rater1_best_dice_dsorted_ss15,mean_gt_vols
0,0.33635810017585754,0.3899771571159363,0.780616,15.577078,0.5239085,17.1721,0.38036484,0.38036114658628184,0.7831554412841797,0.5260597467422485,3177.5
1,0.31021422147750854,0.36929017305374146,0.82913905,8.53835,0.7066089,17.842813,0.29880175,0.2988006830215454,0.8312328457832336,0.7082116007804871,4882.5
2,0.33904626965522766,0.3480623662471771,0.5689981,10.657193,0.35213205,103.81357,0.5904004,0.590391091079939,0.5749525427818298,0.35684648156166077,399.5
3,0.352645605802536,0.3789162337779999,0.7002028,25.230333,0.5725953,8.260869,0.53681475,0.5368143796920777,0.7019113302230835,0.5746812224388123,1280.5
4,0.31213492155075073,0.39445966482162476,0.6708307,46.529907,0.7009573,17.534004,0.4755146,0.47551382836841405,0.6712482571601868,0.7027290463447571,4299.0
5,0.3384440243244171,0.408889502286911,0.70069134,27.981812,0.5822454,49.397884,0.5279817,0.5279773451033093,0.702812910079956,0.5843137502670288,3464.0
6,0.32510265707969666,0.39574140310287476,0.6207675,41.502686,0.42511013,43.717728,0.6188509,0.6188457971527463,0.6242905855178833,0.42699116468429565,570.0
7,0.3003200590610504,0.3409184515476227,0.78453946,20.489388,0.7768126,8.389945,0.36441582,0.36441554512296404,0.7862318754196167,0.7791422009468079,3168.0
8,0.33203572034835815,0.40287867188453674,0.7172373,23.100937,0.56601363,54.070854,0.48194495,0.4819438823631832,0.7196924686431885,0.5681963562965393,2570.0
9,0.3123646080493927,0.41896605491638184,0.6800937,32.15409,0.5597769,56.97906,0.54794955,0.5479495630377815,0.6826516389846802,0.5614525079727173,1639.0
