,rmses,IR_rmses,rater0_sample_top_dice,rater0_sample_best_avd,rater1_sample_top_dice,rater1_sample_best_avd,GED_vol_sorted,GED_dice_sorted,rater0_best_dice_dsorted_ss3,rater1_best_dice_dsorted_ss3,mean_gt_vols
0,0.34684130549430847,0.3903988003730774,0.7444099,26.741997,0.5164794,2.4260805,0.43611872,0.4361182153224945,0.7455308437347412,0.5174930095672607,3177.5
1,0.34725120663642883,0.3858930766582489,0.72512466,33.104195,0.6601134,12.721264,0.49063778,0.4906355043252309,0.725892186164856,0.6613656282424927,4882.5
2,0.35531970858573914,0.38121190667152405,0.58232933,21.669628,0.3168909,83.47458,0.6049447,0.6049299488464991,0.585170328617096,0.3168908953666687,399.5
3,0.38085997104644775,0.3911500573158264,0.6032986,36.71155,0.47577092,22.347826,0.72422016,0.7242086231708528,0.6052173972129822,0.4776412844657898,1280.5
4,0.35530349612236023,0.40569084882736206,0.61637986,51.82132,0.68566585,25.694857,0.5515248,0.5515235662460328,0.6165394186973572,0.686354398727417,4299.0
5,0.35387900471687317,0.4190989136695862,0.6873568,32.07415,0.57660955,52.273285,0.5483519,0.5483512183030447,0.6877865791320801,0.5768014788627625,3464.0
6,0.34907445311546326,0.41008514165878296,0.5186916,46.869408,0.33712983,48.881237,0.7655571,0.765449032187462,0.522352933883667,0.33983927965164185,570.0
7,0.32943785190582275,0.35765206813812256,0.7549118,22.67099,0.7650234,10.903533,0.41954803,0.4195459683736166,0.7557849287986755,0.7663248777389526,3168.0
8,0.3436933159828186,0.42330390214920044,0.70374924,30.697191,0.5389011,58.60783,0.52807355,0.5280732214450837,0.7039655447006226,0.5389010906219482,2570.0
9,0.378753662109375,0.4352134168148041,0.5432361,51.808178,0.45360824,69.44167,0.78524554,0.7852455675601958,0.5432360768318176,0.4536082446575165,1639.0
