,rmses,IR_rmses,rater0_sample_top_dice,rater0_sample_best_avd,rater1_sample_top_dice,rater1_sample_best_avd,GED_vol_sorted,GED_dice_sorted,rater0_best_dice_dsorted_ss5,rater1_best_dice_dsorted_ss5,mean_gt_vols
0,0.32484278082847595,0.38046178221702576,0.7839767,13.317192,0.53151184,8.112206,0.31934986,0.3192209243774415,0.7892271876335144,0.5398448705673218,3177.5
1,0.3028511106967926,0.35125118494033813,0.8219751,9.678003,0.7233071,6.679254,0.25235242,0.25237278938293456,0.8268381357192993,0.7289824485778809,4882.5
2,0.3324730098247528,0.34314048290252686,0.68288445,4.4404974,0.32524273,149.15254,0.43989933,0.4397562801837921,0.6967632174491882,0.3435294032096863,399.5
3,0.3256939947605133,0.37738436460494995,0.74925596,6.3075833,0.6034483,1.7391304,0.40064508,0.400641530752182,0.7598646879196167,0.6116546392440796,1280.5
4,0.2982998192310333,0.35994499921798706,0.73954546,31.288343,0.71882355,1.0644588,0.3378937,0.3378080725669861,0.7414265871047974,0.7271382212638855,4299.0
5,0.33753058314323425,0.3909652829170227,0.7204921,18.04827,0.5945103,42.41828,0.45231044,0.45213060379028314,0.7258971929550171,0.5969539880752563,3464.0
6,0.30853405594825745,0.3704175651073456,0.6626984,0.7155635,0.46328673,3.0981069,0.4455869,0.44459789991378795,0.6795367002487183,0.48131266236305237,570.0
7,0.2976968586444855,0.3153538703918457,0.786233,13.26651,0.78591067,0.06793478,0.3083376,0.30830042958259585,0.7900684475898743,0.7931392788887024,3168.0
8,0.30122846364974976,0.3814850449562073,0.7487011,9.729448,0.6089239,46.084522,0.3582628,0.3581174075603485,0.7604196071624756,0.6110998392105103,2570.0
9,0.2999092936515808,0.38948649168014526,0.7242833,13.522013,0.613651,45.16451,0.38846508,0.3881111681461334,0.7357422709465027,0.6183825731277466,1639.0
