,rmses,IR_rmses,rater0_sample_top_dice,rater0_sample_best_avd,rater1_sample_top_dice,rater1_sample_best_avd,GED_vol_sorted,GED_dice_sorted,rater0_best_dice_dsorted_ss15,rater1_best_dice_dsorted_ss15,mean_gt_vols
0,0.3343752324581146,0.40263426303863525,0.7830731,3.5512512,0.53246254,1.3646703,0.13078287,0.12365514863105048,0.8111252784729004,0.5735160112380981,3177.5
1,0.299735963344574,0.3802593946456909,0.8130471,2.948625,0.72006667,1.6993155,0.10119726,0.09647686282793683,0.8456525802612305,0.7551117539405823,4882.5
2,0.3638646602630615,0.3688192069530487,0.66848814,1.7761989,0.36899224,23.305086,0.069533914,0.07390037689890183,0.7303465604782104,0.4670846462249756,399.5
3,0.3424813747406006,0.38784417510032654,0.7502783,2.4096384,0.5940838,1.3043478,0.17368126,0.16287188302902955,0.8021937608718872,0.6716614961624146,1280.5
4,0.3054391145706177,0.4107400178909302,0.7665872,6.9785275,0.7205629,3.5777647,0.16439575,0.1586008040677933,0.7888479828834534,0.7684906721115112,4299.0
5,0.33904510736465454,0.42314964532852173,0.7388702,5.666317,0.6503554,20.201523,0.22636496,0.21643352565311252,0.7616608738899231,0.6802308559417725,3464.0
6,0.30833739042282104,0.39559435844421387,0.6811881,5.1878357,0.49575552,2.7538726,0.11662891,0.08745332573141362,0.7293388247489929,0.5788113474845886,570.0
7,0.30881839990615845,0.36961665749549866,0.7772763,6.957547,0.77286744,1.6983695,0.16452451,0.14956218657039455,0.8053509593009949,0.8120028972625732,3168.0
8,0.3244527280330658,0.42851653695106506,0.7541993,0.36420396,0.6574966,19.266624,0.15564571,0.14133721590042114,0.7898973226547241,0.6877729296684265,2570.0
9,0.29039984941482544,0.43007659912109375,0.7349823,6.2893085,0.6345238,23.529411,0.20497862,0.18904694716135656,0.7712128162384033,0.6705557107925415,1639.0
