,rmses,IR_rmses,rater0_sample_top_dice,rater0_sample_best_avd,rater1_sample_top_dice,rater1_sample_best_avd,GED_vol_sorted,GED_dice_sorted,rater0_best_dice_dsorted_ss15,rater1_best_dice_dsorted_ss15,mean_gt_vols
0,0.33420178294181824,0.3972427546977997,0.78561276,1.1299435,0.53219473,3.297953,0.11623347,0.10615546816871285,0.8119983077049255,0.5615854859352112,3177.5
1,0.29974251985549927,0.3756134510040283,0.8156892,3.491317,0.7159359,0.23601605,0.09812085,0.09172160795756745,0.8486719131469727,0.7477210760116577,4882.5
2,0.34040725231170654,0.3475561738014221,0.65919703,2.8419185,0.3800322,11.440678,0.061252028,0.06345643869468143,0.7456700205802917,0.4927007257938385,399.5
3,0.34455612301826477,0.3816736936569214,0.7705443,0.77958894,0.5982428,0.26086956,0.13447103,0.12743564673832486,0.8023340702056885,0.6629927754402161,1280.5
4,0.31864506006240845,0.4069594740867615,0.7679535,15.260736,0.7003467,1.8628031,0.19122384,0.18651024727594273,0.7854364514350891,0.7476635575294495,4299.0
5,0.3434194028377533,0.42139679193496704,0.7349961,4.9667716,0.6459941,15.335463,0.20466097,0.192409475360598,0.7677862048149109,0.6702127456665039,3464.0
6,0.32543402910232544,0.41148680448532104,0.66091955,4.6511626,0.4803002,0.68846816,0.21800193,0.17925969312588363,0.71033775806427,0.5487693548202515,570.0
7,0.3176043927669525,0.3684350550174713,0.7882933,3.39033,0.7857396,1.6644021,0.1361735,0.12413753952298845,0.8178427219390869,0.8119351863861084,3168.0
8,0.33393096923828125,0.4253884553909302,0.72905576,2.237253,0.6359833,6.8986945,0.1521345,0.1311586751824334,0.7749457955360413,0.6704255938529968,2570.0
9,0.3148795962333679,0.43273165822029114,0.7230903,1.5723271,0.6427256,24.227318,0.19792308,0.1863655342942192,0.7740189433097839,0.6749072670936584,1639.0
