,rater0_sample_top_dice,rater0_sample_best_avd,rater1_sample_top_dice,rater1_sample_best_avd,GED_vol_sorted,GED_dice_sorted,rater0_best_dice_dsorted_ss25,rater1_best_dice_dsorted_ss25
0,0.7412463,6.1070757,0.51308304,0.075815015,0.26614758,0.26259094635645547,0.77790766954422,0.5545159578323364
1,0.81086177,8.140376,0.7095571,0.6608449,0.20091641,0.19953597803910572,0.8299385905265808,0.7449161410331726
2,0.56929463,0.88809943,0.33153638,12.711864,0.24036817,0.23555692672729484,0.6798029541969299,0.415335476398468
3,0.6621824,2.551382,0.531677,1.6521739,0.38335094,0.3697883502642314,0.7441295385360718,0.6424821019172668
4,0.69005716,32.246933,0.6902655,4.494382,0.33335784,0.33044361223777147,0.7141669392585754,0.7306309342384338
5,0.69643205,10.563133,0.5771204,37.159008,0.38281167,0.379016521970431,0.7244032621383667,0.6045767068862915
6,0.6803014,3.5778177,0.46056783,1.7211703,0.26099375,0.24767436732848497,0.7440414428710938,0.5365853905677795
7,0.7152553,17.570755,0.7379791,5.027174,0.33921045,0.3362200417121251,0.7438668608665466,0.7703533172607422
8,0.7252142,0.41623312,0.56080115,40.02486,0.30990335,0.3022088081638018,0.76761794090271,0.5963531136512756
9,0.70582795,3.6163523,0.5866337,38.88335,0.33442503,0.32690115084250776,0.7498881220817566,0.6064388751983643
