,rmses,IR_rmses,rater0_sample_top_dice,rater0_sample_best_avd,rater1_sample_top_dice,rater1_sample_best_avd,GED_vol_sorted,GED_dice_sorted,rater0_best_dice_dsorted_ss15,rater1_best_dice_dsorted_ss15,mean_gt_vols
0,0.35743248462677,0.409683495759964,0.72877586,30.777508,0.51272166,2.4639878,0.46114004,0.4611368894577027,0.7300525307655334,0.5151223540306091,3177.5
1,0.3290058970451355,0.3970317244529724,0.7758709,23.968885,0.69427586,0.80245453,0.3896071,0.3896056873457773,0.77748042345047,0.6959002017974854,4882.5
2,0.40100929141044617,0.39097651839256287,0.5261003,26.287743,0.30864197,73.72881,0.6743386,0.6743391204447974,0.5276073813438416,0.30911901593208313,399.5
3,0.39714694023132324,0.41013091802597046,0.58715594,45.499645,0.4634018,33.130436,0.7575865,0.7575871904691062,0.5901337265968323,0.4658254384994507,1280.5
4,0.34160906076431274,0.4169199466705322,0.6228025,51.687115,0.65367675,25.487877,0.58352304,0.5835235510553632,0.6230440735816956,0.6552309989929199,4299.0
5,0.4044807553291321,0.4471879005432129,0.6014526,45.89017,0.48717034,61.98083,0.7270597,0.7270579888707116,0.6031818389892578,0.48815250396728516,3464.0
6,0.3371703624725342,0.43419569730758667,0.5315534,52.593918,0.3498818,54.38898,0.76311266,0.7631098209392456,0.5334957242012024,0.35112693905830383,570.0
7,0.36187246441841125,0.3940366208553314,0.6848809,40.09434,0.6969453,30.97826,0.59092873,0.590924905027662,0.6864845156669617,0.6994359493255615,3168.0
8,0.36130291223526,0.44617217779159546,0.6843938,35.48387,0.5186182,61.466747,0.57066065,0.5706596862702144,0.6861128807067871,0.5193171501159668,2570.0
9,0.33173975348472595,0.4431267976760864,0.69294405,38.443394,0.52850485,60.9671,0.5644754,0.5644660861719223,0.6949317455291748,0.52907395362854,1639.0
