,rmses,IR_rmses,rater0_sample_top_dice,rater0_sample_best_avd,rater1_sample_top_dice,rater1_sample_best_avd,GED_vol_sorted,GED_dice_sorted,rater0_best_dice_dsorted_ss20,rater1_best_dice_dsorted_ss20,mean_gt_vols
0,0.33363077044487,0.39977550506591797,0.7956314,0.7801991,0.5385035,1.7058378,0.17287184,0.1636306740735707,0.8109226226806641,0.5717419385910034,3177.5
1,0.30958932638168335,0.3813796639442444,0.81765026,1.9898698,0.71612585,0.6608449,0.16233842,0.1548979624321586,0.8451672792434692,0.737502932548523,4882.5
2,0.3842426538467407,0.37586623430252075,0.63117874,1.2433393,0.41404805,29.237288,0.24778977,0.24447107554266323,0.6666666865348816,0.461778461933136,399.5
3,0.349806547164917,0.3887668550014496,0.75,1.4174345,0.6041752,0.7826087,0.25200555,0.23819810842212874,0.7848008871078491,0.6565400958061218,1280.5
4,0.304578572511673,0.4014745056629181,0.74913347,1.0544479,0.71379524,0.8870491,0.23240651,0.22035262098437858,0.7719715237617493,0.7497346997261047,4299.0
5,0.3252749443054199,0.41504162549972534,0.72521955,1.2591815,0.6588629,8.945687,0.2804871,0.26567714998596587,0.7447382807731628,0.6799889206886292,3464.0
6,0.3229139447212219,0.3872927129268646,0.6494024,1.9677997,0.47924823,1.8932875,0.26440874,0.22595006407875762,0.719851553440094,0.5910290479660034,570.0
7,0.3229963481426239,0.3551139235496521,0.77089113,1.4740566,0.7728469,1.0869565,0.23724443,0.22543381319234246,0.7874980568885803,0.7917241454124451,3168.0
8,0.3159046769142151,0.4157398045063019,0.74685717,1.4568158,0.65870863,9.198259,0.2005143,0.18092526526827568,0.7830715775489807,0.6727922558784485,2570.0
9,0.292387992143631,0.4181104004383087,0.7395833,1.8867924,0.65233195,16.899303,0.23561862,0.2232648059725762,0.7868421077728271,0.6721611618995667,1639.0
