,rmses,IR_rmses,rater0_sample_top_dice,rater0_sample_best_avd,rater1_sample_top_dice,rater1_sample_best_avd,GED_vol_sorted,GED_dice_sorted,rater0_best_dice_dsorted_ss5,rater1_best_dice_dsorted_ss5,mean_gt_vols
0,0.3343752324581146,0.40263426303863525,0.78463495,7.1832123,0.5394868,1.9711902,0.11366526,0.10894715189933779,0.7984032034873962,0.5674552917480469,3177.5
1,0.299735963344574,0.3802593946456909,0.8083896,3.545586,0.723713,4.7675242,0.09119979,0.08833486437797544,0.8343708515167236,0.7472787499427795,4882.5
2,0.3638646602630615,0.3688192069530487,0.6647887,10.834814,0.36314362,16.525423,0.038632546,0.03706809729337701,0.6971325874328613,0.43408361077308655,399.5
3,0.3424813747406006,0.38784417510032654,0.7394076,10.985117,0.5768911,7.3913045,0.15314028,0.13941230773925783,0.7702652215957642,0.6425339579582214,1280.5
4,0.3054391145706177,0.4107400178909302,0.733236,29.31365,0.7086639,9.0183325,0.21234201,0.21025230884552,0.740968644618988,0.7404580116271973,4299.0
5,0.33904510736465454,0.42314964532852173,0.7101276,5.9811125,0.60914606,33.939545,0.22648126,0.21809425950050343,0.7379350066184998,0.6298612356185913,3464.0
6,0.30833739042282104,0.39559435844421387,0.6477987,3.3989265,0.47131148,0.5163511,0.097351074,0.07257200330495839,0.6892759203910828,0.5665158629417419,570.0
7,0.30881839990615845,0.36961665749549866,0.7614901,0.32429245,0.7707283,4.5855975,0.16690478,0.1589592695236206,0.7889015078544617,0.7956717610359192,3168.0
8,0.3244527280330658,0.42851653695106506,0.73541546,7.440166,0.6445892,28.278435,0.12664473,0.11394023597240449,0.7748039960861206,0.6653015613555908,2570.0
9,0.29039984941482544,0.43007659912109375,0.7340989,13.286163,0.6306934,28.165504,0.18369713,0.16024747490882874,0.7527642846107483,0.6586196422576904,1639.0
