,rmses,IR_rmses,rater0_sample_top_dice,rater0_sample_best_avd,rater1_sample_top_dice,rater1_sample_best_avd,GED_vol_sorted,GED_dice_sorted,rater0_best_dice_dsorted_ss7,rater1_best_dice_dsorted_ss7,mean_gt_vols
0,0.33420178294181824,0.3972427546977997,0.7879581,6.1608825,0.530013,3.9802883,0.11377985,0.10777011087962551,0.8058514595031738,0.557055652141571,3177.5
1,0.29974251985549927,0.3756134510040283,0.8076126,7.9956584,0.7083383,2.147746,0.09410107,0.08794196020989192,0.8319200873374939,0.7331420183181763,4882.5
2,0.34040725231170654,0.3475561738014221,0.62966335,4.7957373,0.34170854,5.0847454,0.0723627,0.0701949497063955,0.7111111283302307,0.4391785264015198,399.5
3,0.34455612301826477,0.3816736936569214,0.76124567,4.2523036,0.5987067,4.347826,0.12753874,0.12092302668662303,0.7935135364532471,0.648421049118042,1280.5
4,0.31864506006240845,0.4069594740867615,0.7487393,25.11503,0.6985404,1.4784151,0.1868361,0.18409004949388058,0.757663905620575,0.7335490584373474,4299.0
5,0.3434194028377533,0.42139679193496704,0.7240478,6.750612,0.6243505,24.993856,0.20463736,0.19654749120984755,0.757609486579895,0.642867922782898,3464.0
6,0.32543402910232544,0.41148680448532104,0.64763993,26.296959,0.45873526,21.686749,0.19159676,0.1602920673432804,0.683351457118988,0.5317460298538208,570.0
7,0.3176043927669525,0.3684350550174713,0.7758868,7.665094,0.77547526,1.6644021,0.11737104,0.10729093069121948,0.8020319938659668,0.8029146194458008,3168.0
8,0.33393096923828125,0.4253884553909302,0.7339654,3.2778356,0.6322854,24.052206,0.14415553,0.12897330806368879,0.762063205242157,0.6367594003677368,2570.0
9,0.3148795962333679,0.43273165822029114,0.71799165,8.41195,0.6605613,31.256231,0.17203766,0.1636626904919033,0.7627785205841064,0.6699629426002502,1639.0
