,rmses,IR_rmses,rater0_sample_top_dice,rater0_sample_best_avd,rater1_sample_top_dice,rater1_sample_best_avd,GED_vol_sorted,GED_dice_sorted,rater0_best_dice_dsorted_ss15,rater1_best_dice_dsorted_ss15,mean_gt_vols
0,0.340795636177063,0.3976607620716095,0.7794535,19.82782,0.53708154,4.9658833,0.36109617,0.3610602148941586,0.78125,0.5411593914031982,3177.5
1,0.3252488970756531,0.3802197575569153,0.82086724,8.321274,0.7060515,13.334906,0.303241,0.30323836746669947,0.8249405026435852,0.7098751664161682,4882.5
2,0.4162912964820862,0.388014554977417,0.65309733,0.7104796,0.3023544,140.25424,0.53402793,0.533969610929489,0.6637630462646484,0.30559006333351135,399.5
3,0.3877696096897125,0.39260876178741455,0.698879,16.371368,0.5640123,0.08695652,0.529749,0.5297006592864083,0.704049825668335,0.5720543265342712,1280.5
4,0.3040692210197449,0.3916288912296295,0.71811765,37.039875,0.72881615,2.8976936,0.37603635,0.3760271356219337,0.7206420302391052,0.7342965602874756,4299.0
5,0.32893410325050354,0.4117584824562073,0.71383023,23.329836,0.5988158,46.129272,0.48334318,0.48326530995823097,0.7199037075042725,0.6019884347915649,3464.0
6,0.3199070990085602,0.4114643335342407,0.6612245,23.792486,0.48533872,26.678143,0.49165288,0.4914177224749611,0.672897219657898,0.4959183633327484,570.0
7,0.30884960293769836,0.34856176376342773,0.77792126,16.479952,0.7912241,3.7703805,0.34772316,0.34770656994410926,0.7804720401763916,0.7945879697799683,3168.0
8,0.3102574944496155,0.4054590165615082,0.73564494,11.550468,0.61691743,47.172157,0.39869723,0.39863913513365246,0.7423776388168335,0.619436502456665,2570.0
9,0.3032108247280121,0.41698023676872253,0.70154375,12.735849,0.61001617,44.666,0.45435777,0.4543248275915781,0.7080103158950806,0.6153348684310913,1639.0
