,rmses,IR_rmses,rater0_sample_top_dice,rater0_sample_best_avd,rater1_sample_top_dice,rater1_sample_best_avd,GED_vol_sorted,GED_dice_sorted,rater0_best_dice_dsorted_ss20,rater1_best_dice_dsorted_ss20,mean_gt_vols
0,0.3375224769115448,0.40117838978767395,0.7859353,3.282217,0.53385854,1.2888552,0.13633938,0.12373981444459214,0.8199158310890198,0.5753523707389832,3177.5
1,0.2923450171947479,0.3773047924041748,0.822962,1.7004341,0.72973603,0.18881284,0.10475833,0.09943454853798211,0.8506134748458862,0.7566938400268555,4882.5
2,0.34428727626800537,0.357657253742218,0.65806454,0.88809943,0.375,2.5423727,0.061737128,0.0612867227510403,0.7348066568374634,0.502529501914978,399.5
3,0.341398149728775,0.38646388053894043,0.7522802,0.6378455,0.6081668,0.17391305,0.17147194,0.16288761763196236,0.8061608076095581,0.6908614039421082,1280.5
4,0.31543922424316406,0.4109047055244446,0.75513524,11.464724,0.711512,1.4192785,0.2094636,0.20459004844489853,0.7772418260574341,0.7586743235588074,4299.0
5,0.33907172083854675,0.4205331802368164,0.7374977,2.518363,0.6666667,20.91423,0.20706338,0.20016916645200622,0.7712129354476929,0.6906061768531799,3464.0
6,0.31885987520217896,0.3984162211418152,0.6680121,1.2522361,0.49779347,4.991394,0.17534061,0.13982762566914675,0.737463116645813,0.5861456394195557,570.0
7,0.322952002286911,0.3718413710594177,0.78949016,2.653302,0.7831135,1.9701087,0.17825457,0.166548244498278,0.8087242841720581,0.8134142160415649,3168.0
8,0.3365345299243927,0.43002259731292725,0.7445216,0.5202914,0.6656277,20.540709,0.17584254,0.16184097638255662,0.7917823195457458,0.690255880355835,2570.0
9,0.29978418350219727,0.428875207901001,0.73386383,3.9308176,0.62823725,20.987038,0.21003355,0.19974480310552994,0.7816901206970215,0.668295681476593,1639.0
