,rmses,IR_rmses,rater0_sample_top_dice,rater0_sample_best_avd,rater1_sample_top_dice,rater1_sample_best_avd,GED_vol_sorted,GED_dice_sorted,rater0_best_dice_dsorted_ss20,rater1_best_dice_dsorted_ss20,mean_gt_vols
0,0.33374837040901184,0.38851413130760193,0.76941746,22.652678,0.5246801,5.837756,0.3824365,0.3824272913368126,0.7740757465362549,0.5307466983795166,3177.5
1,0.2946653664112091,0.35825276374816895,0.82521605,14.725037,0.7259393,8.567383,0.269573,0.2695641588223608,0.8298039436340332,0.7304269671440125,4882.5
2,0.3407239019870758,0.3629182279109955,0.52473116,30.550623,0.36302522,52.11864,0.60148966,0.6014725296120894,0.5354838967323303,0.3739565908908844,399.5
3,0.34311848878860474,0.375228613615036,0.7204564,25.513819,0.59779614,8.608696,0.46896148,0.46892350951307704,0.7257866859436035,0.6062557697296143,1280.5
4,0.3711255192756653,0.4007568955421448,0.5869769,56.61426,0.6508415,33.086933,0.6008274,0.6008204485240736,0.5887075066566467,0.6553933620452881,4299.0
5,0.34164997935295105,0.41807129979133606,0.70351964,31.05981,0.55463576,51.56058,0.54171693,0.5417012660126937,0.7078137993812561,0.5569578409194946,3464.0
6,0.3226722776889801,0.42550405859947205,0.5398773,53.130592,0.36930457,54.90534,0.7167497,0.7166480011061619,0.546798050403595,0.3787696063518524,570.0
7,0.3247113823890686,0.33851397037506104,0.7505003,23.231133,0.76605755,11.548913,0.40379295,0.40378000798978303,0.7545271515846252,0.7716878652572632,3168.0
8,0.3364969789981842,0.4176323115825653,0.7129318,28.720083,0.54272014,57.42697,0.4994479,0.4994130447506904,0.7174777984619141,0.545176088809967,2570.0
9,0.42347851395606995,0.43143829703330994,0.52098095,55.42453,0.3940925,71.734795,0.822928,0.8228811058951052,0.5238355994224548,0.39579275250434875,1639.0
