,rater0_sample_top_dice,rater0_sample_best_avd,rater1_sample_top_dice,rater1_sample_best_avd,GED_vol_sorted,GED_dice_sorted,rater0_best_dice_dsorted_ss25,rater1_best_dice_dsorted_ss25
0,0.77144605,23.997849,0.5196006,4.056103,0.38873497,0.3887246263027191,0.7746586799621582,0.5243722200393677
1,0.80132985,20.44139,0.7084016,1.3216898,0.32890746,0.3288993841409683,0.8047325015068054,0.7126034498214722
2,0.6845238,18.29485,0.37134504,79.66102,0.44228518,0.44221754928429924,0.695219099521637,0.38863974809646606
3,0.74626863,19.560595,0.59461844,1.3043478,0.44537243,0.44534971356391906,0.7525691986083984,0.6011509299278259
4,0.6716773,46.951687,0.6785481,18.184507,0.49283102,0.4928323916594187,0.6728573441505432,0.6831747889518738
5,0.69663393,32.318993,0.5506329,52.445316,0.5532165,0.5532082639137904,0.7005033493041992,0.552878201007843
6,0.6021004,45.974957,0.42791763,48.020657,0.61215055,0.6121581284205118,0.6133959889411926,0.43478259444236755
7,0.7382034,31.30896,0.74099356,20.855978,0.4629293,0.46292441705862686,0.7411826848983765,0.7450905442237854
8,0.68558675,36.836628,0.4992094,62.274708,0.57877254,0.5787539631128312,0.6895225644111633,0.5011307001113892
9,0.72465163,35.61321,0.52176994,59.17248,0.5246234,0.5246059393882752,0.7294570207595825,0.5239616632461548
