,rmses,IR_rmses,rater0_sample_top_dice,rater0_sample_best_avd,rater1_sample_top_dice,rater1_sample_best_avd,GED_vol_sorted,GED_dice_sorted,rater0_best_dice_dsorted_ss3,rater1_best_dice_dsorted_ss3,mean_gt_vols
0,0.3343752324581146,0.40263426303863525,0.761701,1.1837503,0.53630275,9.363153,0.09690554,0.09184689323107392,0.7922096252441406,0.5627881288528442,3177.5
1,0.299735963344574,0.3802593946456909,0.8038901,0.6693198,0.71956694,4.9327354,0.07999549,0.07838718096415204,0.8234848976135254,0.7399976849555969,4882.5
2,0.3638646602630615,0.3688192069530487,0.65062386,0.7104796,0.34465408,69.067795,0.02165486,0.02423483878374111,0.6843602061271667,0.3926553726196289,399.5
3,0.3424813747406006,0.38784417510032654,0.7322929,22.891565,0.57193923,5.391304,0.15035126,0.1338420609633127,0.7637321352958679,0.6197564005851746,1280.5
4,0.3054391145706177,0.4107400178909302,0.72615105,32.189415,0.7024136,4.583087,0.19283122,0.19129756093025202,0.7351650595664978,0.7377876043319702,4299.0
5,0.33904510736465454,0.42314964532852173,0.711801,12.976566,0.6057648,38.854755,0.21720998,0.21083377798398328,0.7269908785820007,0.6145268678665161,3464.0
6,0.30833739042282104,0.39559435844421387,0.5952607,11.270125,0.46425256,14.629948,0.090927124,0.07633966207504272,0.6697332262992859,0.5501672029495239,570.0
7,0.30881839990615845,0.36961665749549866,0.75722724,10.318397,0.7500835,3.3288043,0.17382608,0.17208878199259442,0.7800896167755127,0.7826558351516724,3168.0
8,0.3244527280330658,0.42851653695106506,0.72461116,1.7689906,0.5942029,41.330017,0.17746143,0.1698161164919536,0.7561720013618469,0.6146400570869446,2570.0
9,0.29039984941482544,0.43007659912109375,0.70438474,8.569182,0.6259226,31.15653,0.1507413,0.12561654051144916,0.7453036308288574,0.6437578797340393,1639.0
