,rmses,IR_rmses,rater0_sample_top_dice,rater0_sample_best_avd,rater1_sample_top_dice,rater1_sample_best_avd,GED_vol_sorted,GED_dice_sorted,rater0_best_dice_dsorted_ss7,rater1_best_dice_dsorted_ss7,mean_gt_vols
0,0.3378898501396179,0.3975111246109009,0.71635354,19.128328,0.48681697,1.5921153,0.27341902,0.27185545223099855,0.746563732624054,0.5162419676780701,3177.5
1,0.31565022468566895,0.379581481218338,0.7784074,18.035456,0.6983706,0.14160964,0.22588317,0.22484950508390153,0.7928094267845154,0.7240537405014038,4882.5
2,0.3321229815483093,0.35427767038345337,0.58997536,4.973357,0.34615386,86.440674,0.16249956,0.15967720605078206,0.6867862939834595,0.39786380529403687,399.5
3,0.35868361592292786,0.4032747447490692,0.6265723,3.4727144,0.49496278,1.4782609,0.33560565,0.3240979725406283,0.6965742111206055,0.5634733438491821,1280.5
4,0.33689847588539124,0.4077000916004181,0.68150806,39.819786,0.6968256,7.1850977,0.30339202,0.3018717992873418,0.695705235004425,0.7324540019035339,4299.0
5,0.36255666613578796,0.4313466250896454,0.6684021,25.32354,0.5612508,47.530106,0.39385298,0.39040930498214,0.6973518133163452,0.5816746354103088,3464.0
6,0.31862565875053406,0.3988882005214691,0.5706667,1.2522361,0.39096573,2.5817556,0.22814883,0.2181485621702104,0.6833333373069763,0.4940711557865143,570.0
7,0.36589717864990234,0.3758922815322876,0.7016298,17.305426,0.74944484,4.7214675,0.32382938,0.31844836615380795,0.7350683808326721,0.7827047109603882,3168.0
8,0.3479642868041992,0.4132896363735199,0.6856305,4.682622,0.5473863,43.07023,0.258079,0.2543037718250639,0.7347775101661682,0.5835776925086975,2570.0
9,0.3406207859516144,0.4071846902370453,0.6618049,17.688679,0.59351456,47.80658,0.30185148,0.2976197387490953,0.7145557403564453,0.6078497171401978,1639.0
