,rmses,IR_rmses,rater0_sample_top_dice,rater0_sample_best_avd,rater1_sample_top_dice,rater1_sample_best_avd,GED_vol_sorted,GED_dice_sorted,rater0_best_dice_dsorted_ss20,rater1_best_dice_dsorted_ss20,mean_gt_vols
0,0.340459942817688,0.3989121913909912,0.7707123,23.997849,0.51891494,3.8665657,0.38936135,0.3893533025917253,0.7736196517944336,0.5239415764808655,3177.5
1,0.31201353669166565,0.3778369128704071,0.8006061,20.495659,0.7088933,1.1328771,0.32886568,0.32886044524217906,0.8039255142211914,0.7127187848091125,4882.5
2,0.3162021040916443,0.3552775979042053,0.68514854,18.11723,0.36982247,80.08475,0.44274864,0.44269012542147385,0.6957383751869202,0.38450074195861816,399.5
3,0.3449877202510834,0.3807527720928192,0.7470449,19.844082,0.59464204,1.6521739,0.4454928,0.4454753572219296,0.7515822649002075,0.6005314588546753,1280.5
4,0.3245145082473755,0.4046950042247772,0.6715127,47.028374,0.67892593,18.302778,0.4918355,0.49183393356047184,0.6730238199234009,0.6829268336296082,4299.0
5,0.3516782820224762,0.425157368183136,0.6958159,32.4589,0.5497662,52.54362,0.55317456,0.5531599477717752,0.7003564834594727,0.5527503490447998,3464.0
6,0.32649070024490356,0.40930578112602234,0.60232556,45.974957,0.42824602,48.020657,0.6096851,0.6096740317972084,0.6117647290229797,0.4357798099517822,570.0
7,0.33006465435028076,0.37546998262405396,0.7390696,31.426886,0.7419355,20.991848,0.46359333,0.46358721303312406,0.7422860860824585,0.7455688714981079,3168.0
8,0.36047786474227905,0.44118979573249817,0.68432814,36.992718,0.49898398,62.367928,0.57862985,0.5786094928258344,0.6880205273628235,0.5002263188362122,2570.0
9,0.33155035972595215,0.4393475353717804,0.72483224,36.00629,0.5219858,59.421738,0.52459663,0.5245916652836299,0.7288461327552795,0.5237757563591003,1639.0
