,rmses,IR_rmses,rater0_sample_top_dice,rater0_sample_best_avd,rater1_sample_top_dice,rater1_sample_best_avd,GED_vol_sorted,GED_dice_sorted,rater0_best_dice_dsorted_ss20,rater1_best_dice_dsorted_ss20,mean_gt_vols
0,0.34684130549430847,0.3903988003730774,0.7442582,26.52677,0.51732534,1.8953754,0.43518895,0.43518664382005995,0.7464263439178467,0.5194756388664246,3177.5
1,0.34725120663642883,0.3858930766582489,0.72622913,32.95948,0.66070753,12.532452,0.4918225,0.49182068234995796,0.7272332906723022,0.6632176637649536,4882.5
2,0.35531970858573914,0.38121190667152405,0.5864811,21.136766,0.3183183,82.203384,0.6077819,0.6077802816896063,0.5905905961990356,0.31831830739974976,399.5
3,0.38085997104644775,0.3911500573158264,0.60598177,36.144577,0.4774951,21.652174,0.72667164,0.726659494638443,0.6079027652740479,0.48035362362861633,1280.5
4,0.35530349612236023,0.40569084882736206,0.6177307,51.648773,0.6863344,25.42874,0.5519512,0.5519501803736938,0.6179702877998352,0.6877014636993408,4299.0
5,0.35387900471687317,0.4190989136695862,0.687474,31.794334,0.5778369,52.07668,0.5489111,0.5489087266357321,0.6894539594650269,0.5788423418998718,3464.0
6,0.34907445311546326,0.41008514165878296,0.5194805,45.796062,0.3382857,47.848537,0.7741944,0.7741662731296138,0.5247058868408203,0.33983927965164185,570.0
7,0.32943785190582275,0.35765206813812256,0.7556884,22.376179,0.7658809,10.563859,0.41952306,0.41952094906254817,0.7568196654319763,0.7678185701370239,3168.0
8,0.3436933159828186,0.42330390214920044,0.70451057,30.437044,0.54050493,58.452457,0.52908075,0.5290766643066156,0.705810010433197,0.5407423973083496,2570.0
9,0.378753662109375,0.4352134168148041,0.5437202,51.65094,0.45478824,69.34197,0.7845889,0.7845858599794538,0.5440084934234619,0.4549618363380432,1639.0
