,rmses,IR_rmses,rater0_sample_top_dice,rater0_sample_best_avd,rater1_sample_top_dice,rater1_sample_best_avd,GED_vol_sorted,GED_dice_sorted,rater0_best_dice_dsorted_ss5,rater1_best_dice_dsorted_ss5,mean_gt_vols
0,0.37552574276924133,0.4101215600967407,0.7421745,22.087706,0.50557894,2.8430629,0.40550652,0.40538512468338006,0.7457678914070129,0.5131335258483887,3177.5
1,0.33193114399909973,0.38804513216018677,0.789953,19.229378,0.7006324,0.6844466,0.33695012,0.33692193627357486,0.7926276326179504,0.7072314620018005,4882.5
2,0.40096619725227356,0.3824070692062378,0.6579194,0.88809943,0.35675675,113.55932,0.446354,0.44633707106113424,0.66912442445755,0.36461126804351807,399.5
3,0.37275272607803345,0.39309442043304443,0.7223301,17.505316,0.58254105,1.2173914,0.45521334,0.45534557104110723,0.7269139885902405,0.5954265594482422,1280.5
4,0.3097555935382843,0.41061264276504517,0.68700427,42.88727,0.7061831,11.916026,0.43025282,0.43022428750991815,0.6876146197319031,0.7128459215164185,4299.0
5,0.3350307047367096,0.41616714000701904,0.7182675,25.56838,0.5825399,47.702137,0.48226133,0.4821787416934967,0.7234042286872864,0.5842660069465637,3464.0
6,0.34250524640083313,0.4292033910751343,0.5356725,47.0483,0.3831243,49.053356,0.6820135,0.6817566692829132,0.5383707284927368,0.3901869058609009,570.0
7,0.32485321164131165,0.3706970810890198,0.7632055,20.84316,0.7813111,8.797555,0.36140817,0.36139081120491023,0.7643164396286011,0.7843839526176453,3168.0
8,0.31924012303352356,0.4250624179840088,0.7229851,25.702393,0.56736976,55.62461,0.44626904,0.4461346864700318,0.7297378778457642,0.5687796473503113,2570.0
9,0.3292209804058075,0.42322003841400146,0.6682555,33.018867,0.5409377,57.527416,0.5325549,0.5322720706462861,0.6727359890937805,0.5424561500549316,1639.0
