,rmses,IR_rmses,rater0_sample_top_dice,rater0_sample_best_avd,rater1_sample_top_dice,rater1_sample_best_avd,GED_vol_sorted,GED_dice_sorted,rater0_best_dice_dsorted_ss5,rater1_best_dice_dsorted_ss5,mean_gt_vols
0,0.3459763824939728,0.3905329406261444,0.7570897,1.7218187,0.5301475,3.070508,0.21375039,0.2100561320781707,0.767490565776825,0.5448882579803467,3177.5
1,0.3119882345199585,0.3734773099422455,0.79039824,3.3104196,0.70780265,0.80245453,0.20085967,0.19825063347816466,0.8069397807121277,0.725897490978241,4882.5
2,0.3549536168575287,0.37207087874412537,0.6150833,4.4404974,0.3089431,30.508474,0.26570722,0.2524592250585555,0.6476733088493347,0.3756178021430969,399.5
3,0.33481940627098083,0.3703557252883911,0.73628694,1.5591779,0.60407776,1.3913044,0.243134,0.24127362370491023,0.761262834072113,0.6449120044708252,1280.5
4,0.33465147018432617,0.40445268154144287,0.7189527,34.5092,0.7008493,1.0053223,0.3023814,0.3009644687175751,0.7209410667419434,0.7271010279655457,4299.0
5,0.34792765974998474,0.4160586893558502,0.7147181,15.110178,0.60406405,40.353893,0.3752874,0.3709191620349885,0.7215763330459595,0.6061078310012817,3464.0
6,0.3272393047809601,0.4020934998989105,0.58170605,1.7889088,0.4173913,2.0654044,0.35420448,0.33588684797286994,0.651991605758667,0.4467680752277374,570.0
7,0.35678139328956604,0.37340080738067627,0.74862164,2.1521225,0.74068743,11.243206,0.28844225,0.28458166122436523,0.7552234530448914,0.7601202130317688,3168.0
8,0.3395693600177765,0.4246746897697449,0.70052236,2.289282,0.61728394,38.906155,0.30554485,0.2945215404033662,0.7305084466934204,0.6208512187004089,2570.0
9,0.30675968527793884,0.42281559109687805,0.7052441,3.4591193,0.6295609,38.78365,0.28740114,0.2836953699588775,0.7418635487556458,0.6427221298217773,1639.0
