,rmses,IR_rmses,rater0_sample_top_dice,rater0_sample_best_avd,rater1_sample_top_dice,rater1_sample_best_avd,GED_vol_sorted,GED_dice_sorted,rater0_best_dice_dsorted_ss7,rater1_best_dice_dsorted_ss7,mean_gt_vols
0,0.37193331122398376,0.41745710372924805,0.64004207,46.408394,0.47429806,24.488249,0.33702785,0.3340771801414944,0.6542089581489563,0.5049120187759399,3177.5
1,0.38490086793899536,0.41348642110824585,0.7065855,36.559334,0.6735537,17.229172,0.30225185,0.3008949600514911,0.716310441493988,0.6945415139198303,4882.5
2,0.3734527826309204,0.4319172203540802,0.50962627,43.161633,0.36363637,4.2372885,0.18493372,0.17746124523026596,0.5447852611541748,0.42821159958839417,399.5
3,0.408090740442276,0.4339238405227661,0.5385347,51.027637,0.4454101,39.913044,0.51570976,0.5138647169584319,0.5505293607711792,0.4727911055088043,1280.5
4,0.45352643728256226,0.445661336183548,0.58646417,56.096626,0.64245415,32.288586,0.41429132,0.4139967759450276,0.5893694162368774,0.6542940139770508,4299.0
5,0.4612336754798889,0.46733391284942627,0.5246063,57.852394,0.40273038,70.38584,0.56848407,0.5680274250251907,0.5325708389282227,0.40533334016799927,3464.0
6,0.4368577003479004,0.4499487280845642,0.49586776,48.479427,0.3429229,50.43029,0.43585244,0.4216071675930705,0.5365853905677795,0.3764705955982208,570.0
7,0.4675273299217224,0.44935163855552673,0.5228951,60.288918,0.5490562,54.245926,0.6464902,0.646224614764963,0.5305084586143494,0.5563945174217224,3168.0
8,0.46741095185279846,0.4714645445346832,0.56016743,50.83247,0.39730963,70.633934,0.52116114,0.5166102434907641,0.5745140314102173,0.3998052179813385,2570.0
9,0.4773642122745514,0.47628870606422424,0.60094386,50.078617,0.45513064,68.34496,0.42356738,0.422084171679758,0.6108478307723999,0.45668694376945496,1639.0
