,rmses,IR_rmses,rater0_sample_top_dice,rater0_sample_best_avd,rater1_sample_top_dice,rater1_sample_best_avd,GED_vol_sorted,GED_dice_sorted,rater0_best_dice_dsorted_ss5,rater1_best_dice_dsorted_ss5,mean_gt_vols
0,0.3294842541217804,0.39165937900543213,0.7779848,1.291364,0.52085453,5.496588,0.10863658,0.10687062144279474,0.8069555759429932,0.5475271940231323,3177.5
1,0.30214452743530273,0.37158289551734924,0.7959974,6.783647,0.7096537,4.9327354,0.09755975,0.09558961391448978,0.8297812938690186,0.7319178581237793,4882.5
2,0.34512394666671753,0.34619075059890747,0.66222644,13.321492,0.3376147,30.932203,0.05551967,0.0652003437280656,0.7195945978164673,0.4360465109348297,399.5
3,0.34008118510246277,0.38002070784568787,0.75876147,8.291992,0.57223004,6.695652,0.118169315,0.10953535735607145,0.7758007049560547,0.6519337296485901,1280.5
4,0.3281041383743286,0.40069127082824707,0.748425,17.407976,0.7032672,1.8036666,0.12064387,0.11678691804409025,0.7575077414512634,0.754916787147522,4299.0
5,0.34301698207855225,0.41693514585494995,0.7161898,3.1829312,0.64204234,19.021873,0.17576857,0.16599889099597942,0.7426976561546326,0.6751078963279724,3464.0
6,0.32863354682922363,0.40419167280197144,0.64435947,12.880143,0.49812734,16.179,0.102572724,0.06494208574295035,0.6958333253860474,0.53515625,570.0
7,0.32400184869766235,0.36348941922187805,0.77884614,9.905661,0.782,3.8043478,0.12560956,0.1165146112442016,0.789300799369812,0.7942583560943604,3168.0
8,0.3332553803920746,0.42075496912002563,0.72396415,4.7866807,0.5998967,19.422,0.11222152,0.09900374710559856,0.7402985095977783,0.631676197052002,2570.0
9,0.3368852138519287,0.4317358136177063,0.7209302,4.0094337,0.6103935,34.047855,0.14774472,0.1393764764070511,0.7671934962272644,0.6231974959373474,1639.0
