,rmses,IR_rmses,rater0_sample_top_dice,rater0_sample_best_avd,rater1_sample_top_dice,rater1_sample_best_avd,GED_vol_sorted,GED_dice_sorted,rater0_best_dice_dsorted_ss3,rater1_best_dice_dsorted_ss3,mean_gt_vols
0,0.3459763824939728,0.3905329406261444,0.7435861,10.196395,0.5187589,6.4442763,0.23318923,0.23115855455398568,0.7549688220024109,0.5357411503791809,3177.5
1,0.3119882345199585,0.3734773099422455,0.7833884,8.339363,0.70579964,1.4396979,0.19222324,0.19090296824773154,0.7970544695854187,0.717744767665863,4882.5
2,0.3549536168575287,0.37207087874412537,0.6099158,10.124334,0.31825796,52.9661,0.27886888,0.2788148025671641,0.6296992301940918,0.34991973638534546,399.5
3,0.33481940627098083,0.3703557252883911,0.72652143,11.339476,0.61433756,8.347826,0.23666058,0.23454384009043366,0.7567949295043945,0.6379897594451904,1280.5
4,0.33465147018432617,0.40445268154144287,0.70818126,37.135735,0.6977931,3.0455353,0.27381814,0.27359956502914423,0.7089473009109497,0.7164322137832642,4299.0
5,0.34792765974998474,0.4160586893558502,0.71304345,18.992655,0.5957713,43.081837,0.35288268,0.3503936529159547,0.7151610851287842,0.5951219797134399,3464.0
6,0.3272393047809601,0.4020934998989105,0.57654434,0.17889087,0.41791046,3.958692,0.28907347,0.2750795334577561,0.649895191192627,0.4452759623527527,570.0
7,0.35678139328956604,0.37340080738067627,0.7275662,17.334906,0.7376479,4.755435,0.30210823,0.2993538280328115,0.7374320030212402,0.7547032237052917,3168.0
8,0.3395693600177765,0.4246746897697449,0.69849783,6.03538,0.607086,43.878185,0.2784124,0.27209663391113287,0.7208904027938843,0.6099718809127808,2570.0
9,0.30675968527793884,0.42281559109687805,0.7092652,10.220126,0.6327827,43.070786,0.27517968,0.27099696795145667,0.7327547073364258,0.6358123421669006,1639.0
