,rmses,IR_rmses,rater0_sample_top_dice,rater0_sample_best_avd,rater1_sample_top_dice,rater1_sample_best_avd,GED_vol_sorted,GED_dice_sorted,rater0_best_dice_dsorted_ss3,rater1_best_dice_dsorted_ss3,mean_gt_vols
0,0.33374837040901184,0.38851413130760193,0.76786804,23.432877,0.524776,6.5579987,0.38098884,0.380980521440506,0.7704291939735413,0.5263350605964661,3177.5
1,0.2946653664112091,0.35825276374816895,0.8253844,15.285818,0.7246246,9.039414,0.2685724,0.26856108506520593,0.8275117874145508,0.7262481451034546,4882.5
2,0.3407239019870758,0.3629182279109955,0.5260916,31.97158,0.36092716,55.932205,0.58942074,0.5893604954083761,0.5310492515563965,0.3636363744735718,399.5
3,0.34311848878860474,0.375228613615036,0.7170891,26.647768,0.59676677,10.0,0.47037446,0.47038151820500684,0.7188524603843689,0.5985267162322998,1280.5
4,0.3711255192756653,0.4007568955421448,0.5830763,57.03604,0.64805263,33.737434,0.6028376,0.6028387149175009,0.5841159224510193,0.6496883630752563,4299.0
5,0.34164997935295105,0.41807129979133606,0.70089376,31.724379,0.55239993,52.027523,0.5417687,0.5417516430219015,0.7022296190261841,0.5530428886413574,3464.0
6,0.3226722776889801,0.42550405859947205,0.5358025,54.382824,0.3653846,56.110157,0.7130735,0.7130346397558849,0.538936972618103,0.36911943554878235,570.0
7,0.3247113823890686,0.33851397037506104,0.748495,23.70283,0.7652932,12.092391,0.40651813,0.40651504198710126,0.7492872476577759,0.7667151093482971,3168.0
8,0.3364969789981842,0.4176323115825653,0.7066381,29.916754,0.53800654,58.1417,0.50208646,0.5020766258239747,0.7104294300079346,0.5387146472930908,2570.0
9,0.42347851395606995,0.43143829703330994,0.5172225,56.21069,0.38938743,72.2333,0.81881577,0.8187903761863708,0.5202628970146179,0.3901485502719879,1639.0
