,rmses,IR_rmses,rater0_sample_top_dice,rater0_sample_best_avd,rater1_sample_top_dice,rater1_sample_best_avd,GED_vol_sorted,GED_dice_sorted,rater0_best_dice_dsorted_ss15,rater1_best_dice_dsorted_ss15,mean_gt_vols
0,0.33106669783592224,0.40270164608955383,0.7813713,1.3989776,0.5336418,1.3267627,0.21919364,0.21409186408633288,0.7943548560142517,0.5588719844818115,3177.5
1,0.32157954573631287,0.3886125683784485,0.8085304,1.9175109,0.70924294,0.99126744,0.21097404,0.20862346263158885,0.8316701054573059,0.7279971837997437,4882.5
2,0.3609873354434967,0.3857770562171936,0.63546354,2.6642983,0.40643862,2.9661016,0.21601287,0.21164197084449587,0.6985018849372864,0.44486692547798157,399.5
3,0.3679131865501404,0.39974382519721985,0.75079757,0.07087172,0.58189654,1.5652174,0.31613183,0.3101763197353907,0.7768836617469788,0.6247447729110718,1280.5
4,0.32314178347587585,0.42366811633110046,0.7168966,37.40414,0.7146394,3.4594915,0.3531557,0.352181176060722,0.7226910591125488,0.7459775805473328,4299.0
5,0.34686097502708435,0.4298383295536041,0.7170304,4.6519766,0.6375276,33.005653,0.3578733,0.35191666938009725,0.7313631772994995,0.6433713436126709,3464.0
6,0.3330109119415283,0.3992212414741516,0.6546906,0.7155635,0.4965035,3.0981069,0.30016455,0.2833932581402007,0.6939570903778076,0.5523256063461304,570.0
7,0.34667035937309265,0.38893425464630127,0.7722587,11.261792,0.7769353,2.2418478,0.29605657,0.29307556663240697,0.7873684167861938,0.7936906218528748,3168.0
8,0.3390958905220032,0.43327829241752625,0.7490174,1.5608741,0.6195695,41.20572,0.29616946,0.289632589618365,0.7705382704734802,0.6267703771591187,2570.0
9,0.3307780921459198,0.4450840651988983,0.7321191,14.544025,0.6252829,45.81256,0.37692645,0.3733620572657813,0.7534429430961609,0.6294349431991577,1639.0
