,rmses,IR_rmses,rater0_sample_top_dice,rater0_sample_best_avd,rater1_sample_top_dice,rater1_sample_best_avd,GED_vol_sorted,GED_dice_sorted,rater0_best_dice_dsorted_ss5,rater1_best_dice_dsorted_ss5,mean_gt_vols
0,0.340459942817688,0.3989121913909912,0.7693727,24.48211,0.5196908,4.624716,0.38763586,0.38763024806976326,0.7718327045440674,0.5225258469581604,3177.5
1,0.31201353669166565,0.3778369128704071,0.79995954,20.893631,0.70871854,1.675714,0.32941896,0.3294128000736236,0.8016194105148315,0.7108152508735657,4882.5
2,0.3162021040916443,0.3552775979042053,0.6843658,19.360569,0.3688156,82.62712,0.44194955,0.4419102787971497,0.6931479573249817,0.3779761791229248,399.5
3,0.3449877202510834,0.3807527720928192,0.7449744,20.19844,0.59550065,2.0869565,0.44569567,0.44568811058998115,0.7487139105796814,0.5991150736808777,1280.5
4,0.3245145082473755,0.4046950042247772,0.66942877,47.29678,0.6784429,18.716736,0.4917509,0.4917510151863098,0.6704373955726624,0.6803077459335327,4299.0
5,0.3516782820224762,0.425157368183136,0.694706,32.84365,0.54979944,52.813957,0.5498758,0.5498642861843109,0.6985325217247009,0.5518048405647278,3464.0
6,0.32649070024490356,0.40930578112602234,0.6006985,46.332737,0.4236111,48.364887,0.6034667,0.603483009338379,0.6070588231086731,0.43020594120025635,570.0
7,0.33006465435028076,0.37546998262405396,0.7373401,31.751179,0.7389313,21.36549,0.46389553,0.46389605998992917,0.7395961284637451,0.7422128915786743,3168.0
8,0.36047786474227905,0.44118979573249817,0.68141025,37.25286,0.4959313,62.523304,0.5774866,0.5774747133255004,0.6844301819801331,0.49818840622901917,2570.0
9,0.33155035972595215,0.4393475353717804,0.7221154,36.477985,0.52025586,59.720837,0.5225486,0.5225350320339203,0.7244701385498047,0.5213371515274048,1639.0
