,rmses,IR_rmses,rater0_sample_top_dice,rater0_sample_best_avd,rater1_sample_top_dice,rater1_sample_best_avd,GED_vol_sorted,GED_dice_sorted,rater0_best_dice_dsorted_ss3,rater1_best_dice_dsorted_ss3,mean_gt_vols
0,0.3586542010307312,0.4033588171005249,0.7643979,20.150658,0.52273136,9.287338,0.39304316,0.3930456936359405,0.7658872604370117,0.5245133638381958,3177.5
1,0.32003453373908997,0.3886003792285919,0.7889309,22.847322,0.7047258,0.6608449,0.3485837,0.34857581059137976,0.7902598977088928,0.7070395946502686,4882.5
2,0.40014877915382385,0.3772362470626831,0.6305085,5.683837,0.29843563,152.11865,0.5575953,0.5575905889272689,0.6353543996810913,0.29976019263267517,399.5
3,0.3677537143230438,0.3994027078151703,0.6711353,30.8292,0.53057384,15.130435,0.5953984,0.5953687032063802,0.6745163798332214,0.5333964824676514,1280.5
4,0.3106386661529541,0.40687474608421326,0.67468685,45.417942,0.7095842,15.819041,0.45055673,0.4505529999732972,0.6748542189598083,0.7115198373794556,4299.0
5,0.363614946603775,0.4305112957954407,0.6733093,35.01224,0.5311287,54.337673,0.5990514,0.5990502734978994,0.6741716265678406,0.531825065612793,3464.0
6,0.3654363453388214,0.42451950907707214,0.5749441,39.1771,0.38209608,41.48021,0.661625,0.661638061205546,0.5813692212104797,0.38546255230903625,570.0
7,0.34171563386917114,0.374380499124527,0.71975076,29.6875,0.7299681,18.987772,0.50130254,0.50130295753479,0.7197507619857788,0.7309070229530334,3168.0
8,0.35984283685684204,0.43658581376075745,0.67741936,35.48387,0.5074024,61.466747,0.5732321,0.5732149183750154,0.6787072420120239,0.5079721808433533,2570.0
9,0.3278537094593048,0.43283945322036743,0.6996303,29.874214,0.5521049,55.533398,0.5159881,0.5159168740113577,0.7014925479888916,0.5521048903465271,1639.0
