,rmses,IR_rmses,rater0_sample_top_dice,rater0_sample_best_avd,rater1_sample_top_dice,rater1_sample_best_avd,GED_vol_sorted,GED_dice_sorted,rater0_best_dice_dsorted_ss15,rater1_best_dice_dsorted_ss15,mean_gt_vols
0,0.37193331122398376,0.41745710372924805,0.6662158,40.893192,0.48253697,16.71721,0.32918987,0.32632337113221493,0.6880940198898315,0.5228179097175598,3177.5
1,0.38490086793899536,0.41348642110824585,0.727253,33.194645,0.6807062,12.8392725,0.30716586,0.30606056395031167,0.7372592091560364,0.7114022374153137,4882.5
2,0.3734527826309204,0.4319172203540802,0.5456389,24.866785,0.3778234,6.355932,0.19932875,0.18704440082822527,0.6071019768714905,0.471615731716156,399.5
3,0.408090740442276,0.4339238405227661,0.54976743,47.625797,0.45950237,35.73913,0.52985406,0.5265789957983154,0.5797516703605652,0.4968372583389282,1280.5
4,0.45352643728256226,0.445661336183548,0.60368,53.086655,0.65019727,27.646362,0.4175795,0.41625829381602153,0.6124061346054077,0.6837026476860046,4299.0
5,0.4612336754798889,0.46733391284942627,0.56733257,51.171738,0.4369625,65.69182,0.56679165,0.566204427395548,0.5801381468772888,0.44440340995788574,3464.0
6,0.4368577003479004,0.4499487280845642,0.530837,37.567085,0.37419355,39.931152,0.42104682,0.4115824397830735,0.593406617641449,0.4243176281452179,570.0
7,0.4675273299217224,0.44935163855552673,0.5609514,51.26769,0.5725473,43.851902,0.65090746,0.6481809190341403,0.5919482111930847,0.6128743886947632,3168.0
8,0.46741095185279846,0.4714645445346832,0.55559176,40.42664,0.40476736,64.41889,0.515284,0.5084276135478701,0.6061884760856628,0.4307838976383209,2570.0
9,0.4773642122745514,0.47628870606422424,0.61990714,47.562893,0.46614292,66.74975,0.46053582,0.458746790247304,0.6291776895523071,0.4736842215061188,1639.0
