,rater0_sample_top_dice,rater0_sample_best_avd,rater1_sample_top_dice,rater1_sample_best_avd,GED_vol_sorted,GED_dice_sorted,rater0_best_dice_dsorted_ss3,rater1_best_dice_dsorted_ss3
0,0.7808079,15.523272,0.52926207,8.567097,0.32382378,0.323764036099116,0.784296452999115,0.5350955724716187
1,0.82573676,9.099132,0.7217927,10.644324,0.2566181,0.2565966645876567,0.8277698755264282,0.7241225838661194
2,0.6850044,0.1776199,0.32760596,138.98305,0.38263196,0.38317742447058356,0.6955767273902893,0.33816424012184143
3,0.75206614,7.0871725,0.5983712,2.8695652,0.3863095,0.38613372047742206,0.7626546621322632,0.6035205125808716
4,0.7431805,30.617332,0.71703094,1.5671201,0.32656798,0.32654333114624023,0.7435694336891174,0.725666344165802
5,0.71892625,20.181883,0.5936073,43.917423,0.44543016,0.4453985293706259,0.7226890921592712,0.5966187119483948
6,0.6604651,1.2522361,0.45510027,2.5817556,0.44976056,0.44933260480562853,0.6666666865348816,0.47229790687561035
7,0.785782,13.384435,0.78850174,0.20380434,0.301262,0.30114857355753577,0.7903714179992676,0.7924001812934875
8,0.74712014,10.301769,0.6038041,46.426353,0.35445476,0.35434051354726154,0.7555803656578064,0.6049057245254517
9,0.72355556,16.194967,0.6074219,46.85942,0.4040696,0.4040603041648864,0.7284709811210632,0.6075286269187927
