,rmses,IR_rmses,rater0_sample_top_dice,rater0_sample_best_avd,rater1_sample_top_dice,rater1_sample_best_avd,GED_vol_sorted,GED_dice_sorted,rater0_best_dice_dsorted_ss20,rater1_best_dice_dsorted_ss20,mean_gt_vols
0,0.3397485315799713,0.3905220031738281,0.74120456,19.53188,0.51905626,1.9332829,0.26222053,0.25934420004487047,0.767170250415802,0.5613305568695068,3177.5
1,0.32315441966056824,0.38341525197029114,0.7856421,21.092619,0.7131579,2.690583,0.24448007,0.24314612440372763,0.8066081404685974,0.7407498955726624,4882.5
2,0.30417492985725403,0.3512113094329834,0.5744681,8.525755,0.38626608,2.5423727,0.19076474,0.18709420414739536,0.6652977466583252,0.4860215187072754,399.5
3,0.37344908714294434,0.38960108160972595,0.70703894,11.055989,0.572305,1.5652174,0.330717,0.32362015796335125,0.7502067685127258,0.6363636255264282,1280.5
4,0.4370788037776947,0.4370020627975464,0.62791294,50.268406,0.6730254,23.299822,0.45672345,0.45538648919839614,0.6332215666770935,0.693324089050293,4299.0
5,0.39319196343421936,0.44493386149406433,0.6655246,28.821266,0.5235911,49.987713,0.480715,0.477841119860348,0.6939387321472168,0.5416526198387146,3464.0
6,0.3834439814090729,0.42723754048347473,0.58127207,2.5044723,0.41525424,1.3769363,0.37291905,0.34502384180301104,0.6791208982467651,0.5077605247497559,570.0
7,0.4187048375606537,0.40873271226882935,0.6850848,31.397406,0.70726615,20.95788,0.4666115,0.4629518272061096,0.7029864192008972,0.7334403991699219,3168.0
8,0.4278726577758789,0.4481596350669861,0.70542866,24.609781,0.52110565,54.972034,0.4341405,0.43010546208212247,0.7270486950874329,0.5330105423927307,2570.0
9,0.4362379312515259,0.4560307562351227,0.68285847,31.68239,0.5495652,56.67996,0.44680414,0.4434330328710768,0.69888836145401,0.5536089539527893,1639.0
