,rmses,IR_rmses,rater0_sample_top_dice,rater0_sample_best_avd,rater1_sample_top_dice,rater1_sample_best_avd,GED_vol_sorted,GED_dice_sorted,rater0_best_dice_dsorted_ss25,rater1_best_dice_dsorted_ss25,mean_gt_vols
0,0.37193331122398376,0.41745710372924805,0.67261904,37.288136,0.49163666,11.637604,0.32857525,0.326261228521665,0.7060416340827942,0.5261538624763489,3177.5
1,0.38490086793899536,0.41348642110824585,0.73599654,31.096237,0.6830723,10.101487,0.31150377,0.3104007298747699,0.7501369118690491,0.7189766764640808,4882.5
2,0.3734527826309204,0.4319172203540802,0.5203969,21.492008,0.38418078,0.0,0.21174404,0.19910931397229426,0.6198439002037048,0.5011286735534668,399.5
3,0.408090740442276,0.4339238405227661,0.5751812,43.51524,0.47135842,30.695652,0.52882105,0.5248783415059248,0.6086552143096924,0.525581419467926,1280.5
4,0.45352643728256226,0.445661336183548,0.62351286,50.1342,0.6709009,23.092846,0.4249764,0.4235795905689398,0.6338064670562744,0.6956824660301208,4299.0
5,0.4612336754798889,0.46733391284942627,0.5924051,48.023785,0.45724574,63.479973,0.56190515,0.5609537288049856,0.6041520833969116,0.4659028947353363,3464.0
6,0.4368577003479004,0.4499487280845642,0.5561173,23.076923,0.39366964,25.989672,0.42443943,0.4118076564619939,0.6321839094161987,0.4677222967147827,570.0
7,0.4675273299217224,0.44935163855552673,0.5690618,46.963444,0.5840185,38.892662,0.65727943,0.6539599886039893,0.6009634733200073,0.6290997266769409,3168.0
8,0.46741095185279846,0.4714645445346832,0.5627817,38.397503,0.4152658,63.20696,0.5246415,0.516813984165589,0.6235212087631226,0.44323039054870605,2570.0
9,0.4773642122745514,0.47628870606422424,0.64207375,42.295597,0.48248175,63.40977,0.45745042,0.454908774619301,0.6615384817123413,0.49684834480285645,1639.0
