,rmses,IR_rmses,rater0_sample_top_dice,rater0_sample_best_avd,rater1_sample_top_dice,rater1_sample_best_avd,GED_vol_sorted,GED_dice_sorted,rater0_best_dice_dsorted_ss25,rater1_best_dice_dsorted_ss25,mean_gt_vols
0,0.34684130549430847,0.3903988003730774,0.74480623,26.472961,0.51768667,1.7437452,0.4348309,0.43482805430889127,0.7471264600753784,0.5205017924308777,3177.5
1,0.34725120663642883,0.3858930766582489,0.72666234,32.95948,0.6610426,12.532452,0.49193177,0.4919300983349483,0.7272924184799194,0.6633026599884033,4882.5
2,0.35531970858573914,0.38121190667152405,0.58449304,21.136766,0.3183183,82.203384,0.6075172,0.6075135415792465,0.5905905961990356,0.31831830739974976,399.5
3,0.38085997104644775,0.3911500573158264,0.60553634,36.144577,0.47651663,21.652174,0.72638804,0.726378273765246,0.6079027652740479,0.48035362362861633,1280.5
4,0.35530349612236023,0.40569084882736206,0.61747223,51.648773,0.68665314,25.42874,0.55218136,0.5521801352500916,0.6179702877998352,0.6877014636993408,4299.0
5,0.35387900471687317,0.4190989136695862,0.68774706,31.794334,0.57836133,52.07668,0.5489491,0.5489472456773122,0.6895833611488342,0.5788423418998718,3464.0
6,0.34907445311546326,0.41008514165878296,0.52102804,45.617172,0.33940774,47.676422,0.77425563,0.7742368199427924,0.5264394879341125,0.3417431116104126,570.0
7,0.32943785190582275,0.35765206813812256,0.7556884,22.346697,0.7656278,10.529891,0.4195634,0.419561038017273,0.7568196654319763,0.7680690288543701,3168.0
8,0.3436933159828186,0.42330390214920044,0.7047268,30.437044,0.54050493,58.452457,0.529271,0.5292671988407771,0.705810010433197,0.5407423973083496,2570.0
9,0.378753662109375,0.4352134168148041,0.5437202,51.65094,0.45478824,69.34197,0.7847483,0.7847437483072282,0.5440084934234619,0.4549618363380432,1639.0
