,rmses,IR_rmses,rater0_sample_top_dice,rater0_sample_best_avd,rater1_sample_top_dice,rater1_sample_best_avd,GED_vol_sorted,GED_dice_sorted,rater0_best_dice_dsorted_ss20,rater1_best_dice_dsorted_ss20,mean_gt_vols
0,0.3346969783306122,0.3934301733970642,0.7809884,0.75329566,0.5349761,0.5686126,0.14991197,0.13798632845282544,0.752136766910553,0.5502818822860718,3177.5
1,0.30028611421585083,0.3721223771572113,0.82161564,0.12662807,0.72413385,1.7701203,0.118476585,0.11296272097449556,0.850261390209198,0.7515682578086853,4882.5
2,0.3814103603363037,0.37101277709007263,0.63139933,3.374778,0.35630253,3.8135593,0.18204397,0.18930883548761662,0.6841244101524353,0.45626071095466614,399.5
3,0.34804168343544006,0.383989155292511,0.74820143,1.5591779,0.59907836,1.0434783,0.21991317,0.21695383355805753,0.7947813868522644,0.6556291580200195,1280.5
4,0.299478143453598,0.37985050678253174,0.7754734,3.5467792,0.7222309,0.6505026,0.16405447,0.15681827146756022,0.7980315685272217,0.7644590735435486,4299.0
5,0.3416813910007477,0.41224491596221924,0.7169879,1.3291361,0.60889864,4.4482675,0.27100578,0.2581412478889289,0.7552804350852966,0.6529774069786072,3464.0
6,0.33550822734832764,0.403909295797348,0.60562104,2.6833632,0.4424057,0.5163511,0.26401907,0.25229147258949897,0.6357012987136841,0.5067698359489441,570.0
7,0.3199598491191864,0.3586387634277344,0.77374303,2.6827831,0.7690957,2.513587,0.2083487,0.18937032179612862,0.7991252541542053,0.7934359908103943,3168.0
8,0.3295411765575409,0.42204007506370544,0.71310776,0.10405828,0.590462,2.8278434,0.2404806,0.2222378159432034,0.7227200865745544,0.651129424571991,2570.0
9,0.3056918680667877,0.42386797070503235,0.7373473,0.3144654,0.61484855,14.007977,0.26317376,0.24599130859500484,0.7757049798965454,0.6549777388572693,1639.0
