,rmses,IR_rmses,rater0_sample_top_dice,rater0_sample_best_avd,rater1_sample_top_dice,rater1_sample_best_avd,GED_vol_sorted,GED_dice_sorted,rater0_best_dice_dsorted_ss3,rater1_best_dice_dsorted_ss3,mean_gt_vols
0,0.32484278082847595,0.38046178221702576,0.7835141,13.962873,0.53172314,10.310842,0.31576115,0.3156060377756755,0.7862973809242249,0.5371930003166199,3177.5
1,0.3028511106967926,0.35125118494033813,0.82073313,10.492041,0.7225486,8.921407,0.2536255,0.2536354859670003,0.8240838646888733,0.7257543802261353,4882.5
2,0.3324730098247528,0.34314048290252686,0.6832192,7.4600353,0.32383123,156.35593,0.4393796,0.43934607009092974,0.6936708688735962,0.3317756950855255,399.5
3,0.3256939947605133,0.37738436460494995,0.75037706,8.22112,0.59726965,3.826087,0.40487698,0.40481367707252497,0.7572232484817505,0.6065711975097656,1280.5
4,0.2982998192310333,0.35994499921798706,0.73557967,32.151073,0.71790344,0.8279125,0.3468397,0.34676317373911536,0.7370714545249939,0.7238123416900635,4299.0
5,0.33753058314323425,0.3909652829170227,0.7181182,20.07695,0.592068,43.843697,0.45833066,0.4582324127356212,0.7219722270965576,0.5940907001495361,3464.0
6,0.30853405594825745,0.3704175651073456,0.66152364,1.9677997,0.46412754,5.679862,0.4565649,0.45579742391904193,0.6710280179977417,0.47411444783210754,570.0
7,0.2976968586444855,0.3153538703918457,0.78456897,14.298349,0.7873512,1.2567935,0.31236506,0.3123708168665568,0.7875300049781799,0.7913694381713867,3168.0
8,0.30122846364974976,0.3814850449562073,0.74862486,10.822061,0.60583943,46.737106,0.36273822,0.362626592318217,0.756392240524292,0.6070339679718018,2570.0
9,0.2999092936515808,0.38948649168014526,0.72291297,14.544025,0.6155836,45.81256,0.3867266,0.38654494285583496,0.7308362126350403,0.6179811954498291,1639.0
