,rmses,IR_rmses,rater0_sample_top_dice,rater0_sample_best_avd,rater1_sample_top_dice,rater1_sample_best_avd,GED_vol_sorted,GED_dice_sorted,rater0_best_dice_dsorted_ss20,rater1_best_dice_dsorted_ss20,mean_gt_vols
0,0.3343752324581146,0.40263426303863525,0.7895317,0.24213076,0.53078955,0.68233514,0.13647099,0.12931368013745864,0.8123429417610168,0.5760293006896973,3177.5
1,0.299735963344574,0.3802593946456909,0.8195701,1.1758322,0.72305423,1.0384706,0.10252056,0.09788424600111817,0.8463490009307861,0.7574275135993958,4882.5
2,0.3638646602630615,0.3688192069530487,0.67101586,2.1314387,0.36552748,8.898305,0.08013457,0.08783332411395883,0.7456446290016174,0.46781790256500244,399.5
3,0.3424813747406006,0.38784417510032654,0.75714284,0.6378455,0.60275114,1.5652174,0.16435052,0.154183457909446,0.8097983002662659,0.681955873966217,1280.5
4,0.3054391145706177,0.4107400178909302,0.77019733,4.697086,0.72090566,1.0644588,0.16980502,0.16385143438452165,0.7949119210243225,0.7694153189659119,4299.0
5,0.33904510736465454,0.42314964532852173,0.73400295,0.62959075,0.65712744,17.940525,0.22494356,0.21557975191819045,0.762988805770874,0.6911890506744385,3464.0
6,0.30833739042282104,0.39559435844421387,0.6722222,1.9677997,0.5045372,3.6144576,0.116145246,0.09331733715769497,0.7301905751228333,0.5863309502601624,570.0
7,0.30881839990615845,0.36961665749549866,0.7769053,3.360849,0.77504665,0.3736413,0.1671943,0.15313487766604678,0.8089650869369507,0.8148677349090576,3168.0
8,0.3244527280330658,0.42851653695106506,0.76124376,1.4568158,0.651137,17.557487,0.15487567,0.141872913115903,0.7945960760116577,0.6880583167076111,2570.0
9,0.29039984941482544,0.43007659912109375,0.72743845,2.201258,0.6491885,23.180458,0.20014346,0.18671189938720895,0.7711901664733887,0.6724404692649841,1639.0
