,rmses,IR_rmses,rater0_sample_top_dice,rater0_sample_best_avd,rater1_sample_top_dice,rater1_sample_best_avd,GED_vol_sorted,GED_dice_sorted,rater0_best_dice_dsorted_ss7,rater1_best_dice_dsorted_ss7,mean_gt_vols
0,0.33538973331451416,0.39921852946281433,0.7742569,8.124832,0.5235023,1.1751326,0.12588525,0.11666798023950486,0.8007779717445374,0.553663969039917,3177.5
1,0.2969593405723572,0.3770439922809601,0.81328034,1.8813314,0.71744114,2.1949492,0.10532724,0.10354922640891295,0.8345730304718018,0.7475716471672058,4882.5
2,0.33466798067092896,0.3463045358657837,0.6376274,8.348135,0.40847784,19.915255,0.0823194,0.08564730556238276,0.7237423062324524,0.4567699730396271,399.5
3,0.34080931544303894,0.3820571005344391,0.7439334,4.323175,0.5904,1.7391304,0.1535219,0.1467865152018411,0.7823129296302795,0.6486956477165222,1280.5
4,0.3287014067173004,0.413594514131546,0.753937,24.693253,0.7100407,4.4648137,0.18597998,0.1830660714989617,0.7629165649414062,0.7511634826660156,4299.0
5,0.344918429851532,0.4254280924797058,0.7317257,6.505771,0.6384594,25.165888,0.21389478,0.20560775910105028,0.7493898868560791,0.6549963355064392,3464.0
6,0.3322816789150238,0.4098989963531494,0.6477495,3.7567084,0.48850575,0.17211704,0.12964924,0.10195661300704595,0.6955645084381104,0.5471349358558655,570.0
7,0.328398734331131,0.373092383146286,0.7744239,7.340802,0.7882394,0.9850544,0.13581641,0.128681724979764,0.7981220483779907,0.8071092367172241,3168.0
8,0.3461371958255768,0.43269777297973633,0.75553185,4.8387094,0.6449425,35.02175,0.1367308,0.12858077174141286,0.7899721264839172,0.6627951860427856,2570.0
9,0.3091095983982086,0.4352037310600281,0.71513605,15.094339,0.60401815,46.161514,0.24427211,0.23941070692879818,0.7399813532829285,0.6185634732246399,1639.0
