,rmses,IR_rmses,rater0_sample_top_dice,rater0_sample_best_avd,rater1_sample_top_dice,rater1_sample_best_avd,GED_vol_sorted,GED_dice_sorted,rater0_best_dice_dsorted_ss7,rater1_best_dice_dsorted_ss7,mean_gt_vols
0,0.3744700253009796,0.40812504291534424,0.66271985,45.49368,0.47512865,23.199392,0.35608464,0.3560582441943033,0.6644529700279236,0.49943092465400696,3177.5
1,0.37874341011047363,0.3998955190181732,0.7363764,32.36252,0.6920762,11.753599,0.31205836,0.3108820404325212,0.7446227669715881,0.710655927658081,4882.5
2,0.3375653326511383,0.37565192580223083,0.6011673,17.40675,0.37444934,7.6271186,0.18248995,0.17647196423439748,0.6372950673103333,0.46919432282447815,399.5
3,0.4146527945995331,0.4121335446834564,0.61773974,42.593906,0.5173469,29.565218,0.4545107,0.4540753804502033,0.6228150725364685,0.5375878810882568,1280.5
4,0.4787459075450897,0.45563867688179016,0.4904039,66.14264,0.5551671,47.782375,0.5900129,0.5895094860877308,0.4912431836128235,0.5683168172836304,4299.0
5,0.4494054913520813,0.46054714918136597,0.60009354,50.437218,0.4633613,65.17572,0.5354774,0.5352726301976611,0.6023474335670471,0.4668861925601959,3464.0
6,0.35862553119659424,0.4437221884727478,0.5164319,47.584972,0.3546911,49.56971,0.5338501,0.5237546910842259,0.5573366284370422,0.3832487165927887,570.0
7,0.5108183026313782,0.44943174719810486,0.51518416,63.119102,0.55065554,57.506794,0.6946471,0.6948055440471285,0.5161011219024658,0.5541477203369141,3168.0
8,0.49003952741622925,0.4657042324542999,0.5732805,55.515087,0.38693836,73.4307,0.5876236,0.5865131893328257,0.5781306624412537,0.39290115237236023,2570.0
9,0.4729001820087433,0.471647173166275,0.5740944,56.76101,0.3881064,72.58225,0.6164594,0.6146182506566955,0.5812534689903259,0.3935203552246094,1639.0
