,rmses,IR_rmses,rater0_sample_top_dice,rater0_sample_best_avd,rater1_sample_top_dice,rater1_sample_best_avd,GED_vol_sorted,GED_dice_sorted,rater0_best_dice_dsorted_ss25,rater1_best_dice_dsorted_ss25,mean_gt_vols
0,0.3375224769115448,0.40117838978767395,0.7885264,1.0223298,0.53751755,0.90978014,0.13871443,0.1265964271624882,0.8216034770011902,0.5770480036735535,3177.5
1,0.2923450171947479,0.3773047924041748,0.8223858,1.5376266,0.7347932,0.4248289,0.10479903,0.09931643287340797,0.852027952671051,0.7569897770881653,4882.5
2,0.34428727626800537,0.357657253742218,0.671875,0.88809943,0.3888025,7.6271186,0.06709718,0.06426511853933348,0.7402005195617676,0.502529501914978,399.5
3,0.341398149728775,0.38646388053894043,0.74949574,0.9922041,0.61360604,0.6086957,0.17346373,0.16441289911667506,0.8143712282180786,0.6908614039421082,1280.5
4,0.31543922424316406,0.4109047055244446,0.75869566,8.18635,0.71720743,1.3010052,0.20960516,0.20356402277946478,0.7818939089775085,0.7622290849685669,4299.0
5,0.33907172083854675,0.4205331802368164,0.73670655,1.9587269,0.6715269,17.965103,0.2148866,0.20694059133529658,0.7720330953598022,0.6927295923233032,3464.0
6,0.31885987520217896,0.3984162211418152,0.6638567,0.17889087,0.4864407,3.0981069,0.17823698,0.14094510381420455,0.7446393966674805,0.5885509848594666,570.0
7,0.322952002286911,0.3718413710594177,0.78570324,2.2995284,0.77805483,0.71331525,0.1887759,0.17687759528557462,0.8114048838615417,0.8125,3168.0
8,0.3365345299243927,0.43002259731292725,0.7557231,2.289282,0.66828,20.229956,0.17800942,0.16475417157014216,0.7951741218566895,0.6934253573417664,2570.0
9,0.29978418350219727,0.428875207901001,0.73395306,2.5157232,0.62757087,20.638086,0.21679659,0.20646767745415362,0.7816901206970215,0.6687023043632507,1639.0
