,rmses,IR_rmses,rater0_sample_top_dice,rater0_sample_best_avd,rater1_sample_top_dice,rater1_sample_best_avd,GED_vol_sorted,GED_dice_sorted,rater0_best_dice_dsorted_ss5,rater1_best_dice_dsorted_ss5,mean_gt_vols
0,0.3574718236923218,0.4054044187068939,0.7356465,27.091742,0.5226688,1.7816527,0.39003673,0.389956283569336,0.7372034788131714,0.5307797789573669,3177.5
1,0.3211180865764618,0.38782837986946106,0.7968955,20.531837,0.70734435,0.61364174,0.2970164,0.29692196249961855,0.7998781800270081,0.7156403660774231,4882.5
2,0.368241548538208,0.39495959877967834,0.5102041,43.339256,0.30476192,3.3898306,0.50660837,0.50565045773983,0.5179190635681152,0.35346755385398865,399.5
3,0.3792518675327301,0.40587204694747925,0.6506024,35.294117,0.5506544,20.608696,0.5416599,0.541152799129486,0.6550976037979126,0.5674044489860535,1280.5
4,0.3120063245296478,0.41030576825141907,0.68035406,44.056747,0.7073016,13.719693,0.4215366,0.4213570177555084,0.6810930967330933,0.7160372734069824,4299.0
5,0.3558086156845093,0.43579748272895813,0.6600985,36.69115,0.54022795,55.517326,0.57404745,0.5739295363426209,0.6615153551101685,0.5399109125137329,3464.0
6,0.3458203673362732,0.4048554003238678,0.6217071,30.232557,0.4737384,32.874355,0.46101797,0.4581819713115691,0.6259711384773254,0.47983014583587646,570.0
7,0.3354845643043518,0.38926032185554504,0.71963596,31.544811,0.72806686,21.127718,0.46998158,0.46974897384643555,0.7217146754264832,0.7310745120048523,3168.0
8,0.3494550585746765,0.4339022636413574,0.6725275,34.2872,0.508815,60.75202,0.5356482,0.5356491148471834,0.6795931458473206,0.5100581049919128,2570.0
9,0.3288029730319977,0.4327647089958191,0.6907167,36.556606,0.54248136,59.770687,0.5076519,0.507282280921936,0.6961594820022583,0.5425418019294739,1639.0
