,rmses,IR_rmses,rater0_sample_top_dice,rater0_sample_best_avd,rater1_sample_top_dice,rater1_sample_best_avd,GED_vol_sorted,GED_dice_sorted,rater0_best_dice_dsorted_ss3,rater1_best_dice_dsorted_ss3,mean_gt_vols
0,0.33538973331451416,0.39921852946281433,0.7617039,8.635997,0.5137854,3.4874904,0.13590987,0.13375649849573779,0.7705564498901367,0.5363802313804626,3177.5
1,0.2969593405723572,0.3770439922809601,0.80550545,9.4247465,0.71242136,2.5489733,0.09364732,0.09319404760996503,0.8181729316711426,0.738555908203125,4882.5
2,0.33466798067092896,0.3463045358657837,0.6083789,4.973357,0.40522876,59.322037,0.044742707,0.047978127996126885,0.6876640319824219,0.4180451035499573,399.5
3,0.34080931544303894,0.3820571005344391,0.739229,12.473423,0.5953878,7.3913045,0.14543033,0.1415472229321797,0.7699739933013916,0.6259673237800598,1280.5
4,0.3287014067173004,0.413594514131546,0.7173913,34.202454,0.69738775,1.4784151,0.18608543,0.18563794096310926,0.7191558480262756,0.7293086647987366,4299.0
5,0.344918429851532,0.4254280924797058,0.7150661,1.5040224,0.63151777,30.793806,0.17056865,0.1643409828344981,0.7191380858421326,0.6375789642333984,3464.0
6,0.3322816789150238,0.4098989963531494,0.6256628,11.449016,0.47674417,7.228915,0.0864229,0.07527011136213946,0.6567481160163879,0.5376744270324707,570.0
7,0.328398734331131,0.373092383146286,0.7558066,12.146226,0.7741391,1.2228261,0.1441917,0.14187695582707727,0.7657729983329773,0.7874125838279724,3168.0
8,0.3461371958255768,0.43269777297973633,0.73019993,0.36420396,0.6217214,40.055935,0.12164544,0.11360134681065875,0.757592499256134,0.6301477551460266,2570.0
9,0.3091095983982086,0.4352037310600281,0.69496024,22.169811,0.5894526,50.648056,0.2605586,0.25809576114018756,0.7123668193817139,0.5941591262817383,1639.0
