,rmses,IR_rmses,rater0_sample_top_dice,rater0_sample_best_avd,rater1_sample_top_dice,rater1_sample_best_avd,GED_vol_sorted,GED_dice_sorted,rater0_best_dice_dsorted_ss5,rater1_best_dice_dsorted_ss5,mean_gt_vols
0,0.3464130759239197,0.4026525616645813,0.7698683,18.213614,0.52405626,2.0470052,0.28256738,0.2807483434677123,0.7802446484565735,0.5394586324691772,3177.5
1,0.30198216438293457,0.3813181221485138,0.81952435,11.360348,0.71973306,1.9353316,0.19345665,0.1926398932933807,0.8271761536598206,0.7400045990943909,4882.5
2,0.3428848385810852,0.36124953627586365,0.61923075,8.348135,0.3803056,16.525423,0.24204838,0.23838536143302913,0.6666666865348816,0.4082934558391571,399.5
3,0.3879440128803253,0.3938189446926117,0.7382161,4.53579,0.5895074,4.0869565,0.31831825,0.31475777626037593,0.7473645806312561,0.6057095527648926,1280.5
4,0.32885053753852844,0.42828863859176636,0.68377745,43.8842,0.70565856,13.453577,0.38162294,0.38144307136535643,0.6843788623809814,0.7200000286102295,4299.0
5,0.35950198769569397,0.4368332326412201,0.6981719,20.146904,0.58879095,43.89285,0.4178292,0.41658372282981876,0.7015275955200195,0.5901846289634705,3464.0
6,0.3521445393562317,0.422097384929657,0.5879781,36.31485,0.41622198,38.726334,0.46536717,0.46366687715053556,0.5993340611457825,0.43990930914878845,570.0
7,0.3385361135005951,0.4026400148868561,0.7253233,26.76887,0.7266028,15.625,0.39335328,0.39198876619338985,0.7319163680076599,0.7426810264587402,3168.0
8,0.3669354021549225,0.4481103718280792,0.73911804,17.117586,0.579921,50.497204,0.359187,0.3557566821575164,0.7472399473190308,0.5821517705917358,2570.0
9,0.3322924077510834,0.4509682357311249,0.69631034,33.80503,0.54705054,58.02592,0.43694884,0.43165083527565007,0.7083939909934998,0.548466682434082,1639.0
