,rmses,IR_rmses,rater0_sample_top_dice,rater0_sample_best_avd,rater1_sample_top_dice,rater1_sample_best_avd,GED_vol_sorted,GED_dice_sorted,rater0_best_dice_dsorted_ss5,rater1_best_dice_dsorted_ss5,mean_gt_vols
0,0.3378898501396179,0.3975111246109009,0.71392566,21.442022,0.4926931,0.26535255,0.27237427,0.2715935945510865,0.7408093810081482,0.5158776640892029,3177.5
1,0.31565022468566895,0.379581481218338,0.77656484,19.374094,0.6977799,2.2657542,0.216782,0.21555049419403072,0.7894628047943115,0.7221745848655701,4882.5
2,0.3321229815483093,0.35427767038345337,0.5942857,0.5328597,0.35346097,87.71187,0.15918453,0.15780059397220614,0.684482753276825,0.3887399435043335,399.5
3,0.35868361592292786,0.4032747447490692,0.6350749,8.575479,0.504529,8.0,0.3410888,0.3319290935993195,0.6962902545928955,0.5591397881507874,1280.5
4,0.33689847588539124,0.4077000916004181,0.66561013,42.733894,0.69901085,11.67948,0.3076952,0.3060846507549286,0.6766675114631653,0.7263763546943665,4299.0
5,0.36255666613578796,0.4313466250896454,0.65990895,30.919903,0.55162144,51.462276,0.4029573,0.40106018781661995,0.6779298782348633,0.563126266002655,3464.0
6,0.31862565875053406,0.3988882005214691,0.60445386,12.522361,0.38842976,8.261618,0.22396865,0.21452443897724138,0.6790505647659302,0.47239264845848083,570.0
7,0.36589717864990234,0.3758922815322876,0.7040426,22.788916,0.75930256,11.039402,0.32260776,0.3178837478160859,0.7334718108177185,0.780984103679657,3168.0
8,0.3479642868041992,0.4132896363735199,0.6799144,6.5036426,0.5423729,44.157864,0.25350142,0.24967385530471797,0.733137845993042,0.5801302194595337,2570.0
9,0.3406207859516144,0.4071846902370453,0.6713165,19.654087,0.58388376,49.05284,0.2994843,0.2952411651611329,0.6993464231491089,0.590527355670929,1639.0
