,rmses,IR_rmses,rater0_sample_top_dice,rater0_sample_best_avd,rater1_sample_top_dice,rater1_sample_best_avd,GED_vol_sorted,GED_dice_sorted,rater0_best_dice_dsorted_ss7,rater1_best_dice_dsorted_ss7,mean_gt_vols
0,0.3290688097476959,0.39824357628822327,0.7480632,26.365349,0.5168372,2.5777104,0.29498428,0.2935910579704103,0.7600882649421692,0.5345911979675293,3177.5
1,0.30440786480903625,0.3751552999019623,0.79121983,19.518814,0.71597636,0.56643856,0.2028851,0.20213505483808966,0.8060221076011658,0.7379022240638733,4882.5
2,0.31122303009033203,0.3419407606124878,0.6440678,0.88809943,0.43071786,41.949154,0.12108508,0.12093908091386169,0.7252124547958374,0.46278315782546997,399.5
3,0.38942083716392517,0.4041810631752014,0.6490658,25.513819,0.52703315,8.608696,0.3814056,0.3742660773651941,0.6779949069023132,0.5769420862197876,1280.5
4,0.38567662239074707,0.4258844554424286,0.61994475,47.354298,0.6530679,18.80544,0.42093256,0.4179346078918095,0.635405957698822,0.6884283423423767,4299.0
5,0.4036916494369507,0.44266781210899353,0.65900874,35.57188,0.53594995,54.730892,0.4470152,0.44594316752183993,0.6698214411735535,0.5451756119728088,3464.0
6,0.3678528368473053,0.41268718242645264,0.5842055,11.985688,0.42311278,15.318416,0.35432178,0.33537127219495316,0.6528835892677307,0.48743170499801636,570.0
7,0.4009481370449066,0.3992791771888733,0.6937707,31.04363,0.7173954,20.550272,0.39190802,0.3897599081198375,0.7048364281654358,0.7341673374176025,3168.0
8,0.3932735025882721,0.4413241147994995,0.69242656,31.685743,0.5186493,59.19826,0.40244433,0.40048611164093006,0.7091482877731323,0.5219132304191589,2570.0
9,0.3590421676635742,0.4471985399723053,0.6961326,29.245285,0.5395733,55.134594,0.3869358,0.38412347364993316,0.7160019278526306,0.5490334033966064,1639.0
